Date,"O, cm-3 (100 km)","O, cm-3 (150 km)","O, cm-3 (200 km)","O, cm-3 (250 km)","O, cm-3 (300 km)","O, cm-3 (350 km)","O, cm-3 (400 km)","O, cm-3 (450 km)","O, cm-3 (500 km)","O, cm-3 (550 km)","O, cm-3 (600 km)","O, cm-3 (650 km)","O, cm-3 (700 km)","O, cm-3 (750 km)","O, cm-3 (800 km)","O, cm-3 (850 km)","O, cm-3 (900 km)","O, cm-3 (950 km)","O, cm-3 (1000 km)"
01/01/1996,525900000000,13000000000,2593000000,697000000,199200000,58440000,17480000,5327000,1651000,520800,167000,54420,18020,6060,2070,717.5,252.4,90.06,32.59
01/02/1996,536700000000,13600000000,2711000000,729800000,209100000,61500000,18450000,5636000,1752000,553800,178000,58150,19300,6508,2228,774.1,273,97.63,35.41
01/03/1996,572900000000,15050000000,2912000000,759800000,210700000,59970000,17410000,5152000,1551000,475400,148200,46970,15130,4954,1647,556.3,190.7,66.33,23.41
01/04/1996,571100000000,16900000000,3291000000,882300000,253100000,74680000,22480000,6889000,2148000,681400,219800,72020,23980,8111,2785,970.7,343.3,123.1,44.79
01/05/1996,526800000000,15510000000,3014000000,801900000,227800000,66520000,19820000,6011000,1856000,582800,186100,60410,19920,6675,2271,784.3,274.8,97.72,35.24
01/06/1996,455400000000,12740000000,2493000000,653100000,181500000,51770000,15060000,4463000,1346000,413300,129000,40970,13220,4335,1444,488.2,167.6,58.39,20.64
01/07/1996,406900000000,11490000000,2285000000,603300000,168600000,48290000,14110000,4199000,1272000,392000,122900,39170,12690,4177,1397,474.1,163.4,57.12,20.26
01/08/1996,414300000000,12490000000,2527000000,691100000,201300000,60190000,18350000,5697000,1799000,577700,188600,62560,21080,7212,2505,883,315.8,114.5,42.12
01/09/1996,478300000000,14380000000,2805000000,739200000,207200000,59640000,17510000,5237000,1594000,493700,155500,49800,16210,5359,1800,613.6,212.4,74.57,26.56
01/10/1996,539600000000,16460000000,3154000000,824100000,229500000,65680000,19180000,5704000,1727000,532000,166700,53100,17200,5658,1891,641.5,220.9,77.22,27.38
01/11/1996,569000000000,16240000000,3149000000,835600000,236700000,68910000,20470000,6191000,1906000,596800,190100,61520,20240,6762,2294,790.3,276.2,97.97,35.24
01/12/1996,557200000000,14480000000,2916000000,814400000,244200000,75380000,23730000,7602000,2477000,820100,275900,94300,32720,11530,4120,1494,549.2,204.7,77.36
01/01/1997,527300000000,13080000000,2629000000,709200000,203200000,59720000,17900000,5464000,1697000,536000,172200,56200,18640,6280,2148,745.9,262.8,93.93,34.04
01/02/1997,540200000000,13410000000,2655000000,701800000,196700000,56550000,16580000,4953000,1506000,465700,146500,46860,15230,5031,1688,574.7,198.7,69.69,24.79
01/03/1997,559300000000,15900000000,3183000000,873300000,256200000,77270000,23770000,7442000,2370000,767600,252600,84490,28700,9899,3465,1231,443.6,162.1,60.05
01/04/1997,571800000000,17240000000,3417000000,941600000,278700000,84910000,26390000,8348000,2686000,878700,292100,98650,33830,11780,4163,1492,542.7,200.1,74.8
01/05/1997,507500000000,17380000000,3554000000,1023000000,318400000,102100000,33410000,11120000,3763000,1293000,451400,160000,57530,20990,7767,2914,1108,427.1,166.8
01/06/1997,455700000000,13140000000,2618000000,708200000,204100000,60430000,18240000,5608000,1754000,557900,180400,59290,19800,6713,2311,807.6,286.3,103,37.55
01/07/1997,412500000000,11340000000,2249000000,588500000,162600000,46080000,13320000,3919000,1174000,358200,111100,35050,11240,3663,1213,407.6,139.1,48.18,16.93
01/08/1997,419200000000,12150000000,2446000000,650700000,183000000,52750000,15500000,4641000,1414000,438300,138200,44280,14420,4774,1604,547.5,189.6,66.64,23.76
01/09/1997,491900000000,14760000000,3048000000,873000000,268700000,85120000,27490000,9033000,3017000,1024000,352900,123500,43890,15820,5786,2146,806.7,307.4,118.7
01/10/1997,513400000000,19990000000,4311000000,1338000000,453600000,159100000,56920000,20710000,7647000,2866000,1089000,419800,164000,64910,26030,10570,4348,1810,762.7
01/11/1997,573400000000,17960000000,3799000000,1142000000,372500000,125400000,43070000,15040000,5334000,1921000,701800,260200,97830,37300,14410,5643,2238,899.3,365.8
01/12/1997,573000000000,15540000000,3356000000,1034000000,347000000,120300000,42540000,15290000,5580000,2067000,776500,295900,114300,44740,17750,7132,2902,1196,498.6
01/01/1998,547600000000,13800000000,2987000000,903300000,294800000,99150000,33990000,11840000,4193000,1507000,549500,203300,76310,29040,11200,4377,1733,695.1,282.2
01/02/1998,549200000000,14560000000,3134000000,930200000,296500000,97190000,32470000,11030000,3809000,1335000,475300,171700,62920,23390,8816,3368,1304,511.6,203.3
01/03/1998,577900000000,17420000000,3833000000,1188000000,398500000,137900000,48640000,17440000,6348000,2345000,878900,334100,128700,50280,19900,7976,3238,1331,553.7
01/04/1998,618100000000,17990000000,3927000000,1219000000,411500000,143400000,50920000,18380000,6738000,2506000,945500,361700,140300,55140,21960,8858,3618,1496,626.2
01/05/1998,552800000000,17760000000,3957000000,1258000000,435800000,155900000,56900000,21100000,7938000,3030000,1173000,460000,182900,73670,30060,12420,5192,2197,940.8
01/06/1998,479600000000,14210000000,3145000000,966700000,320200000,109200000,37930000,13390000,4801000,1747000,645300,241700,91830,35360,13800,5458,2186,886.6,364.1
01/07/1998,436600000000,12830000000,2952000000,954800000,334900000,121100000,44650000,16720000,6352000,2448000,956400,378700,151900,61760,25420,10590,4468,1907,823.4
01/08/1998,431900000000,14910000000,3567000000,1196000000,435200000,163300000,62450000,24240000,9544000,3809000,1540000,631100,261800,110000,46780,20130,8765,3860,1719
01/09/1998,515400000000,18600000000,4517000000,1614000000,640600000,264600000,111700000,47840000,20770000,9130000,4062000,1828000,832100,383000,178200,83820,39830,19120,9274
01/10/1998,555000000000,21420000000,5086000000,1749000000,661400000,259200000,103600000,42080000,17320000,7221000,3050000,1304000,564200,247100,109400,49030,22210,10170,4709
01/11/1998,612400000000,19270000000,4471000000,1483000000,537700000,201400000,76940000,29840000,11740000,4683000,1893000,774900,321300,134900,57340,24660,10730,4723,2102
01/12/1998,590600000000,18300000000,4455000000,1591000000,630300000,259700000,109300000,46690000,20210000,8861000,3931000,1764000,800900,367700,170600,80040,37940,18170,8789
01/01/1999,582400000000,16020000000,3958000000,1417000000,559900000,229600000,96110000,40830000,17570000,7658000,3378000,1508000,680600,310700,143400,66930,31560,15040,7236
01/02/1999,600300000000,15470000000,3661000000,1191000000,417000000,150100000,55020000,20480000,7734000,2963000,1151000,453100,180800,73060,29910,12390,5200,2208,948.3
01/03/1999,600300000000,15470000000,3661000000,1191000000,417000000,150100000,55020000,20480000,7734000,2963000,1151000,453100,180800,73060,29910,12390,5200,2208,948.3
01/04/1999,610700000000,20280000000,4705000000,1545000000,551600000,203300000,76330000,29110000,11260000,4419000,1757000,708000,289000,119500,50000,21180,9080,3938,1727
01/05/1999,554900000000,20180000000,4862000000,1692000000,647600000,256800000,103900000,42660000,17760000,7487000,3197000,1382000,604200,267400,119700,54170,24790,11470,5360
01/06/1999,505500000000,16370000000,4123000000,1497000000,599200000,248600000,105200000,45170000,19650000,8651000,3855000,1738000,792300,365300,170200,80180,38160,18350,8911
01/07/1999,467300000000,15010000000,3934000000,1487000000,621600000,269800000,119400000,53620000,24380000,11210000,5217000,2454000,1167000,560500,272100,133400,66050,33020,16670
01/08/1999,470100000000,15710000000,4105000000,1541000000,638700000,274500000,120300000,53490000,24080000,10970000,5053000,2354000,1109000,527800,253900,123400,60540,30000,15010
01/09/1999,513700000000,19570000000,5011000000,1867000000,770800000,330800000,144900000,64410000,28990000,13210000,6084000,2835000,1335000,635500,305700,148500,72890,36130,18080
01/10/1999,593700000000,22010000000,5475000000,1923000000,736400000,291100000,117200000,47890000,19830000,8319000,3534000,1519000,661300,291200,129700,58430,26610,12250,5701
01/11/1999,621200000000,22160000000,5641000000,2081000000,848100000,358700000,154800000,67760000,30040000,13480000,6121000,2811000,1305000,612400,290500,139200,67420,32970,16280
01/12/1999,614800000000,19100000000,4940000000,1823000000,739000000,310200000,132700000,57560000,25290000,11250000,5063000,2305000,1061000,493800,232300,110400,53040,25730,12610
01/01/2000,563600000000,18660000000,4844000000,1771000000,708000000,292500000,123100000,52530000,22710000,9940000,4403000,1973000,894400,410000,190000,89000,42130,20150,9733
01/02/2000,603200000000,17990000000,4639000000,1665000000,649000000,260900000,106700000,44290000,18620000,7931000,3419000,1492000,658800,294300,132900,60720,28040,13080,6170
01/03/2000,633100000000,22160000000,5937000000,2318000000,1008000000,456200000,210900000,98890000,46940000,22530000,10930000,5357000,2652000,1327000,669900,341500,175800,91270,47820
01/04/2000,651000000000,23870000000,6407000000,2512000000,1098000000,499800000,232400000,109600000,52310000,25240000,12310000,6068000,3021000,1519000,770900,395000,204300,106600,56140
01/05/2000,586300000000,22510000000,6026000000,2305000000,972200000,425000000,189300000,85520000,39100000,18090000,8462000,4002000,1913000,923900,450800,222200,110600,55560,28180
01/06/2000,512700000000,18120000000,4855000000,1819000000,743400000,313700000,134800000,58690000,25890000,11550000,5218000,2383000,1101000,514000,242600,115700,55740,27130,13330
01/07/2000,465500000000,15910000000,4324000000,1622000000,661300000,277800000,118700000,51450000,22580000,10030000,4505000,2048000,941100,437300,205400,97510,46770,22660,11090
01/08/2000,466100000000,16650000000,4421000000,1626000000,649700000,267500000,112100000,47630000,20500000,8933000,3939000,1758000,793300,362100,167100,77950,36750,17500,8422
01/09/2000,522100000000,20220000000,5316000000,1986000000,814800000,345900000,149600000,65610000,29140000,13100000,5956000,2739000,1274000,598700,284400,136500,66200,32420,16030
01/10/2000,596700000000,22900000000,5921000000,2241000000,944000000,413800000,185100000,84070000,38650000,17980000,8454000,4019000,1931000,937500,459800,227700,113900,57510,29310
01/11/2000,634200000000,22240000000,5773000000,2188000000,921400000,403600000,180500000,81860000,37600000,17470000,8208000,3898000,1871000,907600,444700,220100,110000,55480,28250
01/12/2000,614600000000,19110000000,4972000000,1876000000,783600000,340200000,150700000,67690000,30790000,14170000,6598000,3105000,1477000,710100,344900,169200,83830,41930,21180
01/01/2001,595400000000,16420000000,4227000000,1543000000,617100000,255300000,107600000,45980000,19910000,8729000,3873000,1738000,789100,362200,168100,78860,37380,17900,8660
01/02/2001,593200000000,17200000000,4353000000,1563000000,614200000,249600000,103400000,43430000,18490000,7970000,3478000,1536000,686000,310000,141600,65420,30540,14410,6868
01/03/2001,638700000000,19610000000,4916000000,1724000000,657100000,258200000,103300000,41950000,17260000,7196000,3038000,1299000,561800,245900,108900,48780,22090,10120,4681
01/04/2001,648800000000,25570000000,6690000000,2614000000,1151000000,530500000,250300000,119900000,58160000,28520000,14140000,7077000,3578000,1827000,941400,489600,257000,136100,72680
01/05/2001,606100000000,20100000000,5166000000,1929000000,797800000,342700000,150200000,66760000,30060000,13690000,6309000,2940000,1385000,659200,317100,154100,75640,37490,18760
01/06/2001,499700000000,17030000000,4317000000,1542000000,600700000,241700000,99030000,41170000,17340000,7398000,3195000,1397000,617800,276400,125100,57220,26460,12370,5842
01/07/2001,448400000000,14380000000,3622000000,1277000000,489400000,193500000,77920000,31840000,13180000,5529000,2349000,1010000,439500,193500,86190,38830,17680,8141,3788
01/08/2001,464900000000,15950000000,4065000000,1410000000,526300000,201900000,78760000,31180000,12510000,5090000,2097000,875100,369800,158100,68450,29970,13270,5946,2692
01/09/2001,541800000000,19070000000,5060000000,1907000000,789700000,338400000,147700000,65380000,29300000,13290000,6095000,2828000,1326000,628500,301100,145700,71220,35150,17520
01/10/2001,576300000000,27580000000,7839000000,3219000000,1474000000,703000000,342200000,168900000,84320000,42530000,21670000,11150000,5791000,3036000,1606000,857000,461300,250500,137100
01/11/2001,623800000000,26410000000,7466000000,3034000000,1369000000,642900000,307800000,149400000,73360000,36410000,18250000,9242000,4725000,2439000,1270000,667900,354200,189500,102300
01/12/2001,629500000000,21580000000,6131000000,2467000000,1095000000,503700000,236100000,112100000,53890000,26180000,12850000,6373000,3192000,1615000,824500,425000,221100,116100,61460
01/01/2002,603600000000,19130000000,5464000000,2211000000,988400000,458200000,216500000,103700000,50210000,24580000,12160000,6077000,3067000,1563000,804000,417400,218700,115600,61640
01/02/2002,610000000000,20090000000,5687000000,2295000000,1025000000,475000000,224500000,107600000,52140000,25540000,12640000,6323000,3193000,1628000,838200,435400,228300,120700,64420
01/03/2002,645500000000,21740000000,5944000000,2316000000,995600000,443600000,201400000,92740000,43210000,20360000,9700000,4670000,2272000,1117000,554400,277900,140600,71850,37040
01/04/2002,638500000000,24080000000,6425000000,2498000000,1081000000,487000000,223900000,104400000,49310000,23540000,11360000,5540000,2729000,1358000,682500,346300,177300,91660,47800
01/05/2002,607400000000,20640000000,5343000000,1960000000,787000000,326700000,138200000,59250000,25740000,11320000,5036000,2267000,1032000,475300,221200,104100,49470,23760,11520
01/06/2002,516000000000,16450000000,4214000000,1558000000,635400000,268900000,116000000,50790000,22520000,10110000,4588000,2107000,978200,459100,217800,104400,50540,24720,12210
01/07/2002,446900000000,15430000000,4024000000,1472000000,587400000,242100000,101600000,43220000,18630000,8132000,3592000,1605000,725600,331700,153300,71620,33810,16130,7771
01/08/2002,456400000000,17280000000,4668000000,1814000000,780600000,349000000,159100000,73600000,34450000,16310000,7806000,3776000,1845000,910900,454200,228700,116200,59610,30860
01/09/2002,527400000000,19840000000,5270000000,1994000000,830200000,357900000,157200000,70040000,31590000,14410000,6653000,3105000,1465000,698500,336500,163800,80520,39970,20030
01/10/2002,554100000000,26320000000,6946000000,2627000000,1096000000,474200000,209100000,93540000,42360000,19410000,8996000,4215000,1996000,955600,462200,225800,111400,55500,27920
01/11/2002,627500000000,21560000000,5449000000,2006000000,817300000,345900000,149400000,65480000,29070000,13060000,5935000,2728000,1268000,595800,282900,135700,65790,32210,15920
01/12/2002,587800000000,19900000000,5083000000,1866000000,754800000,316500000,135300000,58710000,25800000,11480000,5164000,2351000,1082000,503700,237000,112600,54100,26250,12860
01/01/2003,571900000000,16180000000,3954000000,1344000000,494700000,187600000,72410000,28380000,11280000,4542000,1854000,766200,320700,135900,58290,25300,11110,4931,2214
01/02/2003,570400000000,16790000000,4057000000,1383000000,512900000,196500000,76670000,30370000,12200000,4967000,2048000,855600,361800,154900,67090,29400,13030,5842,2648
01/03/2003,599300000000,18540000000,4364000000,1471000000,543300000,207500000,80810000,31960000,12820000,5210000,2145000,894600,377800,161500,69840,30570,13530,6057,2741
01/04/2003,618100000000,20980000000,4945000000,1729000000,672700000,272700000,112900000,47510000,20260000,8751000,3826000,1693000,757500,342900,157000,72640,33970,16060,7666
01/05/2003,546000000000,20940000000,5019000000,1788000000,710800000,294700000,124900000,53770000,23460000,10360000,4631000,2094000,957800,442900,207000,97810,46690,22510,10960
01/06/2003,470000000000,16430000000,3921000000,1332000000,494800000,189900000,74330000,29530000,11900000,4857000,2009000,841300,356800,153100,66510,29220,12990,5837,2652
01/07/2003,438500000000,13520000000,3232000000,1089000000,399500000,151200000,58330000,22840000,9069000,3650000,1489000,615000,257300,108900,46700,20250,8886,3943,1769
01/08/2003,419600000000,15350000000,3648000000,1212000000,436700000,162200000,61370000,23580000,9188000,3630000,1454000,589800,242400,100900,42490,18120,7817,3412,1506
01/09/2003,492300000000,16960000000,3889000000,1261000000,443900000,161300000,59740000,22480000,8579000,3321000,1303000,518500,208900,85290,35260,14750,6249,2678,1161
01/10/2003,572200000000,20090000000,4696000000,1594000000,595400000,230500000,91060000,36530000,14860000,6123000,2556000,1081000,462400,200300,87760,38900,17440,7904,3621
01/11/2003,670300000000,24770000000,6096000000,2278000000,963300000,427600000,194600000,89990000,42160000,19980000,9578000,4640000,2271000,1123000,560500,282600,143800,73890,38300
01/12/2003,588700000000,18040000000,4373000000,1545000000,603400000,244700000,101300000,42570000,18130000,7820000,3414000,1508000,674200,304800,139300,64400,30080,14200,6771
01/01/2004,520600000000,15350000000,3788000000,1280000000,465600000,174300000,66420000,25700000,10080000,4009000,1616000,659800,272900,114300,48430,20780,9018,3959,1758
01/02/2004,557100000000,15300000000,3435000000,1068000000,357700000,123300000,43290000,15450000,5597000,2058000,767900,290500,111500,43350,17080,6818,2756,1128,467.5
01/03/2004,581000000000,18100000000,4077000000,1315000000,463700000,169000000,62840000,23740000,9098000,3537000,1394000,556500,225200,92280,38290,16080,6838,2941,1280
01/04/2004,619300000000,18100000000,3950000000,1245000000,428900000,152900000,55590000,20550000,7708000,2933000,1132000,442800,175600,70520,28690,11820,4929,2080,888.5
01/05/2004,542500000000,17330000000,3766000000,1155000000,384100000,131700000,46010000,16340000,5895000,2158000,801700,302000,115400,44690,17540,6972,2808,1145,472.5
01/06/2004,458400000000,14870000000,3303000000,1035000000,351400000,123100000,43990000,15970000,5884000,2200000,834300,320800,125100,49410,19770,8015,3290,1367,574.7
01/07/2004,422300000000,12860000000,2869000000,866100000,279100000,92350000,31120000,10660000,3710000,1311000,470300,171200,63230,23680,8992,3461,1350,533.2,213.3
01/08/2004,436300000000,13570000000,3044000000,924100000,299600000,99750000,33820000,11650000,4079000,1450000,523100,191500,71120,26780,10220,3956,1551,615.9,247.7
01/09/2004,496000000000,16050000000,3516000000,1060000000,343200000,114200000,38720000,13350000,4673000,1661000,599500,219500,81530,30710,11730,4538,1779,706.7,284.3
01/10/2004,569000000000,18030000000,3873000000,1159000000,373500000,123900000,41900000,14400000,5030000,1784000,642100,234500,86910,32660,12440,4804,1879,744.7,298.9
01/11/2004,607700000000,18580000000,4115000000,1341000000,482100000,180000000,68650000,26600000,10460000,4169000,1684000,689200,285600,119900,50920,21890,9520,4188,1863
01/12/2004,561000000000,16590000000,3722000000,1198000000,421600000,153500000,56970000,21490000,8225000,3193000,1257000,501100,202500,82870,34350,14410,6118,2629,1142
01/01/2005,514400000000,14290000000,3351000000,1068000000,365100000,128200000,45870000,16660000,6145000,2299000,872700,335800,131000,51790,20740,8412,3455,1436,604.4
01/02/2005,555000000000,14330000000,3067000000,896500000,280400000,90100000,29500000,9827000,3326000,1144000,399400,141600,50940,18590,6883,2583,982.9,378.9,148
01/03/2005,573600000000,16600000000,3497000000,1011000000,313000000,99630000,32320000,10670000,3578000,1219000,422000,148300,52900,19150,7029,2617,987.5,377.7,146.4
01/04/2005,593800000000,17440000000,3595000000,1024000000,312800000,98260000,31480000,10260000,3399000,1144000,391400,136000,47930,17150,6226,2292,855.6,323.7,124.1
01/05/2005,532900000000,18190000000,3972000000,1258000000,437400000,157500000,57880000,21620000,8197000,3152000,1229000,485600,194500,78890,32410,13480,5675,2418,1042
01/06/2005,472100000000,14110000000,3074000000,937600000,308900000,104900000,36280000,12760000,4558000,1653000,608100,227000,85910,32970,12820,5052,2017,815.3,333.7
01/07/2005,416000000000,12870000000,2846000000,880500000,294500000,101500000,35680000,12740000,4620000,1700000,634900,240400,92300,35920,14160,5659,2289,937.8,388.9
01/08/2005,426600000000,13410000000,2950000000,911600000,305000000,105200000,37000000,13230000,4800000,1768000,660700,250400,96220,37480,14790,5913,2394,981.6,407.3
01/09/2005,473100000000,15690000000,3301000000,962000000,301300000,97100000,31900000,10660000,3620000,1249000,437400,155600,56130,20550,7631,2873,1096,423.8,166
01/10/2005,530700000000,17990000000,3684000000,1049000000,321000000,101100000,32460000,10610000,3524000,1190000,407900,142000,50200,18010,6552,2418,904.6,343,131.8
01/11/2005,562300000000,17590000000,3607000000,1038000000,322600000,103300000,33710000,11200000,3780000,1296000,451600,159700,57300,20860,7705,2885,1095,421.2,164.2
01/12/2005,542100000000,16190000000,3454000000,1052000000,348500000,119300000,41680000,14800000,5340000,1955000,726200,273600,104500,40480,15890,6316,2543,1037,428.1
01/01/2006,516500000000,13090000000,2893000000,844800000,261300000,82820000,26740000,8781000,2931000,994000,342400,119800,42520,15320,5599,2075,779.6,296.9,114.6
01/02/2006,547700000000,13470000000,2711000000,732900000,210400000,62010000,18630000,5699000,1774000,561600,180800,59150,19660,6637,2275,791.6,279.5,100.1,36.35
01/03/2006,571400000000,15690000000,3167000000,875200000,258600000,78530000,24320000,7665000,2457000,801000,265300,89290,30520,10590,3730,1333,483.1,177.6,66.16
01/04/2006,604100000000,16400000000,3263000000,900100000,266500000,81150000,25210000,7972000,2564000,838200,278500,94020,32230,11220,3962,1420,516.1,190.2,71.07
01/05/2006,560600000000,15720000000,3208000000,926800000,289700000,93390000,30710000,10270000,3493000,1206000,423000,150600,54410,19940,7412,2793,1067,413,161.9
01/06/2006,455600000000,13730000000,2842000000,809900000,247500000,77770000,24920000,8123000,2692000,906500,310100,107700,37990,13600,4936,1818,678.6,256.8,98.48
01/07/2006,419600000000,11510000000,2351000000,650100000,191400000,57880000,17840000,5598000,1787000,579800,191200,64070,21800,7535,2643,940.5,339.5,124.3,46.13
01/08/2006,412400000000,12580000000,2575000000,705100000,205000000,61140000,18590000,5754000,1812000,580200,188900,62470,20990,7164,2482,872.5,311.2,112.6,41.3
01/09/2006,469000000000,15310000000,3131000000,885500000,268800000,83970000,26740000,8668000,2856000,956500,325400,112400,39440,14040,5071,1858,690,259.8,99.14
01/10/2006,520000000000,18440000000,3786000000,1097000000,343700000,111100000,36620000,12280000,4185000,1449000,509200,181700,65800,24170,9003,3400,1302,504.8,198.3
01/11/2006,569200000000,17090000000,3458000000,979200000,298700000,93870000,30090000,9812000,3253000,1096000,375100,130400,46000,16470,5983,2204,823.2,311.7,119.6
01/12/2006,554500000000,15000000000,3093000000,885700000,272700000,86420000,27930000,9182000,3069000,1042000,359500,125900,44750,16140,5906,2192,824.4,314.3,121.4
01/01/2007,525900000000,13730000000,2872000000,826300000,255000000,80920000,26180000,8616000,2883000,979900,338300,118600,42200,15240,5580,2072,780.3,297.8,115.1
01/02/2007,542600000000,13970000000,2872000000,813500000,247100000,77170000,24580000,7966000,2625000,879000,299000,103300,36240,12900,4659,1707,633.9,238.7,91.07
01/03/2007,563500000000,15790000000,3164000000,870400000,256200000,77500000,23920000,7512000,2400000,779700,257400,86350,29420,10180,3572,1273,459.9,168.5,62.6
01/04/2007,552700000000,18430000000,3735000000,1066000000,328800000,104500000,33900000,11190000,3754000,1279000,442900,155700,55540,20100,7381,2748,1037,396.8,153.8
01/05/2007,538000000000,16000000000,3211000000,906800000,276400000,86800000,27810000,9069000,3006000,1013000,346600,120400,42490,15210,5524,2035,759.9,287.7,110.3
01/06/2007,457200000000,13220000000,2658000000,727900000,212700000,63870000,19550000,6094000,1932000,622900,204100,67970,22990,7895,2752,973.6,349.4,127.2,46.93
01/07/2007,413100000000,11340000000,2256000000,595700000,166500000,47740000,13960000,4155000,1259000,388400,121800,38850,12590,4148,1387,471.2,162.4,56.83,20.17
01/08/2007,405300000000,12500000000,2499000000,665200000,187600000,54260000,16010000,4808000,1470000,457200,144600,46510,15200,5046,1702,582.5,202.4,71.33,25.51
01/09/2007,465600000000,14600000000,2847000000,749300000,209700000,60250000,17660000,5272000,1602000,495300,155800,49800,16180,5342,1791,609.8,210.7,73.88,26.28
01/10/2007,529400000000,16620000000,3174000000,824600000,228200000,64860000,18810000,5558000,1672000,511700,159300,50440,16230,5309,1764,594.9,203.7,70.78,24.95
01/11/2007,561800000000,16410000000,3168000000,837400000,236300000,68540000,20280000,6113000,1875000,585200,185700,59900,19640,6540,2212,759.5,264.6,93.56,33.55
01/12/2007,548500000000,14380000000,2832000000,757100000,215700000,63100000,18830000,5724000,1770000,556900,178100,57920,19140,6422,2188,757,265.7,94.62,34.17
01/01/2008,529000000000,12970000000,2595000000,700000000,200800000,59140000,17760000,5430000,1690000,534700,172000,56260,18690,6308,2161,751.7,265.3,94.97,34.48
01/02/2008,522300000000,14290000000,2898000000,800900000,236300000,71640000,22150000,6970000,2231000,726000,240100,80690,27540,9541,3355,1197,433.3,159.1,59.18
01/03/2008,549800000000,16380000000,3284000000,906400000,267900000,81460000,25260000,7972000,2559000,835200,277000,93340,31940,11100,3913,1400,508,186.9,69.74
01/04/2008,585100000000,16490000000,3202000000,860500000,247800000,73420000,22190000,6831000,2139000,681400,220700,72610,24280,8242,2841,994,352.9,127,46.39
01/05/2008,447900000000,12980000000,2541000000,669300000,187300000,53800000,15760000,4704000,1429000,441600,138800,44370,14410,4756,1594,542.5,187.4,65.68,23.35
01/06/2008,522300000000,15720000000,3067000000,820100000,234300000,68820000,20620000,6291000,1953000,616800,198000,64630,21430,7218,2468,856.8,301.8,107.8,39.07
01/07/2008,408000000000,11160000000,2158000000,546400000,145800000,39860000,11120000,3161000,915400,269900,80990,24730,7677,2423,777.4,253.4,83.86,28.18,9.614
01/08/2008,418200000000,11620000000,2211000000,545900000,141700000,37670000,10220000,2828000,797000,228800,66900,19900,6025,1855,580.4,184.6,59.66,19.58,6.524
01/09/2008,478800000000,13890000000,2614000000,649300000,170200000,45770000,12560000,3513000,1001000,290500,85840,25810,7892,2454,775.9,249.2,81.32,26.95,9.065
01/10/2008,530100000000,16750000000,3210000000,840300000,234600000,67300000,19700000,5874000,1783000,550500,172900,55220,17920,5910,1980,673.2,232.4,81.39,28.92
01/11/2008,566100000000,16040000000,3057000000,794800000,220200000,62700000,18220000,5391000,1624000,497900,155300,49240,15870,5198,1729,584.1,200.3,69.7,24.61
01/12/2008,553300000000,13720000000,2615000000,665300000,179200000,49540000,13970000,4016000,1176000,350300,106200,32770,10280,3277,1062,349.4,116.8,39.62,13.64
01/01/2009,517900000000,13070000000,2583000000,685100000,192900000,55730000,16420000,4929000,1506000,468000,147900,47530,15520,5150,1735,593.5,206,72.58,25.93
01/02/2009,540000000000,13080000000,2525000000,643600000,173300000,47870000,13490000,3872000,1132000,337000,102100,31460,9856,3139,1016,334.1,111.5,37.8,13
01/03/2009,575800000000,14670000000,2796000000,712100000,192100000,53170000,15020000,4322000,1267000,378000,114800,35440,11130,3553,1153,379.8,127.1,43.16,14.88
01/04/2009,583800000000,16230000000,3102000000,808600000,224700000,64160000,18690000,5548000,1676000,515300,161100,51230,16550,5436,1813,614,211.1,73.63,26.06
01/05/2009,536200000000,15240000000,2935000000,770400000,215500000,61960000,18170000,5428000,1651000,510700,160700,51400,16710,5521,1852,630.9,218.1,76.53,27.23
01/06/2009,461300000000,12610000000,2442000000,631900000,173200000,48730000,13980000,4087000,1217000,368500,113600,35600,11340,3673,1208,403.7,136.9,47.15,16.47
01/07/2009,412000000000,11130000000,2162000000,550400000,147700000,40630000,11400000,3259000,949200,281400,84910,26060,8135,2581,832.4,272.7,90.72,30.64,10.5
01/08/2009,419600000000,11590000000,2226000000,557900000,147100000,39770000,10970000,3083000,882700,257400,76400,23080,7089,2215,703.2,226.9,74.35,24.74,8.357
01/09/2009,477600000000,13900000000,2642000000,665200000,177000000,48290000,13450000,3816000,1103000,324600,97250,29640,9187,2895,927.2,301.7,99.7,33.45,11.39
01/10/2009,545700000000,16140000000,3080000000,799000000,220700000,62650000,18140000,5351000,1607000,491100,152700,48270,15510,5065,1680,565.9,193.5,67.15,23.64
01/11/2009,571800000000,16290000000,3169000000,850300000,244200000,72120000,21730000,6667000,2081000,660800,213300,69980,23330,7896,2714,946.8,335.1,120.3,43.81
01/12/2009,559300000000,14050000000,2749000000,724800000,203100000,58390000,17130000,5116000,1556000,481400,151500,48460,15760,5205,1746,594.9,205.7,72.16,25.68
01/01/2010,523000000000,12300000000,2590000000,698100000,197500000,57140000,16860000,5063000,1548000,481300,152200,48950,16000,5310,1790,612.7,212.9,75.02,26.82
01/02/2010,468200000000,14970000000,3113000000,809200000,219900000,61130000,17330000,5004000,1471000,440400,134100,41540,13080,4187,1361,449.7,150.8,51.35,17.74
01/03/2010,468200000000,14970000000,3113000000,809200000,219900000,61130000,17330000,5004000,1471000,440400,134100,41540,13080,4187,1361,449.7,150.8,51.35,17.74
01/04/2010,398800000000,13140000000,2859000000,873600000,292200000,101300000,35920000,12950000,4740000,1761000,663600,253600,98240,38570,15340,6180,2521,1041,435.1
01/05/2010,355500000000,12560000000,2628000000,768500000,245500000,81300000,27510000,9475000,3316000,1178000,424900,155500,57730,21730,8292,3207,1256,498.6,200.4
01/06/2010,207400000000,8853000000,1941000000,596900000,201700000,70870000,25470000,9311000,3457000,1303000,497700,192800,75700,30120,12140,4953,2046,855.7,362.1
01/07/2010,168600000000,7738000000,1720000000,528100000,177100000,61580000,21880000,7906000,2901000,1080000,408100,156300,60690,23880,9518,3843,1571,650.1,272.3
01/08/2010,211700000000,9023000000,1948000000,572100000,181700000,59630000,19970000,6802000,2355000,827800,295400,107000,39300,14640,5532,2118,821.9,323,128.6
01/09/2010,304000000000,11550000000,2447000000,701500000,216400000,68800000,22320000,7365000,2471000,842000,291500,102400,36530,13220,4851,1805,681.1,260.4,100.9
01/10/2010,487700000000,16150000000,3315000000,921500000,275000000,84480000,26480000,8447000,2740000,903700,302800,103000,35610,12490,4445,1605,587.7,218.2,82.08
01/11/2010,585500000000,18750000000,3811000000,1009000000,282500000,81120000,23750000,7081000,2149000,663500,208400,66520,21580,7114,2381,809.4,279.2,97.74,34.7
01/12/2010,597500000000,19110000000,3811000000,946100000,245100000,64940000,17560000,4840000,1359000,388900,113300,33570,10120,3105,968.2,306.8,98.76,32.29,10.72
01/01/2011,538100000000,17310000000,3487000000,860000000,220500000,57830000,15470000,4220000,1173000,332200,95800,28120,8398,2551,788,247.4,78.91,25.57,8.412
01/02/2011,543500000000,14620000000,3123000000,913200000,286000000,92060000,30200000,10080000,3417000,1177000,411700,146200,52680,19260,7140,2684,1023,394.9,154.5
01/03/2011,522000000000,12800000000,2801000000,806900000,245900000,76790000,24430000,7905000,2601000,869500,295300,101900,35680,12680,4574,1673,620.6,233.3,88.91
01/04/2011,589000000000,18420000000,4327000000,1413000000,498800000,181400000,67200000,25290000,9653000,3737000,1467000,583500,235200,96020,39690,16610,7037,3016,1308
01/05/2011,531900000000,17490000000,4100000000,1340000000,474600000,173200000,64420000,24330000,9323000,3623000,1427000,569900,230500,94430,39170,16450,6992,3007,1308
01/06/2011,460300000000,13950000000,3248000000,1039000000,357900000,126800000,45730000,16760000,6235000,2353000,900600,349500,137400,54770,22110,9038,3741,1567,664.4
01/07/2011,402500000000,12250000000,2832000000,867600000,282200000,94100000,31940000,11020000,3861000,1374000,496100,181800,67570,25470,9733,3769,1479,587.9,236.6
01/08/2011,428000000000,12500000000,2923000000,922100000,310800000,107600000,37900000,13560000,4930000,1818000,680200,258100,99300,38720,15300,6124,2482,1019,423.3
01/09/2011,496400000000,15160000000,3569000000,1126000000,379000000,130800000,45970000,16410000,5947000,2187000,816200,308900,118500,46100,18170,7255,2934,1201,497.8
01/10/2011,556400000000,20080000000,5035000000,1778000000,685000000,272600000,110500000,45480000,18960000,8009000,3425000,1483000,649600,287900,129100,58510,26820,12420,5815
01/11/2011,582200000000,20790000000,5334000000,1931000000,763900000,312500000,130300000,55080000,23600000,10240000,4494000,1997000,897200,407800,187400,87070,40880,19390,9294
01/12/2011,574800000000,17020000000,4347000000,1546000000,597200000,238000000,96600000,39780000,16600000,7015000,3002000,1300000,570100,252800,113400,51450,23590,10940,5123
01/01/2012,569500000000,15200000000,3619000000,1222000000,449700000,171000000,66240000,26060000,10400000,4204000,1722000,714600,300200,127700,54970,23940,10550,4700,2117
01/02/2012,556100000000,14680000000,3562000000,1167000000,409200000,147300000,53970000,20080000,7581000,2903000,1127000,443600,176900,71470,29250,12120,5081,2157,926.1
01/03/2012,570800000000,17260000000,4101000000,1331000000,463900000,166300000,60680000,22490000,8460000,3228000,1249000,489700,194600,78360,31950,13190,5515,2333,998.6
01/04/2012,598400000000,17970000000,4212000000,1357000000,470200000,167600000,60830000,22430000,8393000,3186000,1226000,478500,189300,75830,30780,12650,5263,2216,944.3
01/05/2012,555400000000,16660000000,3953000000,1288000000,451900000,163000000,59880000,22340000,8455000,3246000,1264000,498600,199300,80730,33110,13750,5781,2459,1058
01/06/2012,473600000000,14450000000,3575000000,1203000000,434700000,161400000,61010000,23410000,9109000,3594000,1437000,582200,238900,99290,41770,17790,7664,3341,1473
01/07/2012,414400000000,13490000000,3415000000,1182000000,440900000,169200000,66070000,26180000,10520000,4284000,1767000,738100,312200,133700,57910,25380,11250,5046,2287
01/08/2012,440000000000,13140000000,3244000000,1095000000,397500000,148400000,56410000,21770000,8517000,3379000,1358000,553200,228200,95330,40310,17250,7470,3272,1449
01/09/2012,499200000000,15710000000,3775000000,1248000000,444600000,163000000,60850000,23060000,8868000,3457000,1367000,547300,222100,91270,37980,16000,6820,2942,1283
01/10/2012,542500000000,20400000000,5001000000,1749000000,670700000,266200000,107800000,44270000,18440000,7778000,3323000,1437000,628600,278300,124600,56440,25840,11960,5591
01/11/2012,563200000000,19570000000,4734000000,1596000000,583300000,219700000,84300000,32840000,12970000,5196000,2108000,866600,360800,152100,64870,28000,12230,5402,2413
01/12/2012,562900000000,15800000000,3805000000,1248000000,439800000,159300000,58700000,21970000,8344000,3214000,1255000,496700,199200,80920,33290,13870,5846,2494,1077
01/01/2013,545600000000,13530000000,3212000000,1021000000,346500000,120600000,42710000,15370000,5613000,2081000,782400,298300,115300,45180,17940,7213,2937,1211,505.3
01/02/2013,551700000000,14260000000,3365000000,1056000000,352900000,120800000,42110000,14910000,5362000,1957000,724600,272200,115300,45180,17940,7213,2937,1211,505.3
01/03/2013,559900000000,17940000000,4314000000,1435000000,516100000,191100000,72100000,27620000,10730000,4227000,1688000,682700,279800,116100,48780,20740,8925,3885,1710
01/04/2013,604000000000,18090000000,4287000000,1396000000,489100000,176300000,64710000,24120000,9124000,3500000,1362000,536800,214500,86810,35580,14770,6204,2637,1134
01/05/2013,544800000000,19270000000,4790000000,1713000000,674700000,275700000,114900000,48640000,20860000,9056000,3980000,1770000,796200,362200,166600,77480,36410,17290,8294
01/06/2013,440100000000,16480000000,4127000000,1428000000,534600000,206200000,80980000,32280000,13040000,5340000,2215000,930200,395600,170300,74150,32670,14560,6559,2988
01/07/2013,417600000000,12340000000,2961000000,945300000,321200000,111900000,39670000,14290000,5223000,1937000,729000,278200,107600,42200,16760,6746,2749,1134,473.5
01/08/2013,430400000000,12620000000,3001000000,947900000,318400000,109700000,38430000,13680000,4947000,1815000,675500,255000,97620,37880,14890,5933,2393,977.7,404.3
01/09/2013,482300000000,15660000000,3693000000,1181000000,404500000,142300000,50970000,18550000,6849000,2566000,975200,375800,146800,58100,23300,9461,3890,1619,682.2
01/10/2013,563200000000,18250000000,4332000000,1397000000,482600000,171300000,61880000,22710000,8457000,3195000,1224000,475600,187200,74690,30180,12350,5118,2146,910.7
01/11/2013,599800000000,18960000000,4721000000,1650000000,627600000,246400000,98550000,40000000,16460000,6859000,2895000,1237000,535200,234300,103700,46450,21040,9630,4456
01/12/2013,573600000000,17720000000,4596000000,1642000000,634700000,252800000,102400000,42120000,17550000,7404000,3164000,1368000,598900,265200,118800,53800,24640,11400,5334
01/01/2014,569900000000,16760000000,4218000000,1511000000,593100000,240900000,99710000,41880000,17820000,7681000,3350000,1479000,660500,298400,136300,62930,29370,13850,6602
01/02/2014,604200000000,16530000000,4147000000,1483000000,580900000,235500000,97270000,40770000,17320000,7448000,3243000,1429000,636900,287200,130900,60360,28120,13240,6298
01/03/2014,635100000000,18930000000,4696000000,1685000000,667100000,273900000,114700000,48730000,20980000,9147000,4036000,1802000,813600,371500,171500,80060,37760,18000,8663
01/04/2014,635100000000,18930000000,4696000000,1685000000,667100000,273900000,114700000,48730000,20980000,9147000,4036000,1802000,813600,371500,171500,80060,37760,18000,8663
01/05/2014,581100000000,18680000000,4445000000,1510000000,560300000,214900000,84030000,33350000,13420000,5475000,2262000,946800,401100,172000,74650,32770,14550,6535,2967
01/06/2014,500000000000,15250000000,3603000000,1177000000,414600000,150300000,55460000,20790000,7905000,3049000,1192000,472500,189800,77190,31800,13260,5598,2391,1033
01/07/2014,449700000000,13100000000,3122000000,1054000000,387400000,147100000,56930000,22370000,8911000,3598000,1472000,610100,256000,108800,46760,20340,8951,3984,1793
01/08/2014,454700000000,14440000000,3500000000,1216000000,463100000,182600000,73400000,29950000,12390000,5192000,2203000,946500,411500,181000,80570,36260,16500,7591,3529
01/09/2014,504800000000,17320000000,4104000000,1380000000,506000000,191600000,73960000,28980000,11520000,4639000,1893000,782700,327600,138900,59560,25850,11350,5039,2263
01/10/2014,585000000000,21160000000,5167000000,1849000000,733200000,302100000,127100000,54270000,23480000,10290000,4561000,2046000,928300,425900,197600,92620,43880,21000,10150
01/11/2014,619200000000,20990000000,5112000000,1769000000,668800000,261200000,103900000,41970000,17180000,7127000,2994000,1273000,548300,238900,105300,46950,21170,9648,4445
01/12/2014,602600000000,18970000000,4816000000,1781000000,730100000,311200000,135300000,59740000,26710000,12080000,5530000,2559000,1198000,566500,270800,130700,63780,31420,15630
01/01/2015,554500000000,15270000000,3949000000,1388000000,525100000,204200000,80820000,32440000,13200000,5443000,2273000,961200,411500,178300,78130,34640,15530,7043,3228
01/02/2015,571900000000,17270000000,4238000000,1505000000,589400000,239500000,99330000,41810000,17840000,7704000,3369000,1491000,667200,302100,138300,64000,29940,14150,6757
01/03/2015,588800000000,19300000000,4581000000,1565000000,586600000,227700000,90180000,36260000,14780000,6105000,2554000,1082000,464000,201400,88420,39270,17640,8010,3677
01/04/2015,622500000000,19560000000,4539000000,1520000000,558200000,212200000,82300000,32410000,12950000,5240000,2149000,892800,375500,159900,68910,30040,13250,5910,2665
01/05/2015,570200000000,18030000000,4124000000,1330000000,465500000,168000000,61780000,23080000,8747000,3363000,1311000,517900,207300,84090,34540,14360,6045,2575,1109
01/06/2015,484300000000,15220000000,3518000000,1126000000,388700000,138000000,49920000,18340000,6840000,2587000,992600,386100,152200,60780,24590,10080,4179,1754,745.3
01/07/2015,434000000000,12670000000,2876000000,897900000,301300000,103900000,36530000,13040000,4730000,1740000,649700,246000,94430,36740,14490,5786,2341,958.7,397.5
01/08/2015,433400000000,13400000000,3009000000,933400000,311500000,107000000,37410000,13300000,4800000,1758000,653500,246400,94170,36490,14330,5699,2296,936.7,386.9
01/09/2015,495000000000,15340000000,3289000000,971600000,307900000,100400000,33330000,11260000,3863000,1346000,476400,171100,62370,23060,8643,3285,1265,493.7,195.1
01/10/2015,566100000000,19190000000,4267000000,1389000000,498200000,185300000,70400000,27170000,10640000,4224000,1700000,692800,286000,119600,50610,21670,9393,4117,1825
01/11/2015,588600000000,18950000000,4223000000,1368000000,487100000,179700000,67630000,25870000,10040000,3951000,1576000,636900,260700,108100,45370,19280,8287,3604,1585
01/12/2015,557600000000,16950000000,3816000000,1218000000,422500000,151300000,55230000,20480000,7711000,2944000,1140000,447500,178000,71720,29270,12100,5060,2142,917.5
01/01/2016,511500000000,15020000000,3611000000,1184000000,417500000,151300000,55850000,20930000,7960000,3070000,1200000,475700,191000,77690,32000,13340,5632,2406,1040
01/02/2016,559400000000,14740000000,3246000000,995600000,329300000,112200000,38930000,13740000,4922000,1790000,660600,247300,93880,36130,14090,5568,2229,903.4,370.7
01/03/2016,586500000000,16540000000,3539000000,1055000000,338600000,111900000,37730000,12930000,4500000,1591000,571000,207900,76820,28780,10930,4209,1642,649,259.7
01/04/2016,603100000000,17020000000,3491000000,989900000,301200000,94240000,30070000,9760000,3221000,1080000,368100,127400,44750,15950,5770,2117,787.4,296.9,113.5
01/05/2016,532300000000,17330000000,3706000000,1132000000,376200000,129200000,45230000,16110000,5823000,2137000,795700,300500,115100,44660,17560,6998,2824,1154,477.3
01/06/2016,465700000000,13500000000,2835000000,823100000,256600000,82270000,26890000,8941000,3021000,1037000,361600,128000,45970,16750,6193,2321,881.7,339.4,132.4
01/07/2016,413400000000,11940000000,2488000000,692500000,204600000,61990000,19150000,6018000,1924000,625300,206600,69340,23640,8180,2874,1024,370.3,135.8,50.47
01/08/2016,429400000000,12100000000,2457000000,656100000,185100000,53480000,15760000,4729000,1444000,448800,141800,45560,14870,4933,1662,568.3,197.3,69.47,24.82
01/09/2016,469300000000,16660000000,3587000000,1097000000,364100000,124800000,43660000,15520000,5602000,2053000,763100,287700,110000,42630,16740,6661,2684,1095,452.4
01/10/2016,530200000000,18440000000,3830000000,1123000000,356100000,116400000,38840000,13170000,4541000,1590000,565100,203900,74620,27700,10430,3979,1539,602.9,239.2
01/11/2016,559200000000,17550000000,3588000000,1029000000,318700000,101700000,33080000,10950000,3685000,1260000,437300,154100,55150,20020,7370,2751,1041,399.3,155.2
01/12/2016,557300000000,14350000000,2874000000,792600000,234100000,71100000,22020000,6944000,2227000,726200,240600,81010,27700,9614,3387,1211,439,161.4,60.16
01/01/2017,515900000000,13690000000,2807000000,785300000,234700000,72090000,22580000,7194000,2332000,768200,257200,87450,30200,10580,3765,1359,497.3,184.5,69.41
01/02/2017,518900000000,14870000000,3088000000,886000000,273000000,86540000,27980000,9200000,3076000,1045000,360400,126300,44890,16200,5928,2200,827.8,315.7,122
01/03/2017,547600000000,17210000000,3586000000,1052000000,334200000,109400000,36550000,12410000,4285000,1502000,534700,193100,70780,26310,9916,3789,1467,575.4,228.6
01/04/2017,575000000000,17940000000,3667000000,1068000000,337400000,110000000,36630000,12400000,4268000,1491000,529200,190600,69630,25810,9699,3695,1427,558,221.1
01/05/2017,539400000000,15720000000,3131000000,863400000,255400000,77720000,24120000,7622000,2449000,800100,265600,89600,30690,10670,3767,1349,490,180.5,67.38
01/06/2017,458000000000,13280000000,2684000000,738900000,217000000,65480000,20150000,6310000,2010000,651000,214300,71690,24360,8402,2942,1045,376.7,137.7,51.02
01/07/2017,403600000000,12010000000,2459000000,675600000,197200000,59070000,18040000,5607000,1773000,570100,186400,61900,20880,7154,2488,878.1,314.4,114.2,42.03
01/08/2017,423300000000,12120000000,2455000000,657700000,186300000,54080000,16010000,4825000,1480000,461900,146600,47290,15500,5163,1746,599.6,209,73.87,26.49
01/09/2017,472100000000,15680000000,3278000000,960200000,303500000,98860000,32840000,11090000,3808000,1328000,470000,168900,61560,22760,8537,3245,1250,488,193
01/10/2017,472100000000,15680000000,3278000000,960200000,303500000,98860000,32840000,11090000,3808000,1328000,470000,168900,61560,22760,8537,3245,1250,488,193
01/11/2017,573400000000,16330000000,3194000000,861100000,248600000,73790000,22350000,6890000,2162000,689700,223700,73730,24690,8397,2899,1016,361.1,130.2,47.62
01/12/2017,540600000000,14740000000,2931000000,798700000,232700000,69690000,21290000,6621000,2095000,673900,220400,73230,24720,8472,2948,1041,372.8,135.4,49.88
01/01/2018,501000000000,12900000000,2735000000,751800000,217500000,64420000,19450000,5976000,1868000,594000,192000,63080,21060,7137,2456,858,304.1,109.3,39.85
01/02/2018,539500000000,13150000000,2550000000,653900000,177200000,49260000,13970000,4034000,1187000,355400,108300,33570,10580,3389,1103,364.6,122.4,41.71,14.42
01/03/2018,567700000000,15010000000,2890000000,747300000,205000000,57740000,16590000,4856000,1447000,439000,135500,42510,13560,4397,1448,484.5,164.5,56.71,19.83
01/04/2018,580000000000,16300000000,3111000000,808300000,223800000,63680000,18480000,5466000,1645000,504100,157100,49770,16030,5246,1744,588.7,201.7,70.15,24.75
01/05/2018,539400000000,15120000000,2905000000,759500000,211600000,60570000,17690000,5262000,1593000,490900,153900,49020,15880,5224,1746,592.6,204.1,71.35,25.3
01/06/2018,440300000000,14250000000,2931000000,838000000,257700000,81580000,26340000,8652000,2889000,980200,337800,118200,41990,15130,5533,2051,771.1,293.8,113.4
01/07/2018,415000000000,11100000000,2167000000,553800000,149200000,41200000,11600000,3330000,973200,289600,87690,27010,8460,2694,871.5,286.4,95.6,32.39,11.14
01/08/2018,416700000000,11840000000,2311000000,592200000,160100000,44330000,12530000,3607000,1058000,315600,95870,29620,9306,2972,964.3,317.8,106.4,36.15,12.46
01/09/2018,475600000000,13970000000,2660000000,671300000,179000000,48970000,13670000,3887000,1126000,332200,99740,30470,9464,2989,959.2,312.8,103.6,34.82,11.88
01/10/2018,529400000000,16790000000,3238000000,855900000,241600000,70080000,20750000,6254000,1919000,598900,190100,61350,20120,6701,2267,778.5,271.3,95.95,34.42
01/11/2018,561900000000,16340000000,3144000000,828700000,233300000,67490000,19920000,5990000,1833000,570700,180700,58160,19020,6322,2133,730.9,254.2,89.67,32.09
01/12/2018,539300000000,14550000000,2854000000,761300000,216500000,63230000,18840000,5717000,1765000,554500,177100,57500,18970,6357,2163,747.2,261.9,93.14,33.59
01/01/2019,507100000000,12450000000,2577000000,680400000,188200000,53250000,15360000,4514000,1351000,411200,127400,40110,12840,4179,1381,463.6,158,54.64,19.17
01/02/2019,524200000000,14090000000,2831000000,772900000,225000000,67280000,20520000,6369000,2011000,646000,210900,69960,23570,8067,2802,987.8,353.3,128.1,47.13
01/03/2019,547900000000,16380000000,3293000000,912300000,270800000,82690000,25750000,8162000,2631000,862300,287200,97150,33380,11640,4121,1480,539.1,199.1,74.54
01/04/2019,576900000000,16670000000,3235000000,859900000,244100000,71240000,21210000,6429000,1983000,622500,198700,64440,21240,7112,2418,834.6,292.3,103.9,37.44
01/05/2019,521500000000,16120000000,3186000000,868600000,253700000,76230000,23360000,7289000,2314000,746700,244900,81640,27640,9503,3316,1174,421.9,153.7,56.77
01/06/2019,459700000000,12690000000,2465000000,641000000,176800000,50020000,14440000,4245000,1271000,387200,120000,37820,12120,3944,1304,438.1,149.4,51.69,18.15
01/07/2019,404300000000,11500000000,2265000000,589700000,162300000,45780000,13170000,3862000,1153000,350200,108200,34010,10860,3527,1163,389.7,132.5,45.74,16.02
01/08/2019,412600000000,11900000000,2311000000,588800000,158100000,43520000,12220000,3497000,1019000,302400,91300,28050,8760,2782,897.6,294.2,97.95,33.1,11.35
01/09/2019,441100000000,16030000000,3228000000,893400000,264700000,80680000,25070000,7932000,2552000,834800,277500,93710,32140,11190,3954,1417,515.4,190,71.03
01/10/2019,525100000000,16980000000,3284000000,872800000,248000000,72460000,21600000,6557000,2026000,636600,203400,66070,21810,7310,2489,860,301.6,107.3,38.71
01/11/2019,567900000000,16120000000,3087000000,809800000,226900000,65330000,19190000,5744000,1750000,542300,170900,54770,17840,5903,1984,676.8,234.4,82.35,29.35
01/12/2019,546800000000,14270000000,2781000000,734300000,206500000,59620000,17560000,5269000,1609000,499800,157900,50720,16560,5491,1849,632.3,219.4,77.27,27.6
01/01/2020,512100000000,12260000000,2519000000,656400000,178900000,49880000,14180000,4107000,1211000,363600,111100,34510,10900,3500,1142,378.4,127.3,43.48,15.07
01/02/2020,538700000000,13340000000,2624000000,690000000,192500000,55100000,16090000,4784000,1448000,446100,139800,44520,14410,4742,1584,537.5,185.1,64.68,22.93
01/03/2020,569000000000,15160000000,2937000000,766800000,212700000,60590000,17600000,5209000,1570000,481200,150100,47590,15340,5024,1671,564.6,193.6,67.37,23.79
01/04/2020,578200000000,16440000000,3157000000,828300000,231900000,66720000,19590000,5857000,1783000,552000,173800,55670,18120,5989,2011,685.7,237.3,83.31,29.67
01/05/2020,531200000000,15310000000,2961000000,782500000,220700000,63970000,18920000,5698000,1747000,544700,172700,55680,18240,6072,2052,704.2,245.2,86.64,31.05
01/06/2020,453100000000,12890000000,2535000000,673300000,190100000,55120000,16300000,4908000,1504000,469100,148700,47950,15710,5227,1766,606,211,74.55,26.71
01/07/2020,409400000000,11270000000,2213000000,571300000,155600000,43450000,12370000,3590000,1061000,319000,97610,30380,9612,3091,1010,335.3,113,38.65,13.41
01/08/2020,423800000000,11660000000,2262000000,575700000,154400000,42470000,11910000,3405000,991500,293900,88650,27210,8490,2694,868.4,284.4,94.6,31.94,10.95
01/09/2020,460600000000,15310000000,3049000000,826800000,239100000,71040000,21530000,6641000,2084000,665300,215900,71200,23850,8116,2803,982.7,349.5,126.1,46.13
01/10/2020,532200000000,17300000000,3427000000,941600000,277600000,84220000,26060000,8210000,2631000,856900,283700,95430,32600,11310,3980,1421,515,189.2,70.46
01/11/2020,563600000000,17290000000,3515000000,999600000,306200000,96600000,31080000,10180000,3388000,1146000,393600,137300,48620,17470,6369,2354,882.5,335.2,129
01/12/2020,575700000000,14760000000,3073000000,905800000,289300000,95330000,32040000,10950000,3805000,1342000,480500,174600,64370,24070,9122,3505,1365,538.2,215
01/01/2021,537100000000,13050000000,2664000000,735600000,216300000,65330000,20110000,6303000,2009000,651100,214500,71780,24400,8421,2950,1049,378.2,138.3,51.27
01/02/2021,542100000000,13430000000,2672000000,710400000,200300000,57960000,17100000,5138000,1571000,488900,154700,49760,16270,5402,1822,623.9,216.8,76.44,27.34
01/03/2021,550600000000,16640000000,3399000000,967200000,296300000,93460000,30070000,9843000,3276000,1108000,380500,132700,46980,16880,6152,2274,852.2,323.7,124.6
01/04/2021,577500000000,16900000000,3323000000,900900000,261500000,78090000,23780000,7374000,2326000,746200,243300,80630,27140,9278,3220,1134,405.1,146.8,53.93
01/05/2021,536800000000,15620000000,3082000000,836100000,242700000,72430000,22050000,6833000,2154000,690800,225200,74580,25090,8574,2974,1047,373.8,135.4,49.73
01/06/2021,472400000000,12790000000,2569000000,702700000,205000000,61460000,18780000,5844000,1850000,595300,194800,64750,21860,7497,2610,921.7,330.3,120,44.23
01/07/2021,420600000000,11770000000,2450000000,699400000,213800000,67200000,21530000,7019000,2326000,783300,268000,93090,32830,11750,4265,1571,586.4,221.9,85.09
01/08/2021,426600000000,12010000000,2433000000,653500000,185800000,54150000,16090000,4870000,1500000,469900,149700,48470,15950,5331,1810,623.6,218.1,77.36,27.83
01/09/2021,485800000000,14630000000,2973000000,825900000,245100000,74770000,23250000,7361000,2370000,775500,257900,87140,29900,10410,3682,1321,480.4,177.2,66.27
01/10/2021,541600000000,18190000000,3813000000,1140000000,370200000,124200000,42470000,14780000,5221000,1873000,682100,252000,94420,35870,13820,5392,2132,853.7,346.1
01/11/2021,576400000000,17840000000,3744000000,1131000000,372300000,126800000,44050000,15560000,5584000,2034000,751700,281800,107100,41290,16130,6381,2558,1038,426.6
01/12/2021,543900000000,16570000000,3614000000,1118000000,376200000,130600000,46260000,16650000,6086000,2257000,849300,324000,125300,49130,19520,7852,3199,1320,551
01/01/2022,537500000000,14680000000,3275000000,1027000000,349100000,122400000,43720000,15870000,5851000,2188000,830100,319300,124500,49190,19690,7983,3277,1362,572.8
01/02/2022,574900000000,15010000000,3396000000,1094000000,383800000,139200000,51460000,19330000,7367000,2848000,1116000,443300,178400,72730,30020,12550,5308,2272,983.7
01/03/2022,597000000000,17130000000,3819000000,1191000000,401200000,139300000,49270000,17710000,6465000,2394000,899600,342800,132400,51840,20560,8263,3362,1385,577.6
01/04/2022,709200000000,23410000000,5554000000,1996000000,807800000,342500000,148700000,65640000,29360000,13290000,6090000,2821000,1321000,625600,299300,144700,70620,34820,17330
