Date,"N, cm-3 (100 km)","N, cm-3 (150 km)","N, cm-3 (200 m)","N, cm-3 (250 km)","N, cm-3 (300 km)","N, cm-3 (350 km)","N, cm-3 (400 km)","N, cm-3 (450 km)","N, cm-3 (500 km)","N, cm-3 )(550 km)","N, cm-3 (600 km)","N, cm-3 (650 km)","N, cm-3 (700 km)","N, cm-3 (750 km)","N, cm-3 (800 km)","N, cm-3 (850 km)","N, cm-3 (900 km)","N, cm-3 (950 km)","N, cm-3 (1000 km)"
01/01/1996,317600,8082000,12520000,4743000,1543000,516900,178300,62810,22510,8201,3031,1136,432.1,166.5,65.04,25.74,10.32,4.188,1.721
01/02/1996,333000,9183000,14730000,5669000,1856000,623900,215800,76210,27380,9995,3702,1391,530,204.7,80.13,31.77,12.76,5.191,2.137
01/03/1996,356300,10650000,17130000,6481000,2069000,676500,227500,78120,27300,9698,3497,1280,475,178.8,68.23,26.39,10.34,4.105,1.65
01/04/1996,351900,12360000,20530000,8045000,2656000,896700,311200,110300,39720,14540,5403,2036,777.8,301.2,118.2,47,18.93,7.718,3.186
01/05/1996,323000,10880000,17650000,6808000,2222000,743000,255400,89690,32030,11630,4282,1600,606.1,232.8,90.62,35.74,14.28,5.778,2.367
01/06/1996,282000,8455000,13260000,4972000,1585000,518400,174500,60020,21000,7472,2698,988.8,367.5,138.5,52.94,20.5,8.044,3.197,1.287
01/07/1996,255800,7588000,11960000,4495000,1438000,471800,159400,55030,19330,6901,2501,919.7,343,129.7,49.74,19.33,7.608,3.034,1.225
01/08/1996,260800,8563000,14020000,5488000,1826000,622700,218400,78250,28500,10550,3961,1508,582.2,227.8,90.3,36.26,14.75,6.071,2.53
01/09/1996,292000,9656000,15350000,5823000,1874000,618200,209800,72750,25660,9200,3348,1236,462.9,175.8,67.66,26.39,10.43,4.174,1.691
01/10/1996,316500,10620000,16580000,6230000,1993000,653900,220800,76200,26750,9547,3459,1271,473.9,179.2,68.67,26.67,10.49,4.183,1.688
01/11/1996,328200,9929000,15280000,5770000,1868000,621700,213100,74610,26580,9622,3535,1318,498,190.8,74.12,29.17,11.63,4.695,1.919
01/12/1996,329000,8873000,13940000,5476000,1860000,651400,234900,86490,32370,12310,4745,1855,734.6,294.8,119.8,49.32,20.55,8.666,3.698
01/01/1997,318900,8102000,12630000,4801000,1565000,525200,181400,64030,22980,8385,3104,1165,443.8,171.3,67,26.55,10.66,4.332,1.782
01/02/1997,334900,8925000,14130000,5336000,1712000,564200,191200,66230,23340,8358,3038,1121,419.2,159,61.14,23.82,9.405,3.76,1.522
01/03/1997,348600,11560000,19490000,7768000,2612000,898900,317900,114800,42120,15700,5939,2278,885.5,348.9,139.2,56.3,23.05,9.551,4.006
01/04/1997,354100,12800000,21760000,8763000,2976000,1034000,369000,134400,49780,18720,7143,2763,1083,430.3,173.2,70.58,29.13,12.17,5.142
01/05/1997,311500,12860000,22610000,9489000,3369000,1225000,457200,174100,67380,26470,10540,4251,1737,719,301.3,127.8,54.83,23.81,10.45
01/06/1997,283300,8890000,14330000,5550000,1829000,618200,215000,76350,27580,10120,3769,1424,545.2,211.6,83.25,33.18,13.39,5.472,2.264
01/07/1997,259600,7404000,11560000,4304000,1363000,442800,148100,50660,17620,6234,2239,815.8,301.6,113.1,42.97,16.55,6.462,2.555,1.023
01/08/1997,264300,8091000,12990000,4939000,1591000,525200,178400,61900,21850,7840,2855,1055,395.4,150.2,57.87,22.59,8.933,3.578,1.451
01/09/1997,308300,10290000,17440000,7174000,2512000,901800,332700,125300,47930,18620,7331,2926,1183,484.5,200.9,84.34,35.83,15.4,6.699
01/10/1997,308300,14340000,26520000,11930000,4574000,1798000,726000,298900,124800,52890,22690,9850,4327,1923,864.7,393.1,180.6,83.91,39.39
01/11/1997,340500,11770000,20280000,8688000,3199000,1211000,471600,187300,75510,30890,12800,5373,2283,981.8,427.3,188.1,83.76,37.71,17.17
01/12/1997,349000,10110000,17350000,7530000,2835000,1100000,439200,178900,73950,31010,13170,5661,2463,1084,482.7,217.4,98.98,45.56,21.19
01/01/1998,342900,9099000,15530000,6612000,2427000,917000,356400,141300,56860,23220,9607,4025,1708,733.1,318.5,140,62.25,27.98,12.72
01/02/1998,349700,10230000,17920000,7599000,2742000,1014000,385600,149500,58870,23530,9529,3909,1624,683.3,291,125.4,54.66,24.1,10.75
01/03/1998,373200,13420000,25330000,11410000,4338000,1686000,672500,273400,112800,47180,19990,8574,3722,1635,726.5,326.5,148.4,68.15,31.64
01/04/1998,403500,14080000,26520000,12010000,4593000,1796000,720700,294700,122300,51480,21940,9464,4132,1825,815.5,368.5,168.3,77.74,36.28
01/05/1998,358800,13730000,26310000,12160000,4760000,1906000,782800,327600,139100,59900,26100,11510,5136,2318,1058,488,227.6,107.2,51.05
01/06/1998,311500,10130000,18350000,8069000,3019000,1156000,454700,182300,74220,30650,12820,5430,2328,1010,443.4,196.9,88.41,40.14,18.42
01/07/1998,296000,9526000,17900000,8246000,3246000,1309000,542400,229000,98050,42570,18700,8315,3740,1701,782.3,363.7,170.9,81.13,38.91
01/08/1998,292600,11490000,23150000,11180000,4569000,1906000,815700,355400,157000,70290,31830,14580,6753,3162,1496,715.4,345.6,168.6,83.09
01/09/1998,357400,16160000,35010000,18310000,8130000,3696000,1725000,819600,394400,192100,94590,47040,23620,11980,6135,3171,1654,870.2,461.9
01/10/1998,355200,16490000,34100000,17070000,7240000,3141000,1398000,633700,291000,135400,63670,30270,14550,7063,3464,1716,858.1,433.3,220.8
01/11/1998,383200,13370000,25590000,12140000,4927000,2051000,876500,381600,168500,75380,34120,15620,7231,3384,1600,764.9,369.3,180.1,88.7
01/12/1998,389900,13830000,28250000,14420000,6342000,2871000,1336000,633000,303900,147700,72520,35980,18030,9121,4659,2403,1250,656.4,347.7
01/01/1999,402700,12530000,25790000,13180000,5781000,2606000,1207000,569100,271800,131400,64210,31700,15810,7959,4047,2077,1076,562.3,296.5
01/02/1999,400900,11200000,21650000,10070000,3963000,1593000,656800,275800,117500,50750,22190,9814,4392,1988,909.9,421,196.9,93.04,44.42
01/03/1999,400900,11200000,21650000,10070000,3963000,1593000,656800,275800,117500,50750,22190,9814,4392,1988,909.9,421,196.9,93.04,44.42
01/04/1999,400800,16300000,33320000,16070000,6488000,2668000,1125000,482600,210000,92600,41320,18650,8516,3931,1835,865.3,412.4,198.5,96.53
01/05/1999,374300,16940000,36380000,18600000,7999000,3510000,1579000,722800,335300,157500,74780,35890,17410,8530,4221,2110,1065,542.2,278.7
01/06/1999,368200,14140000,30930000,16320000,7289000,3325000,1555000,740400,356900,174100,85840,42750,21500,10920,5598,2897,1513,797.2,423.7
01/07/1999,364000,14030000,32330000,17820000,8288000,3934000,1915000,947900,475000,240800,123300,63710,33240,17500,9298,4984,2695,1469,807.6
01/08/1999,362900,14640000,33780000,18540000,8563000,4031000,1945000,954600,474200,238300,121000,62010,32080,16760,8832,4697,2520,1363,743.8
01/09/1999,373800,17910000,41450000,22750000,10500000,4938000,2382000,1169000,580600,291800,148100,75910,39280,20520,10810,5750,3085,1669,910.6
01/10/1999,387700,16770000,36070000,18470000,7934000,3469000,1554000,708200,327000,152900,72290,34540,16680,8138,4011,1996,1003,508.8,260.5
01/11/1999,419000,17600000,38860000,20820000,9449000,4384000,2086000,1010000,495200,245600,123100,62290,31830,16420,8550,4493,2382,1274,687
01/12/1999,421100,14590000,31590000,16730000,7530000,3467000,1637000,786200,382400,188200,93590,47010,23840,12210,6312,3293,1733,920.5,493.1
01/01/2000,375700,14080000,30810000,16210000,7209000,3274000,1524000,721600,346000,167900,82360,40800,20420,10320,5264,2711,1409,739,391
01/02/2000,421600,14400000,31670000,16480000,7185000,3188000,1448000,669000,313100,148300,71050,34390,16820,8309,4145,2088,1062,545.1,282.4
01/03/2000,497700,23600000,60210000,35330000,17180000,8492000,4297000,2210000,1150000,604900,321200,172100,93060,50750,27920,15480,8657,4879,2772
01/04/2000,519700,26410000,68740000,40830000,20010000,9946000,5058000,2615000,1367000,722800,385600,207600,112800,61790,34140,19020,10680,6046,3449
01/05/2000,437200,21530000,53370000,30490000,14400000,6898000,3378000,1682000,847000,431400,221900,115300,60410,31960,17060,9184,4987,2731,1508
01/06/2000,377900,15690000,36860000,20230000,9243000,4284000,2031000,979000,477700,235900,117600,59260,30150,15480,8026,4199,2217,1180,634
01/07/2000,352200,13680000,32000000,17490000,7956000,3671000,1733000,831400,403900,198500,98580,49450,25050,12810,6613,3445,1811,960.8,514
01/08/2000,341700,14060000,32280000,17320000,7739000,3509000,1628000,767700,366700,177300,86600,42740,21310,10730,5453,2798,1449,757.3,399.2
01/09/2000,379100,17920000,42160000,23220000,10650000,4966000,2369000,1149000,564100,280200,140600,71260,36460,18830,9820,5166,2742,1468,793
01/10/2000,429000,20800000,48910000,27350000,12850000,6163000,3029000,1514000,766300,392200,202700,105700,55680,29590,15860,8578,4678,2573,1427
01/11/2000,448100,18940000,43350000,23980000,11230000,5377000,2640000,1319000,666700,340900,176000,91770,48280,25640,13730,7420,4044,2222,1231
01/12/2000,435900,15610000,34660000,18840000,8728000,4141000,2016000,998200,500500,253800,130000,67230,35090,18490,9827,5270,2851,1555,855.2
01/01/2001,422300,12860000,27460000,14330000,6366000,2892000,1348000,639000,306800,149100,73230,36330,18200,9211,4705,2426,1263,662.9,351.2
01/02/2001,421200,14220000,30790000,16000000,7021000,3145000,1443000,674200,318900,152700,73920,36150,17860,8914,4492,2285,1173,608.1,318
01/03/2001,444600,16330000,35860000,18440000,7900000,3439000,1532000,694600,319000,148400,69760,33160,15930,7732,3791,1877,938.8,474,241.5
01/04/2001,495700,28740000,75110000,44780000,22110000,11110000,5727000,3001000,1592000,853300,461700,252000,138800,77040,43130,24340,13850,7940,4587
01/05/2001,455400,19110000,44700000,24710000,11430000,5385000,2599000,1275000,633700,318500,161700,82880,42890,22400,11810,6280,3369,1823,994.8
01/06/2001,351000,13840000,30160000,15650000,6821000,3028000,1377000,637300,298700,141800,68000,32960,16140,7987,3991,2013,1025,527.1,273.4
01/07/2001,320200,11460000,24170000,12260000,5249000,2293000,1027000,467900,216000,101000,47750,22820,11020,5375,2649,1318,662.4,336,172
01/08/2001,320800,12190000,26110000,13110000,5492000,2337000,1018000,451300,202800,92290,42480,19780,9306,4426,2127,1033,506.4,250.8,125.4
01/09/2001,412200,17530000,41460000,23020000,10650000,5005000,2407000,1177000,582300,291500,147400,75270,38800,20190,10600,5619,3004,1619,880.6
01/10/2001,460800,30320000,84290000,52680000,26980000,13980000,7401000,3981000,2165000,1190000,659500,368700,207800,118100,67650,39050,22720,13310,7858
01/11/2001,477100,25910000,68380000,41560000,20900000,10660000,5563000,2949000,1581000,856200,467900,258000,143400,80410,45450,25890,14860,8600,5012
01/12/2001,491500,20050000,50670000,29980000,14780000,7394000,3785000,1968000,1035000,550400,295300,159900,87320,48090,26710,14960,8444,4804,2754
01/01/2002,496700,19060000,48820000,29120000,14450000,7281000,3753000,1966000,1041000,557300,301100,164100,90200,50000,27950,15750,8947,5122,2954
01/02/2002,509200,21560000,56760000,34200000,17020000,8589000,4431000,2322000,1231000,659100,356300,194300,106900,59270,33150,18690,10620,6085,3512
01/03/2002,512200,22420000,57260000,33430000,16080000,7837000,3904000,1976000,1012000,523700,273700,144400,76870,41290,22370,12230,6737,3743,2096
01/04/2002,496300,25670000,65920000,38730000,18790000,9251000,4659000,2385000,1235000,646900,342000,182400,98190,53320,29200,16130,8979,5040,2851
01/05/2002,439000,18210000,42130000,22810000,10270000,4695000,2196000,1044000,502900,245100,120700,60030,30160,15300,7834,4050,2113,1112,590.4
01/06/2002,386200,14680000,32910000,17720000,8061000,3742000,1781000,862300,422700,209700,105100,53180,27170,14020,7300,3835,2033,1087,586.5
01/07/2002,326200,12910000,28820000,15280000,6805000,3085000,1432000,676500,323600,156600,76630,37870,18910,9531,4851,2493,1293,676.3,357
01/08/2002,360400,17190000,42330000,24330000,11670000,5696000,2847000,1446000,743400,386400,202800,107400,57410,30960,16840,9235,5108,2848,1601
01/09/2002,395500,18260000,43610000,24370000,11340000,5358000,2591000,1274000,633900,319100,162200,83280,43160,22570,11920,6346,3409,1847,1009
01/10/2002,371500,22380000,54120000,30400000,14200000,6733000,3268000,1613000,805400,406800,207600,106900,55600,29180,15450,8258,4451,2419,1326
01/11/2002,427100,17290000,37830000,20200000,9161000,4252000,2025000,981400,481600,239100,119900,60760,31080,16050,8364,4399,2334,1249,674.4
01/12/2002,390000,15030000,32430000,17110000,7686000,3536000,1669000,801600,389900,191900,95420,47930,24310,12450,6435,3357,1767,938.6,502.8
01/01/2003,373000,11280000,22290000,10760000,4421000,1859000,802200,352400,157000,70840,32340,14930,6967,3287,1567,754.9,367.3,180.5,89.58
01/02/2003,383400,12960000,26400000,12960000,5385000,2288000,996900,442200,198800,90570,41720,19440,9153,4356,2095,1018,499.5,247.5,123.8
01/03/2003,405500,15340000,31630000,15580000,6470000,2745000,1194000,529000,237500,108000,49710,23130,10880,5170,2483,1205,590.6,292.3,146.1
01/04/2003,424100,18990000,41080000,21250000,9291000,4158000,1910000,893100,423200,203000,98410,48210,23860,11920,6019,3067,1577,818.6,428.7
01/05/2003,372000,18810000,41430000,21830000,9727000,4440000,2081000,992800,479900,234800,116000,57950,29220,14880,7650,3969,2078,1098,584.9
01/06/2003,314600,12860000,26240000,12900000,5374000,2288000,999200,444300,200300,91460,42240,19720,9311,4442,2141,1043,512.9,254.7,127.7
01/07/2003,303800,10400000,20570000,9921000,4072000,1711000,737400,323700,144100,64990,29650,13680,6381,3009,1434,690.2,335.7,164.9,81.77
01/08/2003,278600,11710000,23550000,11300000,4576000,1892000,802300,346400,151700,67310,30220,13720,6304,2927,1374,651.7,312.3,151.2,73.92
01/09/2003,321000,12770000,24810000,11620000,4612000,1870000,778300,330000,141900,61840,27280,12180,5498,2510,1159,540.7,255,121.5,58.47
01/10/2003,370600,15420000,31030000,15270000,6396000,2743000,1208000,541800,246300,113400,52800,24860,11830,5687,2763,1356,671.9,336.2,169.8
01/11/2003,435400,21470000,48970000,27040000,12740000,6172000,3078000,1563000,804300,418500,219900,116600,62410,33700,18350,10080,5581,3116,1754
01/12/2003,385900,13340000,26890000,13550000,5879000,2624000,1204000,562100,266000,127400,61720,30200,14930,7452,3757,1912,982.4,509.3,266.4
01/01/2004,292800,9520000,19360000,9331000,3802000,1581000,674300,292900,129000,57580,26000,11870,5483,2560,1208,576,277.5,135,66.36
01/02/2004,359500,10960000,20190000,8984000,3394000,1313000,521200,211000,86670,36120,15240,6512,2816,1232,545.5,244.3,110.6,50.62,23.42
01/03/2004,380900,14530000,28520000,13420000,5339000,2173000,907700,386200,166700,72920,32280,14460,6550,3001,1390,650.8,307.9,147.2,71.05
01/04/2004,406300,14490000,27530000,12660000,4935000,1969000,806800,336800,142600,61240,26620,11710,5212,2346,1068,491.6,228.7,107.5,51.08
01/05/2004,345900,13000000,24080000,10730000,4042000,1558000,616000,248400,101600,42190,17740,7550,3253,1418,625.7,279.2,126,57.45,26.49
01/06/2004,296200,10930000,20260000,9120000,3494000,1371000,552800,227100,94700,40040,17140,7428,3258,1445,648.6,294.3,135,62.61,29.34
01/07/2004,274400,8879000,15930000,6851000,2498000,931200,356600,139200,55220,22220,9062,3743,1566,662.9,284.1,123.2,54.05,23.98,10.76
01/08/2004,284400,9518000,17330000,7529000,2764000,1036000,399000,156600,62430,25250,10350,4296,1806,768.3,330.8,144.1,63.52,28.31,12.76
01/09/2004,314200,11290000,20460000,8884000,3261000,1223000,471000,184900,73730,29830,12230,5076,2134,908,391.1,170.4,75.11,33.48,15.09
01/10/2004,346900,12160000,21510000,9248000,3379000,1263000,485300,190100,75630,30530,12490,5173,2170,921.6,396.1,172.3,75.78,33.72,15.17
01/11/2004,374900,13100000,24170000,11240000,4526000,1878000,801400,348700,153800,68790,31120,14240,6589,3082,1457,696.1,336,163.8,80.62
01/12/2004,345300,11130000,20150000,9175000,3611000,1463000,610000,259200,111700,48800,21580,9655,4369,1999,925.1,432.6,204.5,97.62,47.09
01/01/2005,283200,8537000,16240000,7352000,2825000,1110000,447700,184100,76790,32490,13920,6035,2648,1176,527.9,239.7,110,51.04,23.93
01/02/2005,352900,9900000,17130000,7144000,2533000,920900,343900,131000,50720,19930,7938,3203,1310,542.2,227.2,96.41,41.39,17.98,7.897
01/03/2005,362500,12160000,21610000,9070000,3204000,1156000,428500,162000,62200,24250,9585,3839,1558,640.1,266.3,112.2,47.82,20.63,8.998
01/04/2005,373100,12880000,22600000,9387000,3280000,1171000,429100,160400,60950,23510,9197,3646,1464,595.8,245.5,102.4,43.23,18.47,7.983
01/05/2005,340500,14340000,27360000,12640000,4966000,1999000,826600,348300,148900,64500,28290,12560,5638,2560,1175,545.5,255.9,121.3,58.07
01/06/2005,305200,10140000,18150000,7924000,2950000,1125000,441000,176300,71510,29430,12270,5181,2214,957.8,419.2,185.6,83.09,37.61,17.21
01/07/2005,272300,9323000,16870000,7444000,2807000,1085000,431000,174600,71770,29930,12640,5404,2338,1024,453.6,203.2,92.07,42.17,19.52
01/08/2005,279100,9870000,17950000,7944000,2999000,1161000,461400,187000,76940,32110,13570,5806,2514,1102,488.5,219,99.28,45.5,21.08
01/09/2005,294800,11060000,19340000,8124000,2894000,1055000,395200,151000,58620,23100,9226,3733,1530,635.2,267,113.5,48.87,21.28,9.371
01/10/2005,315100,12070000,20500000,8412000,2934000,1048000,384800,144200,54910,21230,8322,3306,1331,542.6,224,93.64,39.62,16.96,7.345
01/11/2005,328600,11260000,18700000,7672000,2703000,978500,364400,138500,53490,20970,8333,3356,1369,565.5,236.5,100.1,42.9,18.6,8.152
01/12/2005,323300,10530000,18050000,7767000,2893000,1111000,439000,176900,72400,30060,12640,5379,2317,1010,445.7,198.9,89.72,40.93,18.87
01/01/2006,280800,7477000,13120000,5428000,1903000,682700,251700,94720,36210,14060,5533,2207,891.9,365,151.3,63.48,26.96,11.58,5.034
01/02/2006,341900,9012000,14500000,5592000,1834000,617400,213800,75610,27200,9942,3687,1387,529.1,204.6,80.18,31.83,12.8,5.212,2.148
01/03/2006,359000,11370000,19220000,7702000,2605000,902000,320900,116500,43010,16130,6133,2365,924.4,366.2,146.9,59.71,24.57,10.23,4.314
01/04/2006,378800,11990000,20150000,8085000,2742000,952100,339600,123700,45770,17210,6563,2537,994.3,394.9,158.8,64.72,26.7,11.15,4.71
01/05/2006,353100,11460000,19630000,8192000,2914000,1063000,398500,152400,59220,23360,9339,3783,1552,644.9,271.3,115.5,49.76,21.69,9.558
01/06/2006,286300,9540000,16130000,6588000,2290000,816200,299000,111800,42480,16390,6412,2542,1021,415.6,171.3,71.45,30.17,12.89,5.573
01/07/2006,267500,7733000,12530000,4919000,1649000,567500,200900,72660,26710,9977,3780,1452,565.5,223.1,89.22,36.13,14.81,6.149,2.583
01/08/2006,260200,8555000,14120000,5534000,1838000,625500,218900,78210,28410,10490,3929,1493,574.8,224.4,88.74,35.55,14.43,5.926,2.464
01/09/2006,289300,10700000,18150000,7400000,2562000,908600,331200,123200,46590,17890,6963,2748,1099,445,182.5,75.82,31.87,13.56,5.837
01/10/2006,308000,12640000,21790000,9117000,3250000,1188000,446300,171100,66610,26330,10550,4281,1760,732.7,308.8,131.7,56.85,24.82,10.96
01/11/2006,332600,10830000,17650000,7113000,2463000,877300,321500,120200,45700,17640,6904,2739,1101,448,184.7,77.09,32.57,13.92,6.02
01/12/2006,328900,9284000,15000000,6049000,2105000,754800,278500,104900,40160,15610,6150,2456,993.4,407,168.9,70.93,30.15,12.97,5.642
01/01/2007,321600,8833000,14530000,5898000,2058000,738800,272900,102900,39420,15340,6048,2417,978.5,401.3,166.6,70.04,29.8,12.83,5.584
01/02/2007,340400,9685000,16160000,6538000,2257000,800000,291600,108500,41010,15740,6129,2418,966.9,391.6,160.7,66.72,28.05,11.93,5.136
01/03/2007,352200,11490000,19360000,7731000,2606000,899400,319000,115500,42490,15890,6024,2316,902.9,356.6,142.7,57.84,23.74,9.861,4.146
01/04/2007,340500,14020000,24820000,10390000,3667000,1323000,490400,185400,71210,27770,10970,4396,1784,733.2,305.1,128.5,54.8,23.64,10.31
01/05/2007,334300,11630000,19710000,8065000,2805000,1000000,366600,137100,52120,20120,7872,3122,1255,510.6,210.5,87.84,37.1,15.86,6.857
01/06/2007,285200,8990000,14640000,5737000,1915000,655300,230700,82930,30310,11260,4241,1620,627.5,246.3,97.96,39.46,16.1,6.648,2.779
01/07/2007,260400,7461000,11710000,4396000,1406000,461700,156000,53900,18940,6765,2453,902.4,336.7,127.4,48.88,19,7.482,2.985,1.206
01/08/2007,253100,8453000,13650000,5208000,1683000,557600,190000,66130,23410,8427,3078,1141,428.7,163.4,63.1,24.7,9.794,3.933,1.599
01/09/2007,283100,9852000,15750000,5976000,1921000,632900,214500,74260,26150,9364,3403,1255,469.2,177.9,68.38,26.64,10.51,4.201,1.7
01/10/2007,309600,10750000,16790000,6284000,1999000,652200,219000,75130,26220,9307,3353,1226,454.5,170.9,65.16,25.18,9.857,3.909,1.57
01/11/2007,323100,10080000,15510000,5841000,1885000,625400,213700,74580,26480,9559,3501,1301,490.4,187.4,72.56,28.48,11.32,4.558,1.858
01/12/2007,320200,8604000,13140000,4948000,1605000,536100,184500,64870,23200,8434,3111,1164,441.7,169.9,66.23,26.16,10.47,4.241,1.74
01/01/2008,320100,8060000,12510000,4754000,1552000,521500,180400,63780,22930,8379,3107,1168,445.5,172.2,67.46,26.77,10.76,4.38,1.805
01/02/2008,322500,9818000,16230000,6423000,2162000,746600,265100,96130,35430,13270,5039,1940,757.5,299.6,120.1,48.74,20.03,8.333,3.508
01/03/2008,340500,12010000,20450000,8217000,2784000,965100,343700,125000,46180,17330,6600,2548,996.9,395.3,158.8,64.6,26.61,11.09,4.681
01/04/2008,362200,12040000,19860000,7783000,2576000,873000,304100,108100,39110,14370,5358,2026,776.7,301.8,118.9,47.42,19.16,7.838,3.246
01/05/2008,276600,8697000,13750000,5191000,1666000,548300,185700,64270,22630,8099,2942,1084,405.4,153.7,59.05,22.99,9.071,3.625,1.467
01/06/2008,319900,11080000,18090000,7020000,2304000,774400,267600,94440,33890,12360,4575,1717,653.7,252.2,98.64,39.08,15.68,6.373,2.622
01/07/2008,254900,7225000,10990000,3965000,1216000,383000,124200,41200,13910,4778,1667,590.2,212.1,77.32,28.59,10.72,4.075,1.569,0.6123
01/08/2008,260000,7546000,11370000,4020000,1204000,370100,117200,37950,12510,4199,1432,495.6,174.2,62.13,22.48,8.252,3.071,1.159,0.4429
01/09/2008,289700,9058000,13760000,4922000,1491000,463000,148100,48420,16120,5461,1879,656.4,232.8,83.78,30.58,11.32,4.25,1.617,0.6232
01/10/2008,309900,10870000,17060000,6432000,2063000,678400,229600,79420,27940,9994,3628,1336,499.2,189.1,72.62,28.26,11.14,4.449,1.799
01/11/2008,325000,9752000,14750000,5457000,1731000,565000,189900,65250,22810,8106,2924,1070,397.5,149.7,57.14,22.11,8.665,3.441,1.384
01/12/2008,321100,8010000,11710000,4193000,1292000,410600,134400,45020,15340,5319,1872,669,242.6,89.22,33.28,12.58,4.823,1.873,0.7369
01/01/2009,310900,8108000,12470000,4668000,1499000,495300,168600,58640,20750,7462,2724,1009,378.8,144.3,55.69,21.78,8.632,3.464,1.408
01/02/2009,332800,8584000,13180000,4804000,1487000,472700,154700,51760,17620,6104,2147,766.3,277.6,102,38.02,14.36,5.501,2.134,0.839
01/03/2009,357200,10230000,16100000,5941000,1849000,589900,193500,64890,22140,7686,2708,968.8,351.7,129.5,48.35,18.3,7.022,2.73,1.075
01/04/2009,359700,11660000,18810000,7152000,2292000,751900,253500,87340,30610,10900,3943,1447,538.4,203.2,77.74,30.14,11.84,4.712,1.899
01/05/2009,328800,10600000,16940000,6441000,2073000,683500,231800,80300,28300,10140,3686,1360,508.7,193,74.22,28.93,11.42,4.567,1.849
01/06/2009,285200,8304000,12860000,4759000,1498000,483900,160900,54700,18920,6653,2375,860.7,316.4,118,44.59,17.09,6.635,2.61,1.04
01/07/2009,258000,7194000,10970000,3975000,1225000,387900,126500,42160,14300,4937,1730,615.6,222.3,81.4,30.24,11.39,4.347,1.682,0.659
01/08/2009,261900,7552000,11490000,4115000,1251000,389900,125200,41120,13750,4677,1616,566.8,201.8,72.91,26.72,9.93,3.741,1.428,0.5526
01/09/2009,290200,9104000,13970000,5065000,1555000,489100,158400,52470,17690,6066,2113,747,268.1,97.59,36.04,13.49,5.121,1.97,0.7674
01/10/2009,320900,10360000,16030000,5975000,1897000,617700,207100,70950,24730,8765,3154,1151,426.4,160.1,60.97,23.53,9.2,3.644,1.462
01/11/2009,330700,10050000,15570000,5941000,1947000,656300,227800,80770,29120,10670,3968,1496,572.2,221.8,87.12,34.67,13.97,5.702,2.355
01/12/2009,326800,8285000,12470000,4623000,1476000,485600,164600,57010,20090,7197,2617,965.3,361.2,137,52.7,20.54,8.11,3.243,1.313
01/01/2010,283000,6790000,11200000,4270000,1380000,456800,155600,54150,19170,6899,2520,933.6,350.9,133.7,51.63,20.21,8.012,3.217,1.308
01/02/2010,167900,4293000,5976000,2079000,636300,202200,66410,22320,7636,2657,938.9,336.7,122.5,45.21,16.92,6.418,2.468,0.9612,0.3792
01/03/2010,167900,4293000,5976000,2079000,636300,202200,66410,22320,7636,2657,938.9,336.7,122.5,45.21,16.92,6.418,2.468,0.9612,0.3792
01/04/2010,219200,6318000,9668000,3958000,1463000,565100,225800,92150,38190,16060,6837,2946,1285,567,253.1,114.2,52.12,24.04,11.2
01/05/2010,209000,6671000,10070000,3996000,1423000,527900,202600,79440,31650,12800,5244,2176,914.3,388.9,167.4,72.89,32.11,14.3,6.442
01/06/2010,161700,6245000,9931000,4136000,1549000,605400,244800,101200,42450,18070,7787,3396,1499,669,302.1,137.9,63.62,29.67,13.98
01/07/2010,144000,6058000,9872000,4130000,1540000,596600,238900,97720,40580,17100,7295,3150,1377,608.6,272.2,123.1,56.26,26,12.14
01/08/2010,158700,6232000,9887000,3979000,1414000,521000,198100,76970,30380,12170,4940,2031,845.7,356.5,152.1,65.67,28.68,12.67,5.658
01/09/2010,188000,6399000,9774000,3819000,1319000,472500,174700,66020,25350,9883,3906,1564,634.7,260.8,108.5,45.68,19.47,8.394,3.66
01/10/2010,210300,5929000,8444000,3159000,1054000,366000,131300,48150,17960,6802,2613,1017,401.5,160.5,65.01,26.66,11.07,4.651,1.977
01/11/2010,193800,4939000,6686000,2358000,740400,241900,81730,28250,9936,3553,1290,474.9,177.3,67.16,25.78,10.03,3.951,1.577,0.6373
01/12/2010,167000,4094000,5331000,1760000,514600,156700,49360,15930,5234,1751,595,205.3,71.93,25.57,9.223,3.374,1.252,0.4706,0.1793
01/01/2011,154400,3814000,5026000,1652000,478800,144400,45090,14420,4696,1557,524.5,179.4,62.33,21.97,7.86,2.852,1.05,0.3915,0.148
01/02/2011,343300,10160000,17650000,7378000,2621000,954100,356900,136200,52790,20780,8287,3349,1371,568.5,238.6,101.4,43.58,18.95,8.337
01/03/2011,283900,7259000,12550000,5117000,1769000,626300,227900,84670,31960,12260,4765,1877,749.7,303.3,124.2,51.53,21.64,9.193,3.952
01/04/2011,340300,13190000,27520000,13220000,5286000,2148000,894700,379400,163200,71130,31380,14010,6325,2888,1333,622.2,293.4,139.8,67.3
01/05/2011,302500,12120000,24920000,11910000,4770000,1943000,811800,345400,149000,65170,28850,12920,5851,2680,1241,580.8,274.7,131.3,63.38
01/06/2011,263800,9096000,17790000,8192000,3183000,1261000,512800,212500,89310,38070,16430,7176,3171,1418,641.1,293.1,135.4,63.26,29.86
01/07/2011,231200,7671000,14540000,6383000,2353000,883200,340300,133700,53350,21600,8860,3681,1548,659.3,284.1,123.9,54.65,24.37,10.99
01/08/2011,250200,8053000,15540000,7023000,2674000,1037000,413100,167700,69050,28850,12210,5228,2266,994.1,441.1,198,89.84,41.22,19.11
01/09/2011,287600,9832000,19430000,8875000,3385000,1311000,521000,211000,86690,36130,15250,6517,2819,1234,546.2,244.6,110.8,50.7,23.46
01/10/2011,319800,13850000,30450000,15690000,6782000,2982000,1344000,616100,286200,134600,64030,30780,14950,7335,3635,1819,919.2,468.8,241.3
01/11/2011,330400,13860000,30800000,16180000,7152000,3221000,1487000,698200,332100,159900,77820,38260,19000,9532,4828,2468,1274,663.3,348.5
01/12/2011,332600,10880000,23070000,11730000,5050000,2220000,1001000,459100,213400,100400,47800,22990,11170,5484,2719,1362,688.4,351.3,180.9
01/01/2012,376700,10850000,20860000,9972000,4092000,1724000,746200,328900,147000,66560,30490,14120,6612,3129,1497,723.3,353,174,86.62
01/02/2012,328200,9702000,19650000,9266000,3661000,1472000,606700,254700,108500,46830,20470,9050,4049,1832,838.2,387.7,181.3,85.63,40.87
01/03/2012,330000,12050000,25010000,11880000,4691000,1881000,773200,323600,137400,59110,25750,11350,5063,2284,1042,480.5,224,105.5,50.22
01/04/2012,348400,12750000,26330000,12460000,4901000,1957000,800300,333400,140900,60360,26180,11490,5103,2293,1041,478.3,222.1,104.2,49.4
01/05/2012,325600,11520000,23660000,11250000,4465000,1800000,743900,313100,133600,57830,25330,11230,5033,2282,1046,485,227.2,107.6,51.44
01/06/2012,284800,9813000,20510000,9973000,4057000,1677000,710300,306400,134000,59370,26620,12080,5539,2569,1204,570.6,273.1,132.1,64.5
01/07/2012,251400,9243000,19750000,9846000,4118000,1752000,763500,338800,152400,69410,31980,14900,7018,3341,1607,780.8,383.2,189.9,95.04
01/08/2012,268000,8952000,18510000,8983000,3665000,1521000,647400,280600,123300,54900,24730,11270,5194,2420,1139,542.2,260.7,126.6,62.08
01/09/2012,291500,10540000,21560000,10320000,4145000,1694000,709600,302800,131000,57470,25510,11460,5203,2390,1110,520.7,247,118.3,57.26
01/10/2012,301500,13810000,29810000,15200000,6535000,2866000,1290000,590600,274100,128800,61180,29380,14250,6987,3459,1730,873.1,444.9,228.8
01/11/2012,303600,12100000,24810000,12060000,4948000,2070000,888600,388400,172100,77270,35100,16120,7489,3516,1669,800.1,387.6,189.6,93.67
01/12/2012,312200,9368000,18270000,8517000,3366000,1359000,562700,237500,101700,44110,19370,8610,3871,1760,809,376,176.6,83.8,40.17
01/01/2013,311100,8107000,15380000,6929000,2644000,1030000,411900,167900,69480,29150,12390,5329,2320,1022,455.3,205.2,93.48,43.05,20.04
01/02/2013,320400,9151000,17860000,8060000,3046000,1171000,462100,185800,75810,31380,13160,5586,2320,1022,455.3,205.2,93.48,43.05,20.04
01/03/2013,321500,12690000,26930000,13140000,5337000,2204000,932300,401600,175400,77620,34760,15750,7213,3341,1564,740.3,354,171,83.39
01/04/2013,354700,12940000,27060000,12960000,5149000,2076000,857600,360700,153900,66540,29130,12900,5780,2620,1200,556.1,260.3,123.2,58.87
01/05/2013,319900,14460000,32590000,17160000,7583000,3415000,1577000,741300,352900,170100,82840,40770,20270,10170,5157,2639,1363,710.3,373.5
01/06/2013,254700,11380000,24840000,12520000,5272000,2255000,988100,440600,199100,91170,42210,19760,9351,4472,2161,1055,519.9,258.8,130.1
01/07/2013,247800,7933000,15630000,7150000,2743000,1071000,428600,174900,72400,30400,12930,5564,2424,1068,476.3,214.8,97.91,45.12,21.01
01/08/2013,255500,8164000,15990000,7255000,2756000,1065000,422100,170500,69910,29070,12240,5221,2254,984.3,434.9,194.4,87.84,40.13,18.53
01/09/2013,276000,10240000,20480000,9488000,3678000,1449000,585600,241100,100700,42660,18300,7943,3489,1551,697.1,316.9,145.6,67.63,31.74
01/10/2013,315000,11620000,23400000,10950000,4279000,1700000,692100,287100,120800,51550,22270,9735,4306,1927,872.1,399.1,184.6,86.29,40.76
01/11/2013,341100,12280000,25910000,13050000,5554000,2410000,1073000,486100,223200,103800,48790,23190,11140,5405,2650,1312,656,331.1,168.7
01/12/2013,331100,11310000,24460000,12530000,5408000,2376000,1070000,490200,227600,107000,50830,24410,11850,5808,2876,1438,726.2,370.1,190.4
01/01/2014,388200,12710000,26560000,13590000,5931000,2652000,1216000,567900,268600,128600,62210,30420,15030,7496,3776,1921,986,510.9,267.1
01/02/2014,433800,13740000,29350000,15160000,6624000,2959000,1355000,631700,298300,142600,68860,33620,16580,8257,4153,2109,1081,559.2,291.9
01/03/2014,460000,17080000,37810000,19930000,8836000,3997000,1853000,874300,417800,202000,98740,48760,24320,12250,6229,3198,1657,866.2,456.9
01/04/2014,460000,17080000,37810000,19930000,8836000,3997000,1853000,874300,417800,202000,98740,48760,24320,12250,6229,3198,1657,866.2,456.9
01/05/2014,393800,15100000,31240000,15480000,6462000,2751000,1201000,533700,240400,109700,50610,23620,11140,5311,2558,1245,611.8,303.6,152.1
01/06/2014,332700,11130000,21700000,10180000,4034000,1631000,676700,286000,122600,53250,23410,10420,4689,2134,982.3,457,214.9,102.1,48.99
01/07/2014,314800,10120000,19870000,9574000,3937000,1658000,716700,315600,140900,63710,29150,13490,6308,2982,1425,687.8,335.4,165.2,82.12
01/08/2014,322500,11840000,24400000,12220000,5204000,2267000,1014000,461500,212900,99460,46980,22430,10820,5276,2598,1292,648.7,328.8,168.2
01/09/2014,338200,13470000,27240000,13270000,5466000,2299000,992200,435900,194200,87620,40000,18470,8619,4067,1939,934.1,454.6,223.4,110.9
01/10/2014,395900,17480000,37620000,19650000,8709000,3950000,1838000,870900,417900,203000,99620,49400,24740,12510,6388,3293,1713,898.8,475.9
01/11/2014,392200,14920000,30460000,15170000,6410000,2769000,1227000,553600,253100,117200,54860,25970,12420,6004,2932,1446,720.3,362.2,183.8
01/12/2014,413800,14980000,32250000,17140000,7792000,3636000,1742000,849300,419400,209500,105700,53880,27720,14400,7547,3992,2130,1146,622.2
01/01/2015,331100,9918000,21160000,10640000,4496000,1934000,852900,382700,174000,80160,37330,17580,8367,4025,1956,959.9,475.8,238.1,120.3
01/02/2015,0,14370000,30490000,15680000,6854000,3070000,1411000,659900,312700,150000,72750,35640,17640,8818,4451,2268,1167,605.6,317.2
01/03/2015,396700,16180000,34000000,17020000,7173000,3088000,1363000,612700,279100,128800,60060,28330,13500,6505,3166,1556,772.6,387.2,195.9
01/04/2015,420900,16390000,33670000,16540000,6849000,2895000,1255000,553800,247800,112300,51490,23870,11190,5301,2538,1227,599.7,295.9,147.4
01/05/2015,373100,13800000,27020000,12670000,5007000,2019000,835200,351900,150400,65160,28570,12680,5691,2584,1186,550.4,258.1,122.3,58.56
01/06/2015,317100,11020000,21070000,9688000,3768000,1497000,609900,253200,106700,45570,19710,8626,3820,1711,775.2,355.1,164.4,76.93,36.37
01/07/2015,288900,8999000,16450000,7307000,2762000,1068000,424400,171900,70640,29460,12440,5317,2300,1007,446.1,199.9,90.53,41.46,19.19
01/08/2015,286400,9698000,17820000,7903000,2977000,1147000,453900,183100,74960,31130,13100,5577,2404,1049,462.8,206.6,93.25,42.56,19.63
01/09/2015,313500,10720000,18910000,8024000,2888000,1063000,401900,155000,60730,24150,9730,3972,1642,687.6,291.4,125,54.23,23.8,10.57
01/10/2015,356300,14340000,27310000,12840000,5177000,2143000,911800,395300,173800,77460,34920,15920,7344,3424,1613,768.3,369.6,179.6,88.14
01/11/2015,361300,13210000,24450000,11320000,4519000,1855000,782700,336700,146900,64940,29060,13150,6020,2786,1304,616.4,294.5,142.1,69.27
01/12/2015,339500,11130000,20160000,9106000,3539000,1414000,580900,243200,103300,44490,19390,8556,3819,1724,787,363.2,169.4,79.86,38.03
01/01/2016,282200,9111000,17950000,8385000,3317000,1340000,555900,234900,100700,43730,19230,8554,3850,1752,806.3,375.1,176.4,83.77,40.2
01/02/2016,361700,10560000,19010000,8328000,3108000,1190000,467500,187400,76220,31460,13150,5566,2385,1034,453.7,201.4,90.38,41.01,18.81
01/03/2016,377000,12420000,22480000,9714000,3545000,1323000,507000,198100,78570,31630,12900,5332,2231,944.9,405.1,175.7,77.12,34.23,15.36
01/04/2016,380200,12510000,21730000,8970000,3121000,1110000,405300,151000,57170,21980,8568,3386,1355,549.7,225.8,93.89,39.52,16.83,7.255
01/05/2016,337500,13160000,24190000,10740000,4046000,1561000,618800,250000,102500,42640,17960,7662,3308,1445,638.7,285.5,129.1,58.98,27.24
01/06/2016,296300,9395000,16040000,6655000,2354000,853900,318400,121100,46810,18370,7305,2944,1202,496.9,208,88.13,37.79,16.39,7.191
01/07/2016,263300,7977000,13200000,5230000,1760000,606900,215300,77960,28700,10740,4074,1567,611.2,241.5,96.7,39.21,16.1,6.691,2.815
01/08/2016,271800,7984000,12850000,4898000,1582000,523300,178100,61940,21910,7879,2875,1065,399.8,152.2,58.74,22.97,9.101,3.652,1.484
01/09/2016,293500,12240000,22370000,9887000,3717000,1432000,566600,228600,93600,38880,16360,6968,3004,1311,578.5,258.3,116.6,53.22,24.55
01/10/2016,316300,12640000,21970000,9289000,3347000,1236000,469200,181700,71450,28520,11540,4728,1962,824.5,350.7,150.9,65.73,28.95,12.9
01/11/2016,326100,11210000,18560000,7592000,2666000,962200,357300,135400,52130,20380,8077,3243,1319,543.6,226.8,95.75,40.92,17.69,7.736
01/12/2016,328400,8717000,13560000,5260000,1762000,608300,216300,78530,28990,10870,4137,1596,623.9,247.2,99.22,40.34,16.6,6.917,2.917
01/01/2017,311900,8703000,14030000,5543000,1879000,655700,235400,86280,32150,12170,4671,1817,716.8,286.4,115.9,47.53,19.72,8.284,3.521
01/02/2017,321200,10420000,17830000,7335000,2568000,922800,340800,128400,49170,19110,7533,3009,1217,498.9,207,86.97,36.98,15.91,6.922
01/03/2017,342400,13060000,23460000,10030000,3627000,1343000,510500,197900,77930,31150,12610,5175,2150,904.4,385.1,165.9,72.33,31.89,14.22
01/04/2017,359700,13810000,24560000,10460000,3770000,1391000,527300,203900,80060,31910,12890,5273,2185,916.8,389.4,167.4,72.78,32.01,14.24
01/05/2017,334400,11180000,18630000,7439000,2518000,873200,311200,113200,41880,15740,5996,2317,907.3,360.1,144.8,58.94,24.3,10.14,4.281
01/06/2017,286200,9031000,14780000,5824000,1952000,671200,237300,85670,31440,11730,4436,1701,661.5,260.7,104.1,42.08,17.23,7.141,2.996
01/07/2017,254700,8092000,13250000,5190000,1728000,590100,207200,74330,27110,10040,3776,1439,556.2,217.9,86.46,34.76,14.15,5.832,2.433
01/08/2017,267800,8060000,13000000,4971000,1611000,535200,182900,63860,22680,8185,2998,1114,420,160.5,62.15,24.39,9.697,3.904,1.591
01/09/2017,293800,11190000,19550000,8259000,2966000,1092000,412900,159300,62410,24820,10010,4086,1690,707.6,300,128.7,55.86,24.52,10.89
01/10/2017,293800,11190000,19550000,8259000,2966000,1092000,412900,159300,62410,24820,10010,4086,1690,707.6,300,128.7,55.86,24.52,10.89
01/11/2017,332200,10080000,15690000,6015000,1980000,670600,233800,83250,30150,11100,4143,1569,602.3,234.4,92.43,36.92,14.94,6.119,2.537
01/12/2017,315600,8952000,13910000,5348000,1771000,604000,212100,76110,27770,10290,3871,1476,570.7,223.6,88.78,35.7,14.54,5.995,2.502
01/01/2018,266500,7200000,12090000,4719000,1558000,526300,182900,64950,23450,8605,3203,1209,463,179.7,70.66,28.15,11.36,4.64,1.919
01/02/2018,332800,8648000,13350000,4895000,1524000,487200,160300,53930,18460,6428,2272,815.4,296.9,109.6,41.06,15.59,5.998,2.338,0.9234
01/03/2018,352100,10580000,16910000,6345000,2007000,649900,216500,73670,25510,8981,3210,1164,428.5,159.9,60.53,23.22,9.025,3.554,1.417
01/04/2018,356800,11710000,18880000,7163000,2289000,748300,251500,86370,30170,10720,3863,1413,524.4,197.3,75.28,29.11,11.4,4.525,1.818
01/05/2018,330800,10480000,16660000,6310000,2023000,664400,224400,77470,27200,9709,3518,1293,482.2,182.3,69.88,27.14,10.68,4.258,1.719
01/06/2018,273300,10050000,17140000,7048000,2466000,885000,326500,122900,47010,18260,7188,2868,1159,474.7,196.8,82.61,35.09,15.08,6.558
01/07/2018,260400,7159000,10940000,3978000,1230000,390800,127800,42750,14550,5038,1771,632.1,228.9,84.09,31.33,11.83,4.53,1.757,0.6905
01/08/2018,260700,7803000,12120000,4441000,1380000,439700,144300,48380,16520,5734,2021,723.3,262.6,96.72,36.13,13.68,5.25,2.041,0.8041
01/09/2018,288800,9173000,14120000,5132000,1579000,497800,161600,53620,18110,6224,2172,769.4,276.6,100.9,37.32,14,5.323,2.051,0.8006
01/10/2018,310400,10960000,17340000,6602000,2138000,710300,242800,84780,30110,10870,3983,1480,558.1,213.3,82.62,32.43,12.89,5.192,2.117
01/11/2018,323000,10040000,15400000,5781000,1861000,616200,210100,73180,25930,9340,3415,1266,476.3,181.7,70.22,27.5,10.91,4.386,1.785
01/12/2018,313600,8751000,13370000,5032000,1630000,543800,186900,65610,23430,8507,3134,1171,443.8,170.5,66.38,26.19,10.47,4.235,1.735
01/01/2019,270300,6845000,11130000,4175000,1323000,429300,143400,48960,17010,6009,2155,784.1,289.5,108.4,41.14,15.83,6.17,2.437,0.9746
01/02/2019,323600,9621000,15710000,6143000,2042000,696600,244400,87560,31900,11810,4433,1688,651.7,255,101.1,40.6,16.51,6.799,2.833
01/03/2019,339300,12020000,20530000,8277000,2814000,979400,350200,127800,47390,17850,6822,2643,1038,412.9,166.4,67.92,28.07,11.74,4.97
01/04/2019,355900,12100000,19940000,7740000,2530000,846100,290800,102000,36420,13210,4863,1816,687.7,264,102.7,40.49,16.17,6.54,2.677
01/05/2019,320000,11510000,19150000,7587000,2541000,871500,307200,110600,40450,15040,5671,2168,840.6,330.2,131.4,53,21.64,8.944,3.741
01/06/2019,284300,8391000,13060000,4859000,1538000,499400,166900,57030,19820,7007,2514,915.3,338.1,126.6,48.1,18.51,7.222,2.853,1.142
01/07/2019,253000,7565000,11810000,4384000,1383000,447900,149300,50880,17640,6219,2226,808.3,297.8,111.3,42.17,16.19,6.302,2.484,0.9919
01/08/2019,257300,7856000,12170000,4438000,1371000,434600,141800,47310,16060,5547,1945,692.6,250.2,91.7,34.08,12.84,4.906,1.899,0.7445
01/09/2019,266000,11190000,18940000,7594000,2576000,894200,319100,116200,43030,16190,6175,2388,936.3,371.9,149.7,61,25.17,10.51,4.444
01/10/2019,307500,11140000,17730000,6795000,2215000,740300,254600,89450,31960,11610,4278,1599,606.2,233,90.75,35.82,14.32,5.796,2.375
01/11/2019,326700,9866000,15020000,5608000,1797000,592400,201100,69780,24630,8836,3217,1189,445.4,169.2,65.17,25.44,10.06,4.027,1.633
01/12/2019,318300,8511000,12850000,4784000,1533000,506300,172200,59880,21180,7614,2778,1028,386.2,147,56.73,22.18,8.787,3.525,1.432
01/01/2020,273600,6702000,10780000,3989000,1247000,399400,131700,44400,15230,5316,1883,677.2,247.1,91.43,34.31,13.05,5.032,1.966,0.7777
01/02/2020,333400,8898000,14000000,5262000,1682000,551800,186300,64290,22570,8053,2917,1072,399.6,151.1,57.89,22.48,8.845,3.525,1.423
01/03/2020,353400,10750000,17330000,6566000,2098000,686200,230800,79310,27730,9854,3555,1301,483.2,182,69.46,26.87,10.53,4.183,1.682
01/04/2020,356000,11860000,19290000,7390000,2385000,787600,267400,92710,32700,11720,4266,1575,589.7,223.9,86.17,33.61,13.28,5.315,2.154
01/05/2020,325800,10690000,17190000,6582000,2134000,708800,242100,84480,29980,10810,3959,1470,553.8,211.5,81.87,32.11,12.76,5.134,2.092
01/06/2020,280800,8643000,13700000,5208000,1684000,558900,190800,66580,23620,8521,3119,1158,436.2,166.6,64.47,25.28,10.05,4.042,1.647
01/07/2020,256800,7341000,11350000,4170000,1303000,418000,138100,46620,16020,5599,1987,715.4,261.4,96.87,36.4,13.87,5.354,2.094,0.8297
01/08/2020,265400,7639000,11740000,4268000,1317000,416900,135900,45290,15370,5302,1858,660.9,238.6,87.36,32.45,12.22,4.663,1.804,0.7066
01/09/2020,279800,10470000,17270000,6761000,2241000,760400,265300,94550,34260,12610,4711,1785,685.5,266.9,105.3,42.07,17.03,6.978,2.895
01/10/2020,314000,11470000,18740000,7414000,2498000,863300,306800,111400,41080,15400,5853,2256,881.3,348.9,139.9,56.85,23.38,9.735,4.102
01/11/2020,328700,10970000,17980000,7283000,2532000,905100,332800,124900,47640,18450,7245,2883,1162,474.7,196.3,82.18,34.82,14.93,6.475
01/12/2020,345600,9318000,15240000,6315000,2271000,842500,321800,125400,49650,19950,8121,3349,1399,591.4,253.1,109.6,48,21.27,9.527
01/01/2021,327600,8150000,12890000,5007000,1671000,574100,203000,73330,26930,10050,3802,1459,567.6,223.8,89.38,36.16,14.81,6.142,2.578
01/02/2021,336700,8948000,14230000,5403000,1744000,577600,196800,68530,24270,8738,3193,1183,444.9,169.6,65.51,25.65,10.17,4.086,1.662
01/03/2021,342900,12400000,21620000,8952000,3132000,1122000,412700,154900,59070,22880,8980,3573,1440,588.1,243.2,101.8,43.13,18.49,8.017
01/04/2021,357600,12380000,20740000,8211000,2739000,934700,327700,117300,42690,15790,5922,2253,868.9,339.6,134.5,53.98,21.93,9.023,3.757
01/05/2021,331300,11020000,18140000,7128000,2372000,808600,283300,101400,36870,13630,5110,1943,749.2,292.8,115.9,46.49,18.88,7.766,3.233
01/06/2021,296400,8598000,13850000,5404000,1799000,614700,216000,77550,28300,10500,3948,1506,582.6,228.4,90.69,36.49,14.86,6.131,2.559
01/07/2021,269900,8079000,13440000,5452000,1891000,673600,246700,92250,35050,13520,5290,2097,842.6,342.9,141.3,58.95,24.89,10.64,4.598
01/08/2021,270600,7993000,12870000,4932000,1604000,534600,183300,64220,22880,8288,3046,1136,429.4,164.6,63.96,25.18,10.04,4.054,1.658
01/09/2021,301700,9993000,16590000,6621000,2244000,779000,278000,101300,37530,14120,5390,2086,818,325.1,130.9,53.36,22.03,9.205,3.892
01/10/2021,327600,12670000,22260000,9588000,3528000,1332000,517000,204700,82260,33550,13860,5799,2457,1053,457.1,200.6,89.08,40,18.15
01/11/2021,342700,11850000,20350000,8758000,3252000,1243000,489100,196200,79930,33030,13820,5859,2514,1091,479.4,213,95.71,43.48,19.97
01/12/2021,326100,10780000,18880000,8267000,3123000,1214000,485600,198000,81970,34420,14630,6297,2743,1209,538.9,242.9,110.7,51.03,23.76
01/01/2022,338000,9917000,17700000,7841000,2989000,1172000,472400,194100,80940,34230,14660,6353,2787,1237,555,251.9,115.6,53.6,25.12
01/02/2022,381000,11270000,21130000,9735000,3836000,1551000,644500,272800,117200,51010,22470,10020,4518,2060,950,442.8,208.6,99.26,47.72
01/03/2022,390200,13110000,24870000,11260000,4294000,1674000,669100,272600,112700,47260,20070,8627,3753,1652,735.7,331.3,150.9,69.43,32.3
01/04/2022,475600,22350000,50980000,27500000,12510000,5832000,2793000,1362000,672900,336400,169900,86650,44620,23190,12170,6440,3439,1852,1006
01/05/2022,,,,,,,,,,,,,,,,,,,
01/06/2022,,,,,,,,,,,,,,,,,,,
01/07/2022,,,,,,,,,,,,,,,,,,,
01/08/2022,,,,,,,,,,,,,,,,,,,
01/09/2022,,,,,,,,,,,,,,,,,,,
01/10/2022,,,,,,,,,,,,,,,,,,,
01/11/2022,,,,,,,,,,,,,,,,,,,
01/12/2022,,,,,,,,,,,,,,,,,,,
01/01/2023,,,,,,,,,,,,,,,,,,,
01/02/2023,,,,,,,,,,,,,,,,,,,
01/03/2023,,,,,,,,,,,,,,,,,,,
01/04/2023,,,,,,,,,,,,,,,,,,,
01/05/2023,,,,,,,,,,,,,,,,,,,
01/06/2023,,,,,,,,,,,,,,,,,,,
01/07/2023,,,,,,,,,,,,,,,,,,,
01/08/2023,,,,,,,,,,,,,,,,,,,
01/09/2023,,,,,,,,,,,,,,,,,,,
01/10/2023,,,,,,,,,,,,,,,,,,,
01/11/2023,,,,,,,,,,,,,,,,,,,
01/12/2023,,,,,,,,,,,,,,,,,,,
01/01/2024,,,,,,,,,,,,,,,,,,,
01/02/2024,,,,,,,,,,,,,,,,,,,
01/03/2024,,,,,,,,,,,,,,,,,,,
01/04/2024,,,,,,,,,,,,,,,,,,,
01/05/2024,,,,,,,,,,,,,,,,,,,
01/06/2024,,,,,,,,,,,,,,,,,,,
01/07/2024,,,,,,,,,,,,,,,,,,,
01/08/2024,,,,,,,,,,,,,,,,,,,
01/09/2024,,,,,,,,,,,,,,,,,,,
01/10/2024,,,,,,,,,,,,,,,,,,,
01/11/2024,,,,,,,,,,,,,,,,,,,
01/12/2024,,,,,,,,,,,,,,,,,,,
01/01/2025,,,,,,,,,,,,,,,,,,,
01/02/2025,,,,,,,,,,,,,,,,,,,
01/03/2025,,,,,,,,,,,,,,,,,,,
01/04/2025,,,,,,,,,,,,,,,,,,,
01/05/2025,,,,,,,,,,,,,,,,,,,
01/06/2025,,,,,,,,,,,,,,,,,,,
01/07/2025,,,,,,,,,,,,,,,,,,,
01/08/2025,,,,,,,,,,,,,,,,,,,
01/09/2025,,,,,,,,,,,,,,,,,,,
01/10/2025,,,,,,,,,,,,,,,,,,,
01/11/2025,,,,,,,,,,,,,,,,,,,
01/12/2025,,,,,,,,,,,,,,,,,,,
01/01/2026,,,,,,,,,,,,,,,,,,,
01/02/2026,,,,,,,,,,,,,,,,,,,
01/03/2026,,,,,,,,,,,,,,,,,,,
01/04/2026,,,,,,,,,,,,,,,,,,,
01/05/2026,,,,,,,,,,,,,,,,,,,
01/06/2026,,,,,,,,,,,,,,,,,,,
01/07/2026,,,,,,,,,,,,,,,,,,,
01/08/2026,,,,,,,,,,,,,,,,,,,
01/09/2026,,,,,,,,,,,,,,,,,,,
01/10/2026,,,,,,,,,,,,,,,,,,,
01/11/2026,,,,,,,,,,,,,,,,,,,
01/12/2026,,,,,,,,,,,,,,,,,,,
01/01/2027,,,,,,,,,,,,,,,,,,,
01/02/2027,,,,,,,,,,,,,,,,,,,
01/03/2027,,,,,,,,,,,,,,,,,,,
01/04/2027,,,,,,,,,,,,,,,,,,,
01/05/2027,,,,,,,,,,,,,,,,,,,
01/06/2027,,,,,,,,,,,,,,,,,,,
01/07/2027,,,,,,,,,,,,,,,,,,,
01/08/2027,,,,,,,,,,,,,,,,,,,
01/09/2027,,,,,,,,,,,,,,,,,,,
01/10/2027,,,,,,,,,,,,,,,,,,,
01/11/2027,,,,,,,,,,,,,,,,,,,
01/12/2027,,,,,,,,,,,,,,,,,,,
01/01/2028,,,,,,,,,,,,,,,,,,,
01/02/2028,,,,,,,,,,,,,,,,,,,
01/03/2028,,,,,,,,,,,,,,,,,,,
01/04/2028,,,,,,,,,,,,,,,,,,,
01/05/2028,,,,,,,,,,,,,,,,,,,
01/06/2028,,,,,,,,,,,,,,,,,,,
01/07/2028,,,,,,,,,,,,,,,,,,,
01/08/2028,,,,,,,,,,,,,,,,,,,
01/09/2028,,,,,,,,,,,,,,,,,,,
01/10/2028,,,,,,,,,,,,,,,,,,,
01/11/2028,,,,,,,,,,,,,,,,,,,
01/12/2028,,,,,,,,,,,,,,,,,,,
01/01/2029,,,,,,,,,,,,,,,,,,,
01/02/2029,,,,,,,,,,,,,,,,,,,
01/03/2029,,,,,,,,,,,,,,,,,,,
01/04/2029,,,,,,,,,,,,,,,,,,,
01/05/2029,,,,,,,,,,,,,,,,,,,
01/06/2029,,,,,,,,,,,,,,,,,,,
01/07/2029,,,,,,,,,,,,,,,,,,,
01/08/2029,,,,,,,,,,,,,,,,,,,
01/09/2029,,,,,,,,,,,,,,,,,,,
01/10/2029,,,,,,,,,,,,,,,,,,,
01/11/2029,,,,,,,,,,,,,,,,,,,
01/12/2029,,,,,,,,,,,,,,,,,,,
01/01/2030,,,,,,,,,,,,,,,,,,,
01/02/2030,,,,,,,,,,,,,,,,,,,
01/03/2030,,,,,,,,,,,,,,,,,,,
01/04/2030,,,,,,,,,,,,,,,,,,,
01/05/2030,,,,,,,,,,,,,,,,,,,
01/06/2030,,,,,,,,,,,,,,,,,,,
01/07/2030,,,,,,,,,,,,,,,,,,,
01/08/2030,,,,,,,,,,,,,,,,,,,
01/09/2030,,,,,,,,,,,,,,,,,,,
01/10/2030,,,,,,,,,,,,,,,,,,,
01/11/2030,,,,,,,,,,,,,,,,,,,
01/12/2030,,,,,,,,,,,,,,,,,,,
