Date,"He, cm-3 (100 km)","He, cm-3 (150 km)","He, cm-3 (200 km)","He, cm-3 (250 km)","He, cm-3 (300 km)","He, cm-3 (350 km)","He, cm-3 (400 km)","He, cm-3 (450 km)","He, cm-3 (500 km)","He, cm-3 (550 km)","He, cm-3 (600 km)","He, cm-3 (650 km)","He, cm-3 (700 km)","He, cm-3 (750 km)","He, cm-3 (800 km)","He, cm-3 (850 km)","He, cm-3 (900 km)","He, cm-3 (950 km)","He, cm-3 (1000 km)"
01/01/1996,139800000,11080000,6957000,4957000,3617000,2661000,1968000,1462000,1091000,817500,615200,464800,352600,268500,205300,157500,121300,93750,72710
01/02/1996,138700000,11700000,7339000,5230000,3818000,2811000,2080000,1546000,1155000,865800,651900,492900,374100,285100,218100,167400,129000,99770,77420
01/03/1996,145200000,14290000,8914000,6306000,4567000,3335000,2448000,1805000,1337000,995100,743500,557900,420300,317900,241400,184000,140800,108100,83350
01/04/1996,141500000,17850000,11090000,7881000,5754000,4239000,3139000,2336000,1745000,1310000,987100,746800,567300,432600,331200,254500,196200,151900,117900
01/05/1996,133100000,15520000,9651000,6850000,4990000,3667000,2709000,2010000,1498000,1122000,843100,636400,482300,366900,280200,214800,165300,127600,98900
01/06/1996,118700000,10580000,6617000,4688000,3398000,2482000,1823000,1345000,996800,741900,554600,416300,313800,237400,180400,137600,105300,80890,62370
01/07/1996,106400000,8300000,5222000,3708000,2692000,1969000,1447000,1069000,793100,590900,442200,332200,250700,189900,144400,110200,84430,64930,50110
01/08/1996,104800000,8993000,5652000,4042000,2963000,2190000,1627000,1215000,910600,685500,518100,393200,299600,229100,175900,135500,104800,81340,63340
01/09/1996,120400000,11820000,7371000,5226000,3795000,2779000,2046000,1513000,1124000,838200,627900,472300,356800,270500,205900,157400,120700,92920,71780
01/10/1996,136400000,16080000,9977000,7054000,5114000,3739000,2748000,2029000,1505000,1121000,839100,630400,475500,360100,273800,209000,160100,123100,94990
01/11/1996,147300000,16500000,10250000,7271000,5293000,3886000,2869000,2127000,1585000,1185000,890500,671700,508700,386700,295200,226100,173900,134200,103900
01/12/1996,145800000,13160000,8209000,5887000,4344000,3236000,2424000,1823000,1378000,1045000,795900,608500,467000,359800,278200,215900,168100,131400,103000
01/01/1997,140300000,11150000,7011000,5000000,3651000,2688000,1989000,1478000,1103000,827200,622700,470700,357200,272100,208100,159800,123100,95170,73840
01/02/1997,140900000,11520000,7230000,5134000,3729000,2730000,2009000,1485000,1103000,822300,615900,463100,349700,265100,201800,154100,118200,90950,70240
01/03/1997,138900000,15310000,9575000,6845000,5025000,3722000,2772000,2073000,1557000,1175000,889900,676700,516600,395900,304500,235100,182200,141600,110500
01/04/1997,140300000,18110000,11260000,8049000,5920000,4396000,3282000,2461000,1854000,1402000,1064000,811400,620900,477000,367800,284600,221000,172200,134600
01/05/1997,123000000,18070000,11270000,8128000,6049000,4549000,3440000,2612000,1992000,1526000,1173000,904700,700600,544500,424700,332400,261000,205700,162600
01/06/1997,117500000,11050000,6919000,4934000,3608000,2660000,1972000,1468000,1098000,824400,621700,470700,357800,273100,209200,160800,124100,96090,74670
01/07/1997,108500000,8069000,5078000,3600000,2607000,1901000,1394000,1027000,759600,564500,421300,315700,237600,179500,136200,103700,79240,60790,46800
01/08/1997,108100000,8640000,5447000,3876000,2819000,2065000,1520000,1124000,835400,623400,467100,351400,265500,201400,153300,117200,89900,69220,53490
01/09/1997,121500000,11470000,7173000,5174000,3843000,2881000,2171000,1644000,1250000,953900,730900,562200,434000,336300,261500,204100,159800,125600,98970
01/10/1997,119900000,19340000,12080000,8841000,6713000,5159000,3989000,3097000,2415000,1889000,1483000,1169000,924000,732900,583200,465600,372900,299500,241300
01/11/1997,142400000,17680000,11040000,8030000,6044000,4599000,3520000,2706000,2088000,1617000,1258000,981300,768400,603800,476000,376600,298800,237900,190000
01/12/1997,145100000,13470000,8425000,6162000,4669000,3578000,2758000,2136000,1660000,1295000,1014000,796500,627900,496700,394200,313900,250700,200800,161400
01/01/1998,140900000,10970000,6910000,5043000,3798000,2890000,2211000,1699000,1310000,1014000,788300,614800,481200,378000,297900,235500,186800,148700,118700
01/02/1998,138400000,12060000,7610000,5537000,4148000,3136000,2384000,1820000,1395000,1074000,829200,642800,500200,390500,306000,240600,189800,150200,119200
01/03/1998,138500000,15860000,9987000,7323000,5551000,4254000,3277000,2536000,1970000,1536000,1201000,943400,743300,587600,466000,370800,296000,237000,190300
01/04/1998,148400000,16960000,10610000,7779000,5904000,4531000,3497000,2710000,2109000,1647000,1291000,1015000,801000,634300,503800,401500,321000,257400,207100
01/05/1998,133000000,16770000,10520000,7751000,5919000,4572000,3552000,2772000,2171000,1706000,1346000,1065000,845700,673800,538500,431700,347100,280000,226500
01/06/1998,120400000,11220000,7083000,5192000,3925000,2997000,2301000,1773000,1372000,1066000,830800,650000,510300,402000,317700,252000,200400,160000,128000
01/07/1998,108800000,8421000,5333000,3949000,3026000,2344000,1826000,1428000,1121000,883500,698500,554100,441000,352100,282000,226600,182600,147600,119700
01/08/1998,103200000,10110000,6441000,4809000,3718000,2907000,2285000,1804000,1429000,1136000,905500,724500,581500,468100,378000,306200,248700,202600,165500
01/09/1998,114900000,13060000,8208000,6174000,4862000,3888000,3131000,2533000,2056000,1674000,1367000,1120000,919600,757500,625600,518100,430200,358100,298800
01/10/1998,126700000,18930000,11920000,8917000,6949000,5489000,4362000,3481000,2788000,2241000,1806000,1461000,1185000,963600,786200,643200,527700,434100,358100
01/11/1998,148100000,17190000,10820000,8045000,6210000,4852000,3813000,3009000,2383000,1894000,1510000,1208000,969200,780100,629900,510100,414300,337500,275600
01/12/1998,140200000,14460000,9104000,6851000,5393000,4311000,3469000,2804000,2274000,1851000,1510000,1236000,1015000,835200,689400,570500,473400,393800,328400
01/01/1999,140100000,11140000,7052000,5318000,4187000,3344000,2688000,2169000,1757000,1428000,1163000,950900,779400,640700,528100,436500,361700,300500,250300
01/02/1999,147500000,11250000,7184000,5339000,4093000,3168000,2464000,1925000,1509000,1187000,937100,742300,590000,470400,376300,301900,243000,196100,158800
01/03/1999,147500000,11250000,7184000,5339000,4093000,3168000,2464000,1925000,1509000,1187000,937100,742300,590000,470400,376300,301900,243000,196100,158800
01/04/1999,141800000,19460000,12300000,9132000,7026000,5468000,4279000,3363000,2652000,2099000,1667000,1328000,1061000,851000,684500,552200,446800,362600,295100
01/05/1999,127800000,18640000,11770000,8829000,6901000,5467000,4357000,3488000,2801000,2257000,1825000,1479000,1203000,981200,802600,658300,541400,446500,369200
01/06/1999,120300000,11710000,7432000,5626000,4444000,3560000,2869000,2322000,1886000,1536000,1255000,1028000,845000,696300,575300,476600,395900,329600,275200
01/07/1999,109700000,8721000,5557000,4241000,3384000,2740000,2233000,1828000,1501000,1236000,1021000,845300,701900,584300,487700,408100,342400,287900,242700
01/08/1999,109200000,9150000,5834000,4449000,3543000,2863000,2328000,1900000,1556000,1279000,1053000,870300,721000,598800,498700,416400,348500,292400,245900
01/09/1999,115000000,13650000,8651000,6574000,5228000,4222000,3432000,2801000,2294000,1885000,1553000,1283000,1063000,882800,735200,613800,513700,431000,362500
01/10/1999,135000000,18130000,11550000,8703000,6811000,5393000,4295000,3433000,2754000,2216000,1789000,1449000,1177000,958600,783100,641600,527100,434200,358600
01/11/1999,143000000,18420000,11680000,8861000,7028000,5656000,4581000,3725000,3040000,2488000,2042000,1681000,1388000,1149000,953100,793100,661600,553200,463800
01/12/1999,146000000,14200000,9058000,6889000,5461000,4388000,3546000,2878000,2343000,1913000,1567000,1287000,1060000,875800,725300,602200,501400,418400,350100
01/01/2000,129500000,13230000,8497000,6459000,5106000,4087000,3290000,2659000,2156000,1754000,1431000,1171000,960500,790300,652100,539400,447400,372100,310200
01/02/2000,140300000,12540000,8064000,6115000,4808000,3824000,3057000,2454000,1976000,1596000,1293000,1051000,856800,700500,574300,472100,389200,321700,266500
01/03/2000,138000000,16340000,10400000,7972000,6415000,5247000,4322000,3575000,2967000,2470000,2061000,1725000,1447000,1217000,1026000,866600,734000,623100,530100
01/04/2000,142200000,19320000,12270000,9410000,7581000,6209000,5122000,4243000,3526000,2939000,2456000,2058000,1729000,1456000,1229000,1040000,881500,749300,638200
01/05/2000,131200000,18650000,11930000,9137000,7310000,5932000,4843000,3969000,3264000,2692000,2226000,1846000,1535000,1280000,1069000,896100,752600,633700,534800
01/06/2000,119300000,12690000,8175000,6252000,4971000,4001000,3237000,2630000,2143000,1752000,1436000,1180000,973100,804400,666700,554100,461600,385600,322800
01/07/2000,109800000,9455000,6123000,4691000,3729000,2998000,2424000,1966000,1600000,1306000,1069000,878100,723000,597000,494200,410200,341400,284800,238200
01/08/2000,108100000,10150000,6555000,4999000,3955000,3164000,2545000,2054000,1664000,1352000,1102000,900400,738000,606600,499900,413200,342400,284400,236900
01/09/2000,117500000,14100000,9019000,6880000,5471000,4408000,3573000,2907000,2373000,1943000,1596000,1314000,1085000,898400,745900,620800,518100,433400,363400
01/10/2000,133000000,17920000,11330000,8632000,6895000,5595000,4572000,3752000,3089000,2551000,2112000,1754000,1460000,1219000,1020000,855800,719700,606700,512600
01/11/2000,145300000,17650000,11170000,8517000,6804000,5521000,4511000,3701000,3046000,2515000,2082000,1729000,1439000,1201000,1005000,842600,708400,597000,504300
01/12/2000,145000000,13880000,8820000,6723000,5363000,4343000,3540000,2897000,2379000,1960000,1619000,1341000,1114000,927200,774000,647800,543500,457100,385300
01/01/2001,144100000,10990000,7025000,5335000,4217000,3376000,2719000,2198000,1783000,1451000,1184000,969200,795600,654800,540500,447300,371200,308800,257500
01/02/2001,140000000,12200000,7788000,5893000,4638000,3697000,2965000,2387000,1928000,1562000,1269000,1035000,846000,693600,570300,470100,388600,322100,267600
01/03/2001,146700000,15380000,9836000,7418000,5800000,4587000,3647000,2911000,2331000,1873000,1510000,1221000,990200,805400,657000,537500,441000,362700,299200
01/04/2001,132500000,20430000,12860000,9826000,7915000,6496000,5376000,4471000,3730000,3121000,2619000,2203000,1857000,1570000,1330000,1130000,961500,820200,701200
01/05/2001,139400000,16020000,10140000,7716000,6140000,4959000,4032000,3291000,2696000,2215000,1825000,1508000,1249000,1037000,864000,721400,603800,506600,426100
01/06/2001,118500000,12670000,8103000,6130000,4817000,3831000,3064000,2460000,1982000,1602000,1298000,1056000,861000,704100,577500,475000,391700,323900,268500
01/07/2001,108800000,9154000,5863000,4426000,3466000,2745000,2186000,1747000,1402000,1128000,910500,737300,598900,487800,398500,326500,268200,220900,182500
01/08/2001,108800000,9947000,6426000,4849000,3776000,2969000,2346000,1861000,1481000,1183000,947700,761700,614100,496600,402800,327700,267300,218700,179400
01/09/2001,124400000,12360000,7904000,6041000,4814000,3888000,3158000,2576000,2107000,1729000,1423000,1175000,972000,806500,671000,559600,467900,392200,329500
01/10/2001,121900000,20310000,13000000,10070000,8207000,6798000,5673000,4753000,3995000,3366000,2844000,2409000,2045000,1740000,1484000,1268000,1086000,932500,802100
01/11/2001,136100000,19810000,12690000,9827000,7984000,6590000,5477000,4570000,3825000,3210000,2701000,2279000,1927000,1633000,1387000,1181000,1008000,862300,739100
01/12/2001,144900000,14340000,9238000,7156000,5796000,4763000,3938000,3269000,2721000,2272000,1901000,1596000,1342000,1132000,957000,810900,688700,586200,500000
01/01/2002,139900000,11490000,7409000,5744000,4660000,3836000,3178000,2643000,2205000,1844000,1547000,1300000,1096000,926000,784200,665700,566300,482900,412700
01/02/2002,137100000,12500000,8043000,6227000,5049000,4155000,3443000,2863000,2389000,1999000,1676000,1410000,1188000,1004000,850600,722100,614500,524000,447900
01/03/2002,143800000,15660000,10040000,7720000,6205000,5058000,4150000,3417000,2823000,2339000,1943000,1619000,1352000,1132000,950200,799500,674300,570100,483100
01/04/2002,139400000,20050000,12740000,9761000,7847000,6411000,5274000,4357000,3611000,3002000,2502000,2091000,1752000,1471000,1239000,1045000,884300,749800,637200
01/05/2002,139500000,16730000,10680000,8122000,6427000,5151000,4152000,3359000,2727000,2221000,1814000,1486000,1220000,1005000,830300,687700,571000,475300,396700
01/06/2002,122400000,11310000,7183000,5457000,4330000,3485000,2823000,2296000,1873000,1533000,1258000,1036000,855100,707800,587400,488700,407700,340900,285800
01/07/2002,106200000,9850000,6331000,4816000,3807000,3045000,2450000,1979000,1603000,1303000,1062000,868500,712100,585600,482800,399200,330900,275000,229100
01/08/2002,103200000,10330000,6610000,5073000,4076000,3324000,2730000,2250000,1861000,1544000,1284000,1071000,895400,750500,630700,531200,448500,379600,322000
01/09/2002,119500000,13380000,8558000,6544000,5221000,4222000,3435000,2806000,2299000,1890000,1558000,1287000,1067000,886600,738700,617000,516600,433600,364900
01/10/2002,117500000,21650000,13830000,10560000,8429000,6821000,5555000,4542000,3726000,3065000,2529000,2092000,1736000,1444000,1204000,1007000,843700,708800,596900
01/11/2002,145400000,17720000,11200000,8493000,6735000,5420000,4391000,3572000,2915000,2386000,1959000,1613000,1332000,1103000,915600,762000,635800,531800,445900
01/12/2002,137100000,15580000,9917000,7526000,5961000,4787000,3869000,3139000,2556000,2087000,1709000,1404000,1157000,955300,791100,656900,546900,456400,381900
01/01/2003,139700000,11890000,7605000,5700000,4421000,3465000,2731000,2161000,1715000,1367000,1092000,875800,704400,568400,460000,373300,303900,248100,203100
01/02/2003,135900000,12780000,8141000,6096000,4734000,3719000,2939000,2331000,1856000,1482000,1188000,954900,770100,622900,505300,411200,335500,274500,225200
01/03/2003,139700000,15810000,9984000,7445000,5771000,4530000,3577000,2836000,2257000,1802000,1444000,1160000,935100,756100,613200,498700,406800,332700,272900
01/04/2003,137900000,19010000,11880000,8889000,6964000,5542000,4443000,3577000,2890000,2343000,1905000,1554000,1271000,1042000,857400,707200,584800,484900,403100
01/05/2003,121400000,18980000,11890000,8927000,7027000,5623000,4532000,3670000,2982000,2431000,1988000,1630000,1341000,1106000,914100,757800,629900,524900,438500
01/06/2003,112300000,13260000,8411000,6287000,4882000,3837000,3033000,2408000,1918000,1533000,1230000,989200,798300,646100,524500,427100,348700,285500,234400
01/07/2003,107900000,8852000,5628000,4204000,3256000,2551000,2010000,1589000,1262000,1005000,803100,643800,517800,417700,338000,274300,223200,182200,149100
01/08/2003,99210000,10730000,6842000,5099000,3933000,3067000,2405000,1893000,1496000,1186000,943400,752900,602800,484200,390100,315200,255500,207600,169300
01/09/2003,116900000,13120000,8291000,6138000,4708000,3651000,2847000,2230000,1753000,1382000,1094000,868900,692300,553400,443700,356900,287900,232900,189000
01/10/2003,133300000,17310000,10870000,8105000,6297000,4958000,3929000,3126000,2496000,2000000,1608000,1296000,1049000,850600,692100,564700,462100,379100,311900
01/11/2003,134400000,18220000,11350000,8575000,6835000,5555000,4556000,3755000,3106000,2577000,2144000,1789000,1496000,1254000,1054000,888500,750500,635300,539100
01/12/2003,141200000,14430000,9097000,6837000,5366000,4273000,3425000,2757000,2227000,1805000,1467000,1196000,978000,802000,659400,543700,449500,372600,309600
01/01/2004,115600000,12940000,8399000,6297000,4872000,3808000,2991000,2359000,1867000,1482000,1181000,944200,757100,609100,491400,397700,322800,262800,214500
01/02/2004,138000000,12360000,7841000,5764000,4369000,3345000,2575000,1990000,1544000,1202000,939500,736900,579900,458000,362800,288400,230000,184000,147600
01/03/2004,136400000,16190000,10180000,7517000,5763000,4472000,3490000,2736000,2153000,1700000,1347000,1071000,853800,683100,548300,441400,356400,288700,234400
01/04/2004,147100000,16880000,10530000,7729000,5892000,4546000,3529000,2751000,2153000,1691000,1333000,1054000,836500,665900,531800,426100,342400,276000,223100
01/05/2004,132000000,16720000,10490000,7672000,5802000,4436000,3409000,2632000,2040000,1587000,1239000,970400,762900,601900,476400,378300,301300,240800,193000
01/06/2004,113000000,12290000,7749000,5695000,4330000,3328000,2572000,1996000,1555000,1216000,954400,751600,593900,470800,374500,298800,239200,192000,154600
01/07/2004,106800000,9025000,5749000,4206000,3161000,2396000,1825000,1396000,1073000,827000,640000,497100,387500,303200,238000,187400,148100,117400,93400
01/08/2004,108500000,9303000,5925000,4341000,3267000,2480000,1892000,1450000,1115000,861100,667400,519100,405200,317500,249500,196800,155700,123600,98440
01/09/2004,121000000,12660000,7998000,5842000,4393000,3335000,2544000,1949000,1499000,1158000,897400,698100,545000,426900,335600,264700,209500,166300,132400
01/10/2004,139300000,16380000,10280000,7488000,5624000,4265000,3252000,2490000,1914000,1477000,1144000,889400,693900,543300,426800,336500,266100,211100,168000
01/11/2004,145300000,16590000,10320000,7613000,5858000,4570000,3589000,2832000,2242000,1781000,1420000,1136000,911400,733600,592200,479500,389400,317100,259000
01/12/2004,139400000,14470000,9088000,6707000,5139000,3986000,3110000,2437000,1917000,1513000,1198000,952300,759300,607300,487300,392200,316600,256300,208100
01/01/2005,117300000,12470000,8058000,5968000,4549000,3499000,2706000,2101000,1637000,1280000,1005000,791400,625500,496000,394500,314900,252100,202400,163000
01/02/2005,141000000,11780000,7445000,5402000,4029000,3032000,2293000,1742000,1329000,1018000,782300,603600,467500,363400,283400,221800,174200,137300,108500
01/03/2005,140900000,15560000,9795000,7087000,5273000,3958000,2987000,2264000,1723000,1316000,1010000,777300,600700,465900,362700,283300,222000,174600,137800
01/04/2005,145800000,17630000,11030000,7947000,5892000,4409000,3316000,2506000,1901000,1448000,1107000,850100,655100,506700,393300,306300,239500,187800,147800
01/05/2005,125700000,17670000,11030000,8101000,6186000,4784000,3723000,2910000,2284000,1798000,1421000,1127000,896300,715300,572600,459900,370400,299300,242500
01/06/2005,118400000,11340000,7134000,5216000,3937000,3002000,2302000,1773000,1371000,1064000,828300,647400,507800,399700,315600,250100,198800,158500,126800
01/07/2005,103700000,9068000,5728000,4201000,3183000,2436000,1875000,1450000,1125000,876200,684900,537300,422900,334100,264700,210500,167800,134300,107800
01/08/2005,104300000,9179000,5786000,4241000,3213000,2460000,1894000,1464000,1136000,885300,692200,543100,427600,337800,267700,212900,169800,135900,109100
01/09/2005,115700000,12880000,8088000,5858000,4369000,3290000,2490000,1893000,1445000,1108000,852100,658000,510000,396700,309700,242600,190600,150300,118900
01/10/2005,130300000,17630000,11010000,7932000,5882000,4404000,3315000,2506000,1903000,1450000,1110000,852400,657300,508700,395100,307900,240800,189000,148800
01/11/2005,141300000,17860000,11130000,8031000,5976000,4491000,3394000,2577000,1964000,1503000,1155000,890500,689200,535400,417300,326500,256300,201800,159400
01/12/2005,135800000,14860000,9293000,6778000,5120000,3912000,3006000,2321000,1798000,1399000,1092000,855600,672700,530600,420000,333500,265700,212300,170200
01/01/2006,122600000,11720000,7559000,5500000,4094000,3071000,2314000,1752000,1332000,1016000,778500,598700,462200,358100,278400,217200,170100,133600,105300
01/02/2006,142300000,11350000,7134000,5091000,3719000,2739000,2028000,1508000,1127000,845000,636500,481400,365500,278600,213200,163700,126200,97630,75790
01/03/2006,142600000,14780000,9250000,6625000,4872000,3615000,2697000,2020000,1520000,1149000,871500,663800,507500,389500,300100,232000,180000,140200,109500
01/04/2006,149700000,16040000,9969000,7129000,5244000,3894000,2906000,2179000,1641000,1241000,942200,718200,549600,422100,325400,251800,195500,152300,119100
01/05/2006,138300000,14390000,8939000,6449000,4805000,3617000,2739000,2083000,1590000,1219000,938100,724700,561800,437100,341300,267400,210200,165800,131200
01/06/2006,115800000,11600000,7279000,5248000,3891000,2912000,2190000,1655000,1256000,956500,731500,561600,432800,334700,259800,202400,158200,124100,97650
01/07/2006,108600000,7943000,4994000,3581000,2632000,1951000,1454000,1088000,817700,617100,467700,355800,271800,208400,160300,123800,96000,74670,58280
01/08/2006,105000000,9143000,5768000,4129000,3026000,2236000,1660000,1238000,927500,697700,527000,399700,304300,232600,178400,137400,106200,82350,64090
01/09/2006,115200000,12660000,7921000,5699000,4218000,3151000,2367000,1786000,1353000,1029000,786100,602700,463800,358300,277800,216100,168700,132100,103900
01/10/2006,125600000,18170000,11320000,8173000,6093000,4590000,3477000,2646000,2022000,1551000,1194000,922900,715900,557300,435400,341300,268500,211900,167700
01/11/2006,144200000,17170000,10690000,7683000,5692000,4259000,3204000,2421000,1837000,1400000,1071000,822000,633500,490000,380400,296400,231700,181700,143000
01/12/2006,144200000,13780000,8625000,6221000,4620000,3464000,2611000,1977000,1503000,1148000,879500,676600,522400,404900,314900,245800,192500,151200,119200
01/01/2007,136600000,11570000,7279000,5260000,3909000,2932000,2211000,1675000,1274000,972600,745500,573700,443100,343400,267200,208600,163400,128400,101300
01/02/2007,137900000,11750000,7371000,5306000,3928000,2935000,2205000,1663000,1260000,958700,732100,561300,432000,333700,258700,201200,157100,123100,96720
01/03/2007,140200000,15080000,9424000,6740000,4952000,3671000,2736000,2048000,1540000,1162000,881100,670600,512300,392900,302400,233600,181100,140900,110000
01/04/2007,132100000,19760000,12310000,8857000,6577000,4935000,3723000,2822000,2148000,1641000,1259000,969200,749000,581000,452200,353300,276900,217800,171800
01/05/2007,133100000,15580000,9677000,6949000,5146000,3849000,2896000,2188000,1660000,1265000,967400,742800,572400,442800,343700,267800,209300,164200,129200
01/06/2007,117600000,11080000,6936000,4959000,3638000,2692000,2002000,1496000,1122000,845700,639900,486100,370700,283800,218000,168200,130200,101100,78790
01/07/2007,108200000,8032000,5050000,3587000,2604000,1905000,1400000,1035000,767600,572000,428100,321700,242700,183900,139800,106800,81800,62910,48560
01/08/2007,103300000,9259000,5829000,4147000,3017000,2212000,1630000,1207000,897200,670000,502500,378400,286100,217200,165500,126600,97180,74880,57900
01/09/2007,116800000,12270000,7663000,5431000,3943000,2886000,2123000,1569000,1165000,868800,650600,489200,369400,280000,213100,162700,124800,96020,74150
01/10/2007,133600000,16490000,10240000,7230000,5233000,3820000,2803000,2066000,1530000,1138000,850300,637800,480400,363300,275800,210200,160800,123400,95120
01/11/2007,145100000,16940000,10520000,7454000,5421000,3977000,2933000,2173000,1617000,1209000,907100,683600,517300,393000,299700,229400,176200,135900,105200
01/12/2007,145500000,13550000,8462000,6018000,4387000,3225000,2384000,1770000,1320000,988400,743400,561300,425600,323900,247500,189800,146100,112800,87480
01/01/2008,140600000,10980000,6895000,4916000,3591000,2644000,1957000,1455000,1087000,815300,614000,464300,352500,268700,205600,157900,121700,94120,73060
01/02/2008,132500000,12560000,7889000,5651000,4155000,3082000,2298000,1721000,1294000,977700,741500,564500,431500,331000,254900,197000,152800,118900,92900
01/03/2008,135100000,16040000,10030000,7179000,5280000,3918000,2924000,2191000,1649000,1247000,946100,720800,551300,423300,326200,252300,195800,152500,119200
01/04/2008,145100000,16830000,10430000,7417000,5420000,3997000,2963000,2207000,1651000,1240000,935600,708600,538800,411300,315200,242400,187100,144900,112700
01/05/2008,116100000,11040000,6906000,4897000,3555000,2602000,1914000,1415000,1050000,783100,586400,440900,332800,252300,191900,146600,112400,86480,66780
01/06/2008,131600000,15920000,9904000,7038000,5134000,3778000,2795000,2077000,1550000,1162000,874800,661200,501800,382200,292300,224400,172800,133600,103700
01/07/2008,107700000,7992000,5018000,3532000,2535000,1833000,1332000,972700,713600,525800,389200,289300,215900,161900,121800,92040,69810,53150,40620
01/08/2008,109300000,8270000,5185000,3630000,2588000,1858000,1341000,972500,708600,518700,381400,281700,208900,155600,116400,87420,65910,49890,37900
01/09/2008,122500000,11440000,7127000,4990000,3566000,2568000,1858000,1351000,987400,724700,534300,395600,294200,219700,164700,124000,93740,71120,54160
01/10/2008,133500000,16690000,10360000,7327000,5315000,3888000,2860000,2113000,1568000,1169000,875300,658000,496600,376300,286300,218600,167600,128900,99530
01/11/2008,147100000,16400000,10170000,7185000,5202000,3798000,2788000,2057000,1524000,1134000,847300,635800,479100,362400,275200,209800,160600,123300,95060
01/12/2008,149000000,12790000,7973000,5610000,4036000,2925000,2132000,1561000,1148000,848300,629500,469100,351100,263800,199000,150700,114600,87480,67010
01/01/2009,137700000,11360000,7132000,5067000,3684000,2700000,1989000,1472000,1095000,817300,612800,461400,348800,264700,201700,154200,118400,91210,70510
01/02/2009,142100000,11280000,7066000,4979000,3582000,2596000,1891000,1384000,1018000,751900,557800,415600,310900,233600,176200,133400,101400,77380,59260
01/03/2009,147200000,13790000,8592000,6048000,4352000,3155000,2300000,1685000,1240000,916200,680100,507000,379500,285300,215300,163100,124100,94710,72570
01/04/2009,146200000,16700000,10360000,7322000,5305000,3877000,2848000,2102000,1558000,1160000,867700,651600,491300,371900,282600,215600,165100,126900,97850
01/05/2009,136100000,15020000,9327000,6602000,4791000,3507000,2581000,1908000,1417000,1057000,791300,595100,449400,340700,259300,198100,151900,116900,90290
01/06/2009,120500000,10370000,6478000,4577000,3306000,2407000,1762000,1295000,956800,709800,528900,395700,297300,224300,169900,129100,98560,75490,58040
01/07/2009,108900000,7891000,4956000,3493000,2511000,1818000,1323000,967400,710700,524400,388700,289300,216200,162300,122300,92520,70270,53570,40990
01/08/2009,109500000,8141000,5107000,3586000,2567000,1851000,1341000,976500,714300,524900,387400,287200,213800,159900,120000,90440,68430,51970,39620
01/09/2009,122000000,11340000,7070000,4966000,3562000,2574000,1869000,1364000,1000000,736900,545100,405000,302200,226400,170300,128700,97550,74240,56720
01/10/2009,138400000,15420000,9565000,6753000,4886000,3565000,2615000,1927000,1427000,1061000,792100,593900,447200,338000,256500,195400,149400,114700,88350
01/11/2009,147300000,16400000,10180000,7236000,5284000,3894000,2884000,2147000,1605000,1204000,907900,687100,522100,398200,304900,234300,180700,139900,108700
01/12/2009,149400000,12960000,8097000,5742000,4170000,3053000,2246000,1661000,1233000,919700,688800,518100,391200,296600,225700,172400,132200,101800,78600
01/01/2010,128000000,11000000,7110000,5089000,3707000,2719000,2004000,1483000,1103000,823600,617700,465100,351700,266900,203400,155600,119400,92030,71160
01/02/2010,130300000,40750000,26420000,18750000,13520000,9819000,7165000,5252000,3868000,2861000,2125000,1585000,1188000,893200,674500,511400,389200,297300,227900
01/03/2010,130300000,40750000,26420000,18750000,13520000,9819000,7165000,5252000,3868000,2861000,2125000,1585000,1188000,893200,674500,511400,389200,297300,227900
01/04/2010,121700000,15320000,9685000,7058000,5337000,4089000,3153000,2443000,1900000,1484000,1162000,913900,721000,570700,453200,361100,288600,231300,186000
01/05/2010,102500000,9393000,5888000,4249000,3178000,2407000,1835000,1406000,1081000,834600,646800,503100,392700,307600,241700,190600,150800,119700,95310
01/06/2010,67520000,3772000,2380000,1735000,1314000,1010000,781400,607500,474200,371500,292100,230400,182400,144900,115400,92240,73960,59470,47970
01/07/2010,56010000,2685000,1704000,1244000,941500,721700,556900,431700,336000,262500,205800,161900,127800,101200,80410,64100,51250,41110,33070
01/08/2010,65880000,3992000,2531000,1833000,1371000,1036000,788000,602000,461700,355500,274800,213200,166000,129700,101700,79960,63110,49970,39690
01/09/2010,92670000,9104000,5771000,4162000,3091000,2319000,1750000,1326000,1009000,771200,591500,455500,352000,273000,212500,166000,130100,102300,80680
01/10/2010,134300000,26360000,16640000,11920000,8787000,6537000,4890000,3675000,2774000,2102000,1599000,1221000,936500,720700,556600,431500,335700,262000,205200
01/11/2010,155100000,54230000,34590000,24590000,17860000,13070000,9613000,7103000,5272000,3930000,2942000,2211000,1669000,1265000,961900,734500,562900,433000,334200
01/12/2010,151200000,72840000,46880000,32910000,23460000,16830000,12140000,8794000,6402000,4682000,3440000,2538000,1881000,1400000,1046000,784700,591100,447000,339300
01/01/2011,137200000,61950000,40120000,28150000,20020000,14330000,10300000,7446000,5407000,3944000,2890000,2127000,1573000,1168000,870400,651500,489600,369400,279800
01/02/2011,137200000,12300000,7771000,5638000,4207000,3167000,2396000,1821000,1390000,1065000,818700,632000,489700,380800,297100,232700,182800,144100,114000
01/03/2011,124700000,11360000,7320000,5311000,3939000,2944000,2211000,1667000,1263000,960100,733000,561700,432100,333700,258600,201100,156900,122900,96550
01/04/2011,126100000,19170000,12290000,9127000,7007000,5436000,4240000,3320000,2610000,2059000,1630000,1294000,1031000,824200,660900,531600,428900,347000,281600
01/05/2011,114800000,17920000,11480000,8528000,6550000,5086000,3970000,3112000,2449000,1933000,1532000,1218000,971000,776800,623400,501900,405200,328200,266500
01/06/2011,103300000,11980000,7698000,5700000,4351000,3354000,2599000,2022000,1579000,1238000,973500,768300,608400,483400,385300,308100,247100,198800,160400
01/07/2011,92480000,9429000,6115000,4497000,3389000,2574000,1965000,1506000,1158000,894700,693600,539600,421400,330200,259600,204800,162100,128700,102500
01/08/2011,96400000,8845000,5713000,4224000,3209000,2460000,1895000,1466000,1138000,886900,693600,544400,428800,338800,268600,213700,170500,136500,109600
01/09/2011,110400000,12210000,7888000,5836000,4434000,3397000,2615000,2021000,1568000,1221000,954500,748600,589200,465300,368700,293100,233700,186900,150000
01/10/2011,116600000,18570000,11940000,9008000,7059000,5598000,4465000,3576000,2873000,2316000,1873000,1519000,1236000,1009000,825300,677200,557200,459700,380200
01/11/2011,122600000,19760000,12740000,9660000,7617000,6082000,4885000,3938000,3186000,2586000,2105000,1718000,1407000,1155000,951100,785200,650000,539400,448800
01/12/2011,127600000,14750000,9541000,7220000,5664000,4495000,3586000,2872000,2309000,1861000,1506000,1221000,993800,811000,663700,544700,448300,369900,306000
01/01/2012,141500000,11190000,7101000,5303000,4110000,3223000,2542000,2013000,1600000,1276000,1020000,819000,659400,532500,431300,350400,285500,233200,191100
01/02/2012,125200000,12220000,7934000,5916000,4539000,3513000,2733000,2134000,1673000,1316000,1039000,822900,653900,521300,417000,334500,269200,217300,175900
01/03/2012,123000000,16590000,10710000,7957000,6094000,4711000,3661000,2857000,2237000,1758000,1387000,1097000,871200,694000,554600,444500,357400,288300,233200
01/04/2012,129900000,18500000,11880000,8810000,6736000,5200000,4036000,3145000,2460000,1931000,1521000,1202000,953100,758300,605200,484600,389200,313500,253300
01/05/2012,122700000,16140000,10380000,7718000,5919000,4583000,3567000,2788000,2187000,1721000,1360000,1078000,856800,683500,547000,439100,353600,285600,231300
01/06/2012,106400000,11890000,7714000,5783000,4468000,3485000,2732000,2150000,1698000,1346000,1070000,853900,683500,548800,441900,357000,289200,235000,191500
01/07/2012,91790000,9848000,6408000,4831000,3760000,2957000,2337000,1854000,1476000,1179000,944900,759700,612600,495600,402100,327100,266900,218400,179200
01/08/2012,97760000,8974000,5814000,4359000,3371000,2633000,2067000,1629000,1288000,1022000,814100,650400,521200,419000,337900,273300,221700,180400,147100
01/09/2012,108800000,12550000,8081000,6027000,4639000,3607000,2818000,2211000,1741000,1376000,1091000,867900,692700,554600,445500,358900,290000,235000,191000
01/10/2012,111600000,19220000,12300000,9246000,7232000,5730000,4568000,3657000,2938000,2367000,1914000,1552000,1262000,1030000,842300,690900,568300,468800,387600
01/11/2012,121400000,19840000,12760000,9543000,7387000,5780000,4548000,3593000,2848000,2266000,1808000,1448000,1163000,937200,757400,613900,499100,406900,332600
01/12/2012,128900000,14450000,9342000,6962000,5346000,4144000,3228000,2525000,1982000,1561000,1234000,979100,779100,622000,498200,400200,322500,260600,211200
01/01/2013,127800000,11210000,7268000,5387000,4100000,3148000,2428000,1880000,1462000,1141000,893200,701900,553400,437900,347600,276800,221100,177200,142400
01/02/2013,126000000,12150000,7886000,5831000,4422000,3381000,2598000,2004000,1552000,1206000,940800,736500,553400,437900,347600,276800,221100,177200,142400
01/03/2013,118000000,17100000,11030000,8229000,6346000,4946000,3875000,3048000,2406000,1906000,1515000,1209000,967000,776100,624900,504600,408700,331900,270400
01/04/2013,130900000,18390000,11820000,8787000,6737000,5216000,4059000,3171000,2487000,1957000,1546000,1225000,973800,776700,621500,498800,401600,324300,262600
01/05/2013,111600000,18540000,11850000,8945000,7038000,5615000,4509000,3636000,2942000,2388000,1944000,1588000,1300000,1068000,879600,726300,601400,499200,415500
01/06/2013,93920000,14730000,9553000,7192000,5601000,4409000,3489000,2772000,2210000,1768000,1419000,1142000,922400,747100,606900,494500,404000,331000,271900
01/07/2013,95930000,9046000,5883000,4367000,3326000,2554000,1971000,1527000,1187000,926400,725600,570300,449700,355900,282500,225000,179800,144100,115800
01/08/2013,97860000,8943000,5807000,4300000,3266000,2501000,1924000,1486000,1152000,897000,700600,549200,432000,340900,270000,214500,170900,136700,109600
01/09/2013,105800000,13040000,8415000,6237000,4758000,3662000,2832000,2200000,1715000,1342000,1053000,829900,656100,520400,414100,330600,264700,212600,171300
01/10/2013,123400000,17330000,11170000,8292000,6338000,4889000,3790000,2949000,2304000,1806000,1421000,1122000,888700,706300,563100,450400,361400,290800,234700
01/11/2013,130800000,17890000,11500000,8666000,6772000,5353000,4256000,3396000,2720000,2185000,1762000,1424000,1155000,939500,766400,626900,514300,423000,348900
01/12/2013,125900000,15360000,9985000,7573000,5945000,4717000,3763000,3013000,2420000,1951000,1577000,1279000,1040000,848600,694200,569500,468500,386400,319600
01/01/2014,136900000,11990000,7648000,5782000,4549000,3626000,2907000,2340000,1890000,1531000,1244000,1014000,829100,679700,558800,460600,380700,315500,262100
01/02/2014,144000000,11450000,7289000,5508000,4332000,3450000,2765000,2224000,1796000,1454000,1181000,962400,786400,644400,529500,436300,360500,298600,248000
01/03/2014,146300000,14650000,9272000,6999000,5513000,4404000,3541000,2858000,2315000,1881000,1533000,1253000,1027000,844500,696100,575400,476800,396200,330000
01/04/2014,146300000,14650000,9272000,6999000,5513000,4404000,3541000,2858000,2315000,1881000,1533000,1253000,1027000,844500,696100,575400,476800,396200,330000
01/05/2014,137500000,16390000,10360000,7740000,6009000,4723000,3733000,2963000,2360000,1886000,1512000,1216000,981100,793900,644400,524500,428200,350500,287700
01/06/2014,122600000,11430000,7282000,5413000,4155000,3221000,2510000,1964000,1542000,1215000,961100,762600,607100,484800,388400,312100,251600,203400,164900
01/07/2014,110900000,8169000,5182000,3870000,2999000,2351000,1854000,1467000,1166000,929300,743200,596300,480000,387500,313800,254800,207500,169500,138800
01/08/2014,108200000,8970000,5685000,4267000,3332000,2636000,2098000,1676000,1344000,1082000,873000,706800,573900,467400,381800,312700,256800,211500,174600
01/09/2014,119000000,12900000,8169000,6095000,4719000,3697000,2913000,2304000,1830000,1458000,1165000,934100,751400,606300,490600,398200,324200,264600,216600
01/10/2014,133400000,17360000,10920000,8225000,6478000,5178000,4167000,3368000,2731000,2222000,1813000,1484000,1218000,1002000,827200,684500,567900,472400,393900
01/11/2014,145500000,18240000,11570000,8686000,6774000,5348000,4246000,3384000,2707000,2172000,1749000,1412000,1144000,929500,757300,618900,507100,416700,343300
01/12/2014,142300000,14390000,9110000,6912000,5488000,4423000,3589000,2925000,2391000,1961000,1613000,1330000,1100000,912600,758800,632500,528600,442900,371900
01/01/2015,124400000,11970000,7809000,5911000,4618000,3644000,2889000,2300000,1837000,1472000,1183000,954000,771700,626100,509400,415700,340200,279100,229700
01/02/2015,133100000,12730000,8065000,6073000,4771000,3802000,3049000,2455000,1984000,1608000,1308000,1067000,872500,715700,588700,485600,401600,333000,276800
01/03/2015,135000000,16580000,10470000,7828000,6089000,4798000,3804000,3029000,2420000,1940000,1560000,1259000,1019000,826800,673100,549500,449800,369300,303900
01/04/2015,145300000,18050000,11340000,8439000,6532000,5121000,4039000,3200000,2543000,2029000,1624000,1303000,1050000,847900,687000,558300,454900,371800,304700
01/05/2015,136900000,16430000,10370000,7675000,5878000,4551000,3543000,2770000,2173000,1711000,1352000,1072000,852700,680400,544700,437400,352300,284600,230600
01/06/2015,119300000,12010000,7633000,5648000,4313000,3327000,2579000,2008000,1569000,1231000,968500,764900,606100,481800,384300,307400,246700,198600,160300
01/07/2015,109600000,8470000,5383000,3963000,3006000,2303000,1773000,1370000,1063000,828100,647300,507700,399700,315600,250100,198800,158600,126900,101800
01/08/2015,107400000,9089000,5765000,4236000,3209000,2455000,1887000,1457000,1130000,878800,686100,537600,422700,333500,264000,209700,167100,133500,107000
01/09/2015,122000000,11930000,7510000,5459000,4084000,3084000,2341000,1784000,1366000,1049000,809300,626600,486800,379600,297000,233200,183700,145200,115100
01/10/2015,132300000,16810000,10480000,7733000,5947000,4637000,3638000,2867000,2268000,1800000,1434000,1146000,918300,738400,595600,481800,390900,318100,259500
01/11/2015,142100000,17690000,11050000,8152000,6261000,4871000,3814000,2999000,2367000,1875000,1490000,1188000,950100,762400,613700,495400,401200,325800,265300
01/12/2015,138600000,15060000,9499000,7007000,5353000,4136000,3214000,2508000,1965000,1544000,1218000,964200,765700,610100,487600,391000,314400,253600,205200
01/01/2016,114300000,12980000,8411000,6266000,4812000,3731000,2907000,2275000,1786000,1408000,1113000,883100,703000,561400,449700,361400,291300,235500,190900
01/02/2016,139900000,11850000,7483000,5480000,4142000,3161000,2426000,1870000,1447000,1123000,875500,684900,537600,423400,334600,265300,211000,168400,134800
01/03/2016,143500000,15070000,9468000,6889000,5169000,3916000,2983000,2282000,1753000,1352000,1046000,812800,633700,495800,389200,306600,242300,192100,152800
01/04/2016,148700000,16800000,10490000,7553000,5594000,4181000,3142000,2372000,1798000,1368000,1045000,801600,617100,476900,369800,287800,224800,176100,138500
01/05/2016,128600000,16940000,10580000,7724000,5839000,4465000,3433000,2652000,2056000,1601000,1250000,980100,771000,608500,481900,382900,305200,244000,195700
01/06/2016,118500000,10890000,6837000,4948000,3687000,2772000,2096000,1592000,1213000,928800,713700,550500,426200,331100,258200,202000,158600,124900,98730
01/07/2016,107200000,8526000,5394000,3877000,2853000,2116000,1577000,1181000,888000,670500,508300,386900,295600,226800,174600,134900,104600,81390,63550
01/08/2016,110900000,8374000,5287000,3767000,2741000,2010000,1481000,1096000,814600,608200,456000,343300,259500,196900,150000,114700,88060,67840,52450
01/09/2016,111200000,13650000,8554000,6248000,4723000,3610000,2775000,2143000,1661000,1292000,1009000,790600,621700,490500,388300,308400,245700,196400,157400
01/10/2016,128400000,18000000,11230000,8130000,6079000,4593000,3490000,2663000,2041000,1570000,1212000,939300,730600,570300,446700,351100,276900,219000,173800
01/11/2016,140600000,17900000,11160000,8042000,5979000,4490000,3390000,2572000,1959000,1498000,1150000,885700,685000,531700,414200,323700,253900,199800,157800
01/12/2016,146600000,13090000,8171000,5847000,4299000,3190000,2379000,1783000,1342000,1014000,769200,585900,448000,343900,265000,204900,159000,123800,96720
01/01/2017,134600000,11830000,7441000,5346000,3943000,2934000,2194000,1649000,1244000,942500,716900,547400,419700,322900,249400,193300,150300,117300,91890
01/02/2017,129200000,12950000,8146000,5880000,4368000,3275000,2469000,1870000,1422000,1085000,831900,640000,494200,383000,297900,232500,182100,143100,112800
01/03/2017,130900000,16430000,10280000,7446000,5568000,4208000,3199000,2442000,1872000,1440000,1112000,862300,670900,523900,410500,322700,254600,201500,159900
01/04/2017,137700000,18450000,11460000,8280000,6183000,4668000,3545000,2704000,2071000,1592000,1229000,951900,740100,577500,452100,355200,280000,221400,175700
01/05/2017,135300000,15360000,9557000,6835000,5027000,3732000,2785000,2088000,1572000,1188000,902100,687500,525900,403900,311300,240800,187000,145600,113800
01/06/2017,117800000,11120000,6968000,4988000,3664000,2714000,2021000,1512000,1136000,856900,649100,493700,376900,288800,222200,171500,132900,103300,80630
01/07/2017,104200000,8877000,5600000,4011000,2943000,2176000,1617000,1208000,905700,682000,515700,391500,298400,228300,175300,135100,104500,81130,63200
01/08/2017,109200000,8496000,5360000,3820000,2783000,2042000,1506000,1116000,830500,620800,465900,351100,265700,201800,153900,117800,90530,69810,54020
01/09/2017,114500000,12790000,8003000,5797000,4332000,3270000,2482000,1892000,1448000,1113000,858400,664600,516400,402700,315100,247400,194900,154100,122200
01/10/2017,114500000,12790000,8003000,5797000,4332000,3270000,2482000,1892000,1448000,1113000,858400,664600,516400,402700,315100,247400,194900,154100,122200
01/11/2017,147700000,16390000,10180000,7245000,5297000,3908000,2899000,2160000,1617000,1215000,916900,694700,528500,403600,309400,238000,183800,142400,110700
01/12/2017,142100000,14040000,8772000,6261000,4589000,3393000,2522000,1884000,1413000,1064000,804500,610800,465600,356200,273600,210900,163200,126700,98680
01/01/2018,120000000,12030000,7749000,5566000,4077000,3007000,2229000,1659000,1241000,931700,702500,531800,404200,308500,236300,181600,140100,108500,84320
01/02/2018,141800000,11350000,7115000,5020000,3617000,2625000,1916000,1404000,1034000,765100,568500,424100,317800,239100,180600,136900,104200,79630,61070
01/03/2018,144300000,14350000,8951000,6320000,4567000,3326000,2435000,1791000,1323000,981900,731800,547700,411700,310600,235300,179000,136600,104700,80500
01/04/2018,145300000,16930000,10510000,7420000,5371000,3921000,2878000,2122000,1572000,1170000,873800,655600,493900,373600,283700,216200,165400,127000,97900
01/05/2018,137100000,14760000,9164000,6481000,4699000,3436000,2526000,1865000,1384000,1031000,771300,579500,437100,331100,251700,192100,147200,113200,87340
01/06/2018,110000000,12450000,7798000,5621000,4173000,3128000,2358000,1785000,1357000,1035000,793300,610200,471100,365000,283800,221500,173400,136200,107400
01/07/2018,109700000,7788000,4894000,3452000,2484000,1800000,1312000,959900,705800,521300,386700,288100,215500,161900,122100,92450,70270,53610,41050
01/08/2018,108100000,8435000,5300000,3740000,2693000,1953000,1424000,1043000,767700,567400,421200,314100,235100,176700,133400,101100,76880,58700,44980
01/09/2018,121300000,11470000,7157000,5029000,3609000,2609000,1897000,1385000,1016000,748900,554300,412100,307700,230600,173600,131200,99510,75770,57910
01/10/2018,132900000,16600000,10310000,7305000,5312000,3897000,2874000,2130000,1585000,1185000,889300,670200,507200,385300,293900,225000,172800,133300,103100
01/11/2018,145200000,16850000,10460000,7406000,5383000,3946000,2908000,2154000,1602000,1196000,897500,676000,511200,388200,295800,226300,173800,134000,103600
01/12/2018,142600000,13960000,8717000,6194000,4514000,3317000,2450000,1819000,1356000,1015000,763000,576000,436500,332100,253700,194500,149600,115500,89540
01/01/2019,123500000,11590000,7454000,5308000,3846000,2805000,2055000,1513000,1119000,831300,620200,464600,349500,264000,200100,152300,116400,89260,68700
01/02/2019,133800000,12370000,7765000,5548000,4066000,3006000,2233000,1667000,1250000,940800,711100,539700,411200,314500,241400,186000,143900,111600,86950
01/03/2019,134400000,15980000,9995000,7158000,5270000,3915000,2924000,2194000,1653000,1251000,950200,724700,554800,426400,328900,254600,197800,154200,120600
01/04/2019,143600000,17440000,10840000,7691000,5601000,4115000,3039000,2255000,1681000,1258000,945500,713500,540700,411300,314100,240700,185200,143000,110800
01/05/2019,130300000,16500000,10270000,7330000,5375000,3977000,2959000,2211000,1660000,1251000,946700,719400,548700,420200,322900,249100,192900,149800,116800
01/06/2019,119900000,10500000,6562000,4641000,3357000,2448000,1794000,1321000,977300,726000,541700,405900,305400,230700,174900,133200,101800,78050,60080
01/07/2019,105900000,8430000,5301000,3754000,2715000,1978000,1449000,1066000,787900,584900,436100,326500,245500,185300,140400,106800,81590,62530,48100
01/08/2019,107000000,8602000,5403000,3808000,2738000,1983000,1443000,1055000,775500,572300,424300,315900,236100,177300,133600,101100,76780,58550,44800
01/09/2019,106900000,13980000,8755000,6269000,4614000,3426000,2558000,1918000,1445000,1093000,829600,632400,483900,371700,286600,221800,172200,134200,104900
01/10/2019,131200000,16910000,10500000,7447000,5425000,3986000,2945000,2186000,1630000,1220000,917500,692600,525000,399500,305100,234000,180000,139000,107800
01/11/2019,147000000,16410000,10170000,7196000,5224000,3825000,2816000,2083000,1547000,1154000,865000,650800,491600,372900,283900,217000,166500,128200,99020
01/12/2019,145400000,13500000,8422000,5973000,4341000,3181000,2343000,1734000,1289000,962300,721500,543100,410500,311500,237300,181500,139300,107300,82950
01/01/2020,125500000,11320000,7280000,5170000,3732000,2712000,1980000,1453000,1071000,792400,589100,439800,329700,248200,187600,142300,108400,82860,63580
01/02/2020,140400000,11480000,7199000,5106000,3704000,2709000,1991000,1470000,1090000,812400,607800,456600,344400,260800,198300,151400,115900,89150,68790
01/03/2020,144100000,14530000,9065000,6414000,4646000,3393000,2491000,1837000,1361000,1013000,756900,568000,427900,323700,245900,187400,143400,110200,84920
01/04/2020,144500000,17130000,10630000,7523000,5461000,3998000,2942000,2176000,1616000,1206000,903100,679300,513100,389100,296200,226300,173600,133600,103200
01/05/2020,134600000,15130000,9400000,6663000,4845000,3554000,2620000,1941000,1444000,1079000,810000,610300,461800,350700,267400,204700,157200,121200,93790
01/06/2020,117400000,10770000,6733000,4783000,3480000,2552000,1882000,1394000,1037000,775200,581700,438300,331600,251800,192000,147000,112900,87040,67340
01/07/2020,107800000,8055000,5065000,3581000,2583000,1877000,1371000,1007000,742100,549500,408700,305300,229000,172400,130400,98950,75390,57650,44250
01/08/2020,110200000,8126000,5099000,3593000,2582000,1870000,1361000,994800,730800,539200,399600,297400,222300,166800,125700,95100,72220,55060,42120
01/09/2020,114000000,13150000,8226000,5867000,4293000,3168000,2350000,1752000,1311000,985500,743800,563700,428800,327500,251100,193200,149200,115600,89930
01/10/2020,132000000,17100000,10600000,7570000,5570000,4130000,3080000,2310000,1740000,1310000,994000,757000,579000,444000,342000,265000,205000,160000,125000
01/11/2020,143000000,17500000,10900000,7870000,5830000,4370000,3290000,2490000,1890000,1440000,1100000,848000,654000,507000,394000,307000,240000,189000,149000
01/12/2020,148000000,12700000,7940000,5760000,4310000,3260000,2480000,1900000,1460000,1120000,869000,675000,526000,411000,323000,254000,201000,159000,126000
01/01/2021,142000000,10800000,6820000,4880000,3590000,2660000,1980000,1480000,1110000,840000,637000,484000,370000,283000,218000,168000,130000,101000,79100
01/02/2021,141000000,11500000,7210000,5130000,3730000,2740000,2020000,1490000,1110000,829000,622000,468000,354000,269000,205000,157000,120000,92700,71700
01/03/2021,134000000,16000000,10000000,7210000,5350000,4010000,3020000,2280000,1730000,1320000,1010000,777000,600000,464000,361000,281000,220000,173000,136000
01/04/2021,143000000,17600000,11000000,7810000,5720000,4220000,3140000,2340000,1750000,1320000,998000,757000,577000,441000,338000,261000,202000,156000,122000
01/05/2021,135000000,15400000,9580000,6830000,5000000,3690000,2740000,2050000,1530000,1150000,872000,662000,504000,385000,296000,228000,176000,137000,106000
01/06/2021,122000000,10100000,6330000,4530000,3320000,2460000,1830000,1360000,1020000,770000,583000,442000,337000,258000,198000,153000,118000,91800,71500
01/07/2021,108000000,8100000,5090000,3670000,2730000,2040000,1530000,1160000,879000,670000,512000,393000,303000,234000,182000,142000,111000,86900,68400
01/08/2021,110000000,8290000,5230000,3730000,2720000,2000000,1470000,1090000,814000,609000,458000,345000,261000,199000,152000,116000,89400,69000,53400
01/09/2021,121000000,11600000,7280000,5220000,3850000,2860000,2130000,1600000,1210000,911000,692000,528000,404000,310000,239000,185000,144000,112000,87600
01/10/2021,131000000,17200000,10700000,7760000,5830000,4430000,3390000,2600000,2010000,1550000,1210000,941000,736000,578000,455000,360000,285000,227000,181000
01/11/2021,142000000,17300000,10800000,7840000,5910000,4510000,3460000,2670000,2060000,1600000,1250000,978000,768000,605000,479000,380000,302000,241000,193000
01/12/2021,136000000,15200000,9530000,6980000,5290000,4060000,3130000,2420000,1880000,1470000,1150000,905000,714000,565000,448000,357000,285000,229000,184000
01/01/2022,136000000,11800000,7470000,5490000,4180000,3210000,2480000,1930000,1500000,1170000,921000,725000,573000,454000,361000,288000,231000,185000,149000
01/02/2022,141000000,11500000,7230000,5340000,4090000,3170000,2470000,1930000,1520000,1200000,948000,753000,600000,479000,384000,309000,249000,201000,163000
01/03/2022,144000000,15100000,9530000,7000000,5310000,4080000,3140000,2430000,1890000,1480000,1160000,907000,715000,566000,449000,358000,286000,229000,184000
01/04/2022,140000000,17800000,11000000,8270000,6530000,5250000,4260000,3470000,2840000,2330000,1910000,1580000,1310000,1080000,901000,751000,628000,526000,442000
