Date,"H, cm-3 (100 km)","H, cm-3 (150 km)","H, cm-3 (200 km)","H, cm-3 (250 km)","H, cm-3 (300 km)","H, cm-3 (350 km)","H, cm-3 (400 km)","H, cm-3 (450 km)","H, cm-3 (500 km)","H, cm-3 (550 km)","H, cm-3 (600 km)","H, cm-3 (650 km)","H, cm-3 (700 km)","H, cm-3 (750 km)","H, cm-3(800 km)","H, cm-3 (850 km)","H, cm-3 (900 km)","H, cm-3 (950 km)","H, cm-3 (1000 km)"
01/01/1996,32370000,1593000,602500,488900,445200,411600,381700,354300,329300,306400,285400,266100,248300,232000,216900,203000,190200,178300,167300
01/02/1996,31700000,1609000,613400,498300,453900,419700,389200,361400,335900,312600,291200,271500,253400,236800,221500,207300,194200,182100,170900
01/03/1996,32380000,1755000,681400,554300,504200,465300,430600,399100,370200,343800,319700,297500,277200,258500,241300,225500,210900,197400,185000
01/04/1996,29800000,1720000,670800,546100,497400,459900,426600,396200,368400,342900,319400,297900,278100,259900,243100,227600,213300,200100,187800
01/05/1996,29200000,1717000,678100,553000,503700,465500,431500,400500,372100,346100,322300,300400,280300,261800,244700,229000,214400,201000,188600
01/06/1996,28600000,1674000,672400,550100,500700,462200,427800,396500,367900,341700,317700,295700,275600,257000,239900,224200,209700,196300,184000
01/07/1996,26800000,1574000,637500,522500,475900,439400,406900,377200,350000,325200,302500,281600,262500,244900,228600,213700,199900,187200,175500
01/08/1996,25120000,1441000,570400,466200,425300,393600,365400,339600,316000,294400,274500,256200,239300,223800,209500,196300,184100,172800,162300
01/09/1996,27560000,1593000,628000,512200,466300,430600,398800,369800,343300,319000,296800,276400,257700,240500,224600,210000,196500,184100,172600
01/10/1996,29400000,1703000,665700,541900,493000,455000,421200,390500,362400,336700,313100,291500,271700,253400,236700,221200,206900,193800,181600
01/11/1996,31330000,1666000,633300,513700,467500,431900,400300,371500,345100,320900,298800,278500,259800,242600,226700,212100,198600,186200,174600
01/12/1996,31420000,1446000,522800,421400,384200,356200,331300,308500,287600,268400,250800,234500,219500,205600,192800,181000,170000,159800,150400
01/01/1997,32360000,1573000,593000,481200,438300,405300,375800,349000,324400,301800,281100,262100,244700,228600,213800,200100,187500,175800,165000
01/02/1997,32630000,1656000,634900,516100,469700,433800,401700,372500,345800,321300,298900,278400,259500,242100,226100,211400,197800,185300,173700
01/03/1997,29700000,1607000,616600,501300,457200,423300,393200,365600,340400,317200,295900,276400,258300,241700,226300,212200,199100,186900,175700
01/04/1997,28880000,1611000,616700,500900,456800,423100,393200,365900,340900,317900,296700,277300,259300,242800,227500,213400,200300,188200,177000
01/05/1997,24870000,1466000,566200,460600,421000,391100,364600,340400,318100,297500,278600,261100,244900,230000,216100,203300,191400,180300,170000
01/06/1997,27490000,1568000,619200,505600,460900,426400,395600,367400,341700,318100,296400,276500,258200,241300,225700,211400,198100,185900,174500
01/07/1997,27580000,1585000,639400,523800,476800,440000,407100,377100,349800,324700,301800,280800,261600,243900,227600,212600,198800,186000,174300
01/08/1997,26540000,1503000,599600,490700,447100,412900,382500,354700,329300,306100,284800,265200,247300,230700,215500,201500,188600,176700,165700
01/09/1997,26150000,1256000,456800,368900,336900,312800,291400,271800,253800,237200,221900,207800,194800,182800,171700,161300,151800,142900,134600
01/10/1997,21900000,1118000,398700,320800,293900,274300,257100,241300,226700,213200,200700,189100,178300,168300,158900,150200,142100,134600,127500
01/11/1997,27030000,1195000,413700,331600,303300,282500,264100,247300,231800,217400,204200,191900,180500,170000,160100,151000,142600,134700,127300
01/12/1997,28400000,1063000,348900,277700,254000,236900,221900,208200,195400,183700,172800,162700,153300,144500,136400,128900,121800,115300,109100
01/01/1998,29490000,1120000,376800,301300,275600,256800,240100,224700,210600,197600,185500,174300,164000,154400,145400,137100,129400,122200,115500
01/02/1998,29030000,1225000,429800,346000,316400,294400,274900,256900,240400,225100,211100,198000,186000,174800,164500,154900,146000,137700,130000
01/03/1998,26380000,1111000,380900,305500,279900,261100,244600,229400,215300,202300,190300,179100,168800,159100,150200,141800,134100,126800,120100
01/04/1998,27450000,1057000,348000,277400,254000,237000,222000,208300,195700,183900,173100,163000,153600,144900,136800,129200,122200,115600,109500
01/05/1998,24460000,994400,332200,265400,243300,227400,213400,200500,188600,177600,167400,157900,149000,140800,133100,126000,119300,113000,107200
01/06/1998,25070000,1056000,367000,295300,270500,252200,236100,221200,207400,194700,183000,172100,162000,152600,143900,135800,128200,121200,114600
01/07/1998,22670000,831800,273200,218100,200100,187200,175800,165300,155600,146600,138200,130500,123200,116500,110200,104300,98840,93720,88930
01/08/1998,19910000,743700,242900,194100,178400,167300,157400,148400,140000,132200,124900,118100,111800,105900,100400,95230,90410,85890,81660
01/09/1998,18710000,542900,154500,120500,110600,104000,98460,93340,88580,84140,79990,76100,72440,69010,65790,62760,59910,57220,54690
01/10/1998,20430000,713200,218700,172700,158600,148900,140500,132800,125600,118900,112700,106800,101400,96280,91510,87030,82830,78880,75170
01/11/1998,25230000,803500,243700,192300,176400,165200,155500,146500,138200,130500,123300,116600,110400,104600,99120,94030,89270,84800,80620
01/12/1998,22520000,577300,159000,123400,113200,106500,100800,95550,90670,86110,81850,77850,74100,70580,67270,64160,61240,58490,55890
01/01/1999,23710000,554000,149800,116200,106700,100400,94960,89990,85360,81040,77000,73210,69660,66330,63200,60260,57500,54890,52440
01/02/1999,28320000,842400,259100,205500,188500,176400,165600,155700,146500,138000,130000,122700,115800,109500,103500,97970,92790,87950,83430
01/03/1999,28320000,842400,259100,205500,188500,176400,165600,155700,146500,138000,130000,122700,115800,109500,103500,97970,92790,87950,83430
01/04/1999,24380000,906100,292300,232900,213800,200200,188200,177200,166900,157500,148600,140400,132800,125600,119000,112800,107000,101500,96420
01/05/1999,20720000,700300,213800,168800,155100,145700,137600,130100,123200,116700,110700,105000,99720,94760,90120,85760,81670,77830,74220
01/06/1999,20040000,513000,142400,111000,102100,96150,91040,86330,81940,77850,74010,70410,67040,63870,60900,58100,55460,52980,50640
01/07/1999,18120000,389400,101100,78040,71780,67750,64320,61160,58210,55450,52860,50430,48140,45980,43950,42040,40230,38520,36910
01/08/1999,17920000,400500,105300,81500,74980,70750,67130,63790,60680,57770,55040,52470,50060,47790,45650,43640,41740,39950,38260
01/09/1999,17460000,439000,118100,91560,84180,79390,75310,71560,68070,64800,61740,58860,56160,53610,51210,48950,46820,44810,42920
01/10/1999,21370000,640100,188300,148300,136500,128300,121100,114500,108400,102600,97290,92290,87620,83240,79140,75290,71680,68280,65100
01/11/1999,20790000,496100,131700,102000,93770,88390,83780,79540,75590,71890,68430,65180,62130,59260,56560,54020,51630,49370,47240
01/12/1999,22580000,489700,128200,99260,91300,86060,81540,77380,73500,69870,66460,63270,60280,57470,54820,52330,49990,47780,45690
01/01/2000,21300000,567400,162100,127200,117200,110400,104500,99070,94010,89270,84840,80690,76800,73140,69710,66480,63450,60590,57900
01/02/2000,23580000,585500,164900,129400,119100,112100,105900,100300,94980,90040,85430,81120,77070,73290,69740,66400,63270,60330,57560
01/03/2000,18630000,356200,86160,65780,60470,57170,54400,51860,49490,47270,45180,43210,41350,39600,37950,36380,34900,33500,32170
01/04/2000,18330000,344200,81990,62450,57410,54290,51680,49280,47040,44950,42970,41110,39360,37700,36140,34660,33260,31940,30680
01/05/2000,18390000,423400,110900,85960,79190,74800,71050,67590,64350,61320,58480,55810,53290,50920,48690,46580,44590,42720,40940
01/06/2000,19020000,460900,126500,98950,91240,86080,81600,77460,73590,69970,66580,63400,60410,57600,54960,52470,50130,47930,45850
01/07/2000,18530000,433800,119000,93170,85950,81100,76860,72940,69270,65850,62630,59620,56790,54140,51640,49290,47080,44990,43030
01/08/2000,18390000,480400,136700,107500,99140,93440,88450,83830,79520,75500,71730,68200,64890,61790,58870,56130,53560,51130,48850
01/09/2000,17870000,446000,121300,94500,87050,82110,77860,73930,70270,66840,63630,60620,57780,55120,52610,50250,48030,45940,43960
01/10/2000,18380000,407700,103500,79550,73100,69000,65530,62340,59380,56600,53990,51540,49230,47060,45010,43080,41250,39530,37900
01/11/2000,20140000,410200,101800,77980,71650,67630,64230,61110,58200,55480,52920,50510,48250,46110,44100,42210,40420,38720,37120
01/12/2000,21500000,421400,104900,80440,73920,69770,66230,62970,59940,57100,54430,51930,49570,47360,45270,43290,41440,39680,38020
01/01/2001,23850000,500400,131200,101700,93480,88060,83370,79040,75010,71240,67710,64400,61300,58390,55650,53080,50660,48380,46240
01/02/2001,23370000,566400,156500,122100,112300,105700,99940,94650,89730,85130,80830,76800,73030,69490,66170,63050,60120,57360,54770
01/03/2001,24220000,655200,189300,148900,137000,128700,121500,114800,108600,102800,97450,92410,87690,83280,79150,75270,71640,68220,65020
01/04/2001,16950000,355100,86510,65810,60370,57050,54320,51840,49530,47370,45330,43410,41600,39890,38270,36740,35290,33910,32610
01/05/2001,20510000,449100,115700,89240,82030,77380,73410,69760,66360,63170,60180,57380,54740,52260,49920,47720,45650,43690,41840
01/06/2001,20250000,587200,173000,136400,125600,118200,111700,105700,100100,94950,90090,85550,81300,77310,73580,70070,66770,63670,60750
01/07/2001,20150000,586200,174900,138200,127200,119600,112900,106800,101000,95690,90710,86040,81680,77600,73780,70190,66820,63660,60690
01/08/2001,20310000,642500,200000,159400,146800,137900,130000,122600,115800,109500,103600,98090,92950,88140,83650,79440,75500,71800,68330
01/09/2001,18870000,400200,102800,79510,73210,69090,65550,62280,59230,56370,53690,51170,48810,46580,44490,42520,40660,38900,37240
01/10/2001,14260000,254200,58030,44000,40520,38410,36660,35060,33560,32150,30830,29570,28380,27260,26200,25190,24230,23330,22460
01/11/2001,16460000,281300,64320,48840,44980,42620,40640,38830,37140,35540,34040,32620,31280,30020,28820,27680,26610,25590,24620
01/12/2001,19170000,291600,65750,49950,46020,43590,41530,39620,37850,36180,34600,33120,31720,30390,29140,27960,26840,25780,24780
01/01/2002,19140000,273900,60720,45990,42360,40140,38260,36520,34900,33370,31940,30580,29300,28090,26950,25870,24840,23870,22950
01/02/2002,18530000,284400,64300,48790,44930,42560,40560,38730,37010,35390,33870,32430,31080,29800,28580,27440,26350,25320,24350
01/03/2002,19820000,363900,88140,67560,62210,58820,55930,53270,50780,48450,46250,44190,42240,40410,38680,37040,35500,34040,32660
01/04/2002,18230000,371400,91340,69930,64310,60790,57830,55110,52570,50200,47960,45860,43870,42000,40230,38560,36980,35490,34070
01/05/2002,21310000,520100,141900,110700,101900,96030,90940,86230,81850,77750,73910,70320,66940,63780,60800,58000,55370,52890,50550
01/06/2002,19900000,459600,122500,95000,87350,82350,78060,74110,70430,66990,63760,60730,57890,55220,52700,50340,48100,46000,44020
01/07/2002,18450000,499400,143700,113000,104100,98120,92870,88030,83520,79300,75350,71650,68180,64920,61870,58990,56290,53750,51350
01/08/2002,15660000,338300,86560,66740,61450,58090,55240,52620,50170,47880,45730,43700,41780,39980,38280,36670,35150,33720,32360
01/09/2002,17860000,403900,105700,81900,75430,71210,67580,64230,61110,58180,55440,52860,50430,48150,46000,43980,42070,40270,38570
01/10/2002,16370000,475300,133300,104200,96060,90680,86070,81830,77870,74160,70680,67400,64330,61430,58710,56140,53710,51420,49260
01/11/2002,21220000,488400,127800,98700,90680,85460,81010,76910,73090,69530,66180,63040,60100,57320,54720,52260,49950,47770,45710
01/12/2002,21210000,531100,145600,113300,104200,98220,93060,88300,83870,79720,75840,72200,68790,65570,62560,59710,57040,54520,52140
01/01/2003,25580000,745200,225000,178000,163600,153400,144500,136300,128600,121500,114900,108700,103000,97600,92570,87870,83460,79330,75460
01/02/2003,24360000,749100,228200,180400,165800,155600,146600,138300,130700,123500,116900,110700,104900,99460,94390,89650,85200,81040,77130
01/03/2003,24060000,786800,241500,190800,175100,164200,154700,146000,137900,130300,123300,116700,110600,104900,99550,94540,89840,85440,81310
01/04/2003,21570000,662100,192200,150000,137500,129200,122200,115700,109700,104100,98810,93900,89300,84980,80930,77130,73550,70180,67020
01/05/2003,18760000,614500,181000,141500,129900,122200,115600,109600,104100,98880,94030,89480,85210,81200,77430,73880,70550,67400,64440
01/06/2003,20350000,752500,242000,192600,177100,166100,156600,147800,139600,132000,124900,118300,112100,106300,100900,95890,91150,86710,82540
01/07/2003,21250000,709600,223500,177500,163100,152900,144000,135800,128200,121100,114500,108300,102600,97240,92220,87530,83140,79020,75160
01/08/2003,19250000,796100,269600,216500,199100,186500,175400,165200,155800,147000,138800,131200,124100,117500,111300,105500,100100,95080,90340
01/09/2003,21860000,856800,282500,225600,207100,193700,182000,171200,161200,151900,143200,135200,127800,120800,114300,108300,102600,97310,92350
01/10/2003,21960000,720600,217100,170800,156700,147100,138700,130900,123800,117100,110900,105100,99630,94550,89800,85350,81170,77260,73580
01/11/2003,18950000,456400,117700,89960,82340,77610,73710,70180,66910,63850,60980,58280,55730,53330,51070,48930,46900,44990,43180
01/12/2003,23110000,611100,171200,133400,122400,115100,108800,103000,97670,92670,87990,83610,79500,75660,72040,68650,65460,62460,59640
01/01/2004,23230000,865000,294900,237500,218700,205000,193000,181800,171500,161900,153000,144600,136900,129600,122800,116500,110600,105000,99850
01/02/2004,27600000,1057000,356300,285500,261600,244100,228600,214300,201100,188900,177600,167200,157500,148400,140000,132200,124900,118200,111800
01/03/2004,24730000,960200,315200,251000,230200,215300,202300,190300,179200,168900,159400,150500,142200,134500,127300,120600,114300,108400,103000
01/04/2004,26760000,1002000,323800,257100,235300,219800,206300,193800,182300,171600,161700,152500,143900,135900,128500,121600,115100,109000,103400
01/05/2004,25290000,1138000,398200,320200,293300,273500,256000,239900,225100,211400,198700,186900,176000,165900,156500,147700,139600,131900,124800
01/06/2004,22820000,1027000,360700,290400,266200,248600,233000,218700,205400,193200,181800,171300,161500,152400,143900,136000,128600,121800,115400
01/07/2004,23810000,1089000,396500,321500,294700,274400,256300,239700,224400,210200,197200,185100,174000,163600,154000,145100,136800,129100,121900
01/08/2004,23590000,1043000,373300,302100,276900,257900,241000,225400,211100,197900,185700,174400,163900,154200,145200,136800,129100,121800,115100
01/09/2004,24510000,1091000,385000,310500,284300,264800,247400,231500,216800,203200,190700,179000,168300,158300,149100,140500,132500,125100,118200
01/10/2004,26710000,1148000,396200,318200,291100,271000,253100,236800,221700,207800,194900,183100,172000,161800,152400,143600,135400,127800,120700
01/11/2004,25320000,858700,263600,207400,189800,177700,167100,157500,148600,140300,132500,125300,118600,112300,106500,101000,95900,91100,86600
01/12/2004,25890000,939900,302300,240100,220000,205700,193300,181800,171200,161400,152200,143700,135800,128400,121600,115100,109100,103500,98270
01/01/2005,25260000,1062000,382500,310000,284800,266100,249500,234200,220000,206900,194700,183500,173000,163200,154200,145700,137800,130500,123600
01/02/2005,30040000,1261000,444500,358200,327400,304300,283700,264800,247500,231500,216800,203200,190600,179000,168200,158200,148900,140300,132300
01/03/2005,28750000,1375000,503100,407200,372200,345700,322100,300500,280700,262400,245600,230100,215700,202400,190100,178800,168200,158400,149300
01/04/2005,29220000,1428000,522500,422500,385800,358000,333400,310800,290100,271000,253400,237200,222300,208400,195600,183800,172800,162600,153200
01/05/2005,23040000,1035000,354200,283200,259500,242500,227600,214000,201400,189700,178900,168800,159400,150700,142500,134900,127800,121200,115000
01/06/2005,24800000,1094000,385000,310000,283900,264600,247500,231900,217400,204100,191700,180300,169600,159800,150600,142100,134200,126800,119900
01/07/2005,22490000,1014000,360500,290700,266500,248600,232800,218300,204800,192400,180900,170300,160400,151200,142700,134700,127300,120400,114000
01/08/2005,22310000,996100,350900,282400,258800,241400,226100,212000,199000,186900,175800,165400,155800,146900,138600,130900,123700,117000,110700
01/09/2005,24200000,1245000,461800,374300,342300,318100,296700,277000,258900,242300,226900,212700,199600,187400,176200,165700,156000,147000,138700
01/10/2005,26030000,1405000,527000,427400,390400,362400,337400,314600,293700,274400,256700,240300,225200,211200,198300,186300,175200,164900,155300
01/11/2005,27920000,1383000,502700,405700,370500,344200,320800,299400,279800,261700,245000,229600,215300,202200,190000,178600,168200,158400,149300
01/12/2005,26770000,1180000,410400,329100,301100,280600,262700,246200,231000,216900,203900,191800,180600,170200,160600,151600,143200,135400,128100
01/01/2006,28780000,1347000,514800,420300,384700,357400,333000,310600,290000,271000,253600,237500,222600,208800,196100,184300,173400,163200,153800
01/02/2006,32450000,1550000,579400,469700,427900,395700,367000,340800,316800,294800,274700,256100,239100,223400,209000,195600,183300,171900,161300
01/03/2006,30380000,1539000,577200,468000,426800,395300,367400,341800,318300,296800,277000,258700,242000,226500,212200,199000,186700,175400,164900
01/04/2006,31140000,1518000,556200,449200,409400,379200,352500,328000,305500,284900,265900,248500,232400,217600,203900,191200,179500,168600,158600
01/05/2006,28570000,1326000,472900,380400,347300,322700,300900,281000,262700,245800,230200,215800,202500,190200,178800,168200,158400,149300,140800
01/06/2006,25790000,1375000,524500,426600,389800,361800,336900,314100,293100,273800,256100,239700,224600,210600,197700,185700,174600,164300,154800
01/07/2006,26580000,1381000,530300,431800,394000,364900,338900,315300,293500,273600,255300,238400,222900,208600,195300,183100,171800,161400,151700
01/08/2006,25070000,1432000,568000,464700,424000,392400,364300,338500,314900,293300,273400,255200,238300,222900,208600,195400,183200,171900,161500
01/09/2006,24800000,1363000,519100,421900,385300,357500,332700,310100,289300,270200,252600,236300,221400,207500,194700,182900,171900,161700,152300
01/10/2006,24670000,1365000,511100,414000,378400,351600,328000,306300,286400,268000,251000,235400,220900,207500,195100,183600,172900,162900,153700
01/11/2006,29000000,1424000,518000,418000,381400,353900,329500,307200,286700,267900,250500,234500,219700,206100,193400,181700,170900,160800,151500
01/12/2006,30240000,1364000,487800,393000,358700,333100,310300,289400,270300,252600,236400,221400,207500,194700,182800,171800,161700,152200,143400
01/01/2007,29850000,1353000,490100,395700,361500,335700,312800,291800,272500,254700,238300,223200,209200,196300,184400,173300,163000,153500,144700
01/02/2007,30270000,1411000,515700,416700,380300,352800,328400,306100,285500,266700,249300,233300,218500,204800,192200,180500,169700,159600,150300
01/03/2007,29940000,1583000,602400,489200,446100,413100,383700,356900,332400,309800,289100,270000,252400,236200,221300,207400,194700,182800,171800
01/04/2007,26230000,1522000,584100,474600,433600,402600,375100,350000,326900,305600,286000,267900,251200,235700,221400,208200,195900,184500,173800
01/05/2007,27800000,1465000,548000,443500,404800,375600,349700,326000,304300,284300,265800,248900,233200,218700,205300,192800,181300,170600,160700
01/06/2007,27230000,1517000,592800,483400,440900,408200,379000,352400,327900,305500,285000,266000,248600,232500,217700,204000,191400,179700,168800
01/07/2007,27370000,1555000,622500,509300,463900,428300,396600,367700,341200,317000,294900,274500,255900,238700,222900,208400,195000,182600,171100
01/08/2007,25190000,1558000,637600,523400,477100,440700,408300,378700,351700,327000,304300,283400,264300,246700,230500,215600,201800,189000,177300
01/09/2007,26710000,1630000,655000,535600,487700,450300,417000,386700,358900,333600,310300,288900,269300,251300,234700,219400,205300,192300,180300
01/10/2007,28880000,1750000,695700,567600,516300,476400,440900,408500,379000,351900,327200,304500,283700,264500,246900,230700,215700,202000,189200
01/11/2007,30870000,1706000,656700,533500,485500,448400,415500,385500,358000,332900,309900,288700,269300,251400,234900,219700,205700,192800,180800
01/12/2007,32310000,1631000,615900,499400,454700,420200,389600,361600,336100,312600,291100,271400,253200,236500,221100,206900,193800,181700,170500
01/01/2008,32500000,1569000,588800,477400,434800,402100,372900,346300,321900,299600,279100,260200,242900,227000,212300,198700,186200,174600,163900
01/02/2008,29570000,1570000,604200,491700,448600,415500,386000,359100,334400,311800,290900,271800,254100,237800,222800,208900,196000,184100,173100
01/03/2008,28630000,1622000,630400,513400,468300,433800,403100,375100,349400,325800,304000,284100,265600,248700,233000,218500,205100,192600,181100
01/04/2008,30700000,1673000,639200,518700,472300,436800,405300,376500,350100,326000,303800,283400,264600,247400,231400,216700,203200,190600,179000
01/05/2008,27740000,1683000,682400,558900,509000,470000,435300,403600,374600,348100,323800,301500,281100,262200,244900,229000,214300,200700,188100
01/06/2008,28680000,1710000,677800,553100,504000,465900,432000,401100,372800,346900,323100,301300,281200,262700,245700,229900,215400,202000,189600
01/07/2008,28070000,1714000,709200,582400,529400,487400,450000,416000,385000,356700,330800,307200,285500,265700,247500,230700,215300,201100,188000
01/08/2008,28370000,1766000,736000,604400,548700,504300,464800,429000,396300,366600,339500,314700,292000,271300,252300,234900,218900,204100,190600
01/09/2008,29290000,1796000,731900,599000,543800,500100,461300,426000,393800,364500,337800,313300,291000,270500,251700,234500,218600,204000,190600
01/10/2008,28640000,1728000,684200,557900,507700,468700,434000,402400,373500,347000,322800,300600,280200,261400,244100,228200,213500,200000,187400
01/11/2008,31790000,1755000,677600,550500,500500,461800,427500,396100,367500,341300,317400,295400,275200,256600,239600,223900,209400,196000,183700
01/12/2008,34470000,1787000,688400,559100,507700,467700,432100,399700,370200,343200,318500,296000,275300,256300,238900,222800,208100,194500,181900
01/01/2009,32170000,1674000,647200,526600,479400,442800,410200,380500,353300,328400,305600,284700,265400,247800,231500,216500,202600,189800,178000
01/02/2009,33820000,1787000,698900,569200,517100,476400,440100,407100,377000,349500,324300,301300,280200,260900,243100,226800,211800,197900,185200
01/03/2009,33510000,1829000,715700,582700,529300,487600,450600,416800,386000,357900,332200,308700,287200,267400,249200,232500,217100,203000,189900
01/04/2009,31660000,1794000,700300,569900,518300,478300,442800,410400,380800,353800,329000,306200,285400,266200,248500,232300,217300,203400,190600
01/05/2009,30250000,1750000,689400,562000,511400,472200,437300,405500,376400,349800,325400,303000,282500,263600,246200,230200,215400,201700,189100
01/06/2009,29360000,1711000,687800,562500,511700,471900,436400,404100,374700,347700,323100,300500,279700,260700,243200,227100,212300,198600,185900
01/07/2009,28300000,1682000,689500,565500,514100,473600,437400,404500,374400,347000,322000,299100,278100,258800,241200,224900,210000,196200,183500
01/08/2009,28240000,1705000,701700,575600,522800,481000,443800,410000,379100,351000,325400,301900,280400,260800,242700,226200,210900,196900,184000
01/09/2009,28970000,1740000,703300,575200,522500,480900,444000,410400,379700,351800,326300,302900,281500,261900,243900,227400,212200,198200,185300
01/10/2009,30110000,1702000,660900,537500,488700,450900,417200,386600,358600,333000,309500,288000,268300,250200,233500,218100,204000,190900,178900
01/11/2009,31070000,1618000,608000,492300,448200,414400,384400,357100,332000,309000,287900,268600,250700,234300,219200,205200,192300,180400,169400
01/12/2009,33610000,1641000,615000,498100,453100,418400,387500,359300,333500,309900,288300,268500,250300,233600,218100,203900,190800,178800,167600
01/01/2010,31900000,1580000,627000,513300,467900,432400,400600,371600,345100,320800,298500,278100,259300,242000,226100,211500,198000,185500,173900
01/02/2010,24920000,1672000,738300,612900,558500,514900,475900,440300,407900,378300,351200,326400,303600,282800,263600,246000,229700,214800,201000
01/03/2010,24920000,1672000,738300,612900,558500,514900,475900,440300,407900,378300,351200,326400,303600,282800,263600,246000,229700,214800,201000
01/04/2010,25190000,1174000,426200,342600,313300,292100,273500,256500,240900,226400,213000,200600,189100,178300,168400,159100,150400,142300,134700
01/05/2010,23440000,1162000,426000,342400,312500,290500,271300,253800,237600,222800,209000,196300,184500,173600,163400,154000,145200,137100,129500
01/06/2010,18140000,920100,337300,271100,247800,231000,216500,203200,191000,179700,169200,159500,150400,142000,134100,126800,120000,113700,107700
01/07/2010,15920000,848000,316800,255700,234000,218100,204300,191700,180000,169200,159200,150000,141400,133400,125900,119000,112500,106500,100800
01/08/2010,17440000,958500,364600,295500,270100,251100,234400,219100,205100,192100,180100,169000,158800,149300,140500,132300,124700,117600,111000
01/09/2010,21390000,1168000,449200,364900,333400,309500,288400,269000,251300,234900,219900,205900,193100,181200,170200,160000,150500,141800,133600
01/10/2010,25620000,1385000,535300,435000,396800,367700,341900,318300,296700,276800,258500,241700,226200,211800,198600,186300,175000,164500,154700
01/11/2010,27240000,1663000,690500,567700,517300,477700,442300,410100,380600,353700,329000,306300,285500,266400,248800,232500,217600,203800,191000
01/12/2010,25890000,1776000,784900,650500,591100,543300,500700,461900,426700,394600,365300,338600,314100,291800,271300,252500,235200,219300,204700
01/01/2011,24190000,1693000,759800,631200,573400,526800,485100,447300,412900,381600,353000,327000,303200,281400,261500,243300,226500,211100,196900
01/02/2011,29140000,1295000,465100,375600,343400,319100,297600,277900,259700,243000,227500,213300,200100,187900,176600,166100,156400,147400,139000
01/03/2011,29650000,1370000,522300,426100,389700,361700,336700,313800,292700,273300,255500,239100,223900,209900,196900,184900,173800,163500,153900
01/04/2011,23820000,976900,338800,272900,250800,234700,220500,207400,195300,184100,173600,163900,154800,146400,138500,131200,124300,117900,111900
01/05/2011,22220000,980400,348800,281800,259000,242400,227800,214300,201900,190300,179500,169500,160200,151500,143400,135800,128700,122100,115900
01/06/2011,22330000,993100,361200,292900,269200,251600,236000,221600,208300,196000,184600,174000,164100,155000,146400,138500,131000,124100,117600
01/07/2011,22050000,1114000,434700,356600,327500,305100,285200,266800,249900,234200,219800,206400,194100,182600,171900,162000,152800,144300,136300
01/08/2011,22140000,949400,344700,279800,257000,240000,224800,210800,197900,185900,174800,164500,155000,146200,137900,130200,123100,116400,110200
01/09/2011,23340000,951600,337000,272800,250600,233900,219100,205400,192800,181100,170300,160200,150900,142300,134200,126800,119800,113300,107200
01/10/2011,19820000,662500,208000,165300,152300,143200,135200,127900,121100,114700,108800,103300,98060,93200,88640,84370,80350,76580,73030
01/11/2011,20070000,615800,187100,148000,136400,128400,121500,115100,109100,103600,98400,93530,88970,84690,80670,76900,73350,70010,66870
01/12/2011,22720000,637400,191600,151500,139500,131200,124000,117300,111000,105200,99790,94700,89940,85490,81310,77390,73710,70250,67000
01/01/2012,26100000,736500,218100,171600,157500,147700,139100,131200,123900,117100,110700,104800,99270,94110,89280,84760,80530,76560,72840
01/02/2012,25800000,895800,300700,241700,222200,207900,195200,183500,172700,162600,153300,144600,136500,129000,122000,115500,109400,103700,98330
01/03/2012,24280000,1009000,357000,288800,265500,248300,233100,219000,206100,194000,182800,172400,162800,153800,145400,137600,130300,123500,117100
01/04/2012,24990000,1003000,348000,280500,257700,240900,226100,212400,199700,188000,177100,167000,157600,148800,140700,133100,126000,119300,113100
01/05/2012,24080000,932800,320000,257600,236800,221600,208100,195600,184100,173400,163500,154200,145600,137600,130200,123200,116700,110700,105000
01/06/2012,21700000,796100,269800,217300,200100,187500,176400,166200,156600,147800,139600,131900,124800,118100,111900,106100,100600,95530,90770
01/07/2012,18900000,700300,237200,191000,176100,165400,155900,147100,138900,131300,124300,117700,111500,105800,100400,95330,90600,86170,82010
01/08/2012,20660000,722200,240100,192700,177400,166300,156500,147400,139000,131200,124000,117200,110900,105000,99500,94360,89550,85040,80820
01/09/2012,21730000,810800,273100,219400,201700,188900,177600,167100,157400,148400,140100,132300,125000,118300,112000,106100,100600,95420,90600
01/10/2012,19190000,714900,231900,184700,170000,159800,150900,142700,135100,128000,121300,115100,109300,103900,98830,94060,89570,85360,81400
01/11/2012,22050000,878400,298900,240300,221100,207300,195200,184000,173600,164000,155000,146600,138800,131500,124700,118300,112300,106700,101500
01/12/2012,25620000,903400,302100,242500,222900,208700,196000,184300,173500,163400,154100,145400,137400,129800,122800,116300,110200,104500,99120
01/01/2013,27570000,964300,327200,263300,241700,225800,211600,198500,186300,175100,164800,155100,146200,137900,130100,122900,116200,109900,104100
01/02/2013,27200000,1042000,366300,296300,272000,253800,237600,222700,208900,196100,184300,173400,146200,137900,130100,122900,116200,109900,104100
01/03/2013,22630000,947000,332200,268200,246800,231200,217500,204800,193000,182100,172000,162500,153700,145500,137800,130600,123900,117600,111800
01/04/2013,24880000,955900,326100,262400,241100,225600,211800,199100,187400,176500,166400,157000,148200,140100,132500,125400,118800,112600,106800
01/05/2013,18980000,655400,206600,163800,150700,141800,134200,127100,120500,114400,108700,103300,98280,93560,89120,84960,81040,77360,73890
01/06/2013,18140000,794500,281900,228300,210500,197700,186400,176000,166300,157200,148800,141000,133600,126800,120400,114400,108700,103400,98470
01/07/2013,21980000,933300,340400,277000,254700,237900,222900,209100,196400,184600,173700,163500,154100,145300,137200,129600,122500,115900,109800
01/08/2013,22370000,932300,337100,273900,251700,234900,220000,206300,193500,181800,170900,160800,151400,142700,134600,127100,120100,113600,107500
01/09/2013,21950000,948200,340100,275700,253400,236800,222000,208400,195800,184200,173400,163300,154000,145300,137300,129800,122700,116200,110100
01/10/2013,23740000,940500,324800,262000,240700,225100,211100,198300,186400,175400,165200,155700,146900,138700,131100,124000,117300,111100,105300
01/11/2013,22610000,681200,208000,164700,151600,142400,134400,127000,120200,113800,107800,102200,97000,92120,87550,83260,79240,75460,71910
01/12/2013,22330000,645600,197100,156400,144200,135600,128100,121200,114700,108700,103100,97830,92900,88290,83970,79910,76110,72530,69170
01/01/2014,23160000,581000,162600,127000,116800,109900,103900,98430,93310,88520,84050,79860,75940,72260,68800,65560,62510,59640,56940
01/02/2014,24280000,557100,150900,117400,107800,101500,95950,90850,86110,81690,77550,73680,70050,66650,63460,60460,57640,54990,52490
01/03/2014,23160000,557800,151200,117400,107800,101500,96000,90970,86300,81930,77850,74020,70430,67070,63900,60930,58130,55500,53020
01/04/2014,23160000,557800,151200,117400,107800,101500,96000,90970,86300,81930,77850,74020,70430,67070,63900,60930,58130,55500,53020
01/05/2014,23420000,747800,227200,179500,164800,154600,145700,137500,129900,122800,116200,110100,104300,98950,93920,89210,84800,80660,76770
01/06/2014,23910000,847000,275300,220000,202100,189100,177600,167000,157200,148100,139700,131800,124500,117700,111400,105500,99920,94750,89910
01/07/2014,22020000,687600,211200,167100,153500,144000,135600,127900,120700,114100,107900,102100,96700,91660,86950,82540,78420,74550,70920
01/08/2014,20090000,602400,179400,141200,129700,121900,115000,108700,102900,97450,92370,87620,83170,79010,75110,71460,68030,64800,61780
01/09/2014,21280000,727100,226700,179700,165100,154800,145700,137400,129700,122600,115900,109700,103800,98420,93350,88610,84160,80000,76090
01/10/2014,20310000,554100,153800,119600,109800,103300,97800,92700,87960,83540,79400,75520,71880,68460,65250,62230,59390,56720,54200
01/11/2014,23460000,692700,203500,160200,147200,138200,130400,123200,116500,110300,104500,99040,93950,89200,84750,80580,76660,72990,69540
01/12/2014,21670000,477700,124100,95690,87890,82860,78560,74620,70950,67520,64300,61270,58430,55760,53250,50880,48650,46540,44550
01/01/2015,23720000,668000,205400,163400,150500,141500,133500,126000,119200,112700,106700,101200,95930,91050,86470,82190,78170,74400,70860
01/02/2015,396500,609800,174000,135900,124800,117400,111000,105200,99700,94600,89830,85370,81190,77260,73580,70120,66870,63810,60930
01/03/2015,22780000,763100,234800,185500,170300,159900,150800,142400,134600,127400,120600,114300,108400,102900,97760,92920,88390,84130,80140
01/04/2015,24410000,799100,243600,192200,176300,165300,155700,146800,138600,131000,123900,117300,111100,105300,99930,94880,90150,85710,81550
01/05/2015,24890000,934000,304900,243200,223200,208700,196000,184300,173400,163400,154000,145300,137300,129700,122700,116200,110000,104300,98980
01/06/2015,23630000,932900,315400,253200,232500,217300,203800,191500,180000,169400,159500,150400,141900,134000,126600,119800,113300,107400,101800
01/07/2015,23770000,949000,325900,262100,240400,224300,210100,197000,184900,173700,163300,153700,144700,136400,128700,121600,114900,108600,102800
01/08/2015,22920000,967700,336900,271300,248700,232000,217200,203600,191100,179400,168700,158700,149400,140800,132800,125400,118500,112000,106000
01/09/2015,25380000,1146000,407200,328500,300500,279500,260800,243700,227900,213400,200000,187600,176100,165500,155600,146500,138000,130100,122800
01/10/2015,23040000,857400,271100,214300,196300,183800,172800,162800,153500,144900,136900,129400,122500,116000,109900,104200,98920,93950,89300
01/11/2015,24790000,901500,285000,225500,206600,193300,181700,171100,161200,152100,143600,135700,128300,121500,115000,109100,103500,98200,93290
01/12/2015,25960000,990400,326400,260400,238700,223200,209400,196800,185200,174300,164300,155000,146300,138200,130700,123700,117100,111000,105300
01/01/2016,23840000,984800,350500,283700,261000,244300,229500,215800,203100,191400,180500,170300,160900,152100,143900,136200,129100,122400,116200
01/02/2016,28450000,1087000,365600,292600,267900,249700,233700,218900,205300,192800,181100,170300,160300,151000,142400,134400,126900,119900,113400
01/03/2016,28490000,1228000,429200,345000,315600,293700,274300,256600,240200,225100,211100,198200,186200,175200,164900,155300,146400,138200,130500
01/04/2016,30070000,1417000,512200,413400,377300,350100,325900,303800,283400,264700,247500,231600,217000,203400,190900,179300,168500,158600,149300
01/05/2016,24700000,1168000,413100,332200,304100,283500,265400,248800,233400,219300,206100,194000,182700,172200,162400,153300,144900,137000,129600
01/06/2016,26190000,1273000,468900,379700,347100,322500,300700,280700,262300,245300,229700,215300,201900,189600,178100,167500,157700,148600,140100
01/07/2016,25810000,1369000,531500,433900,396200,367100,341000,317200,295400,275400,257000,240000,224400,210000,196700,184400,173100,162500,152800
01/08/2016,27200000,1458000,571500,466800,425300,392900,364000,337600,313500,291400,271100,252600,235500,219800,205300,192000,179700,168400,157900
01/09/2016,22070000,1096000,393900,317600,290900,271200,253800,237900,223200,209700,197100,185400,174600,164600,155200,146500,138500,130900,123900
01/10/2016,24940000,1301000,476900,385400,352300,327600,305800,285800,267400,250400,234700,220200,206800,194400,182900,172200,162300,153100,144500
01/11/2016,27890000,1404000,513600,414800,378800,351800,327800,305900,285800,267200,250100,234400,219800,206300,193800,182200,171500,161500,152300
01/12/2016,31930000,1488000,542700,438000,399200,369700,343500,319600,297700,277500,259000,242000,226300,211800,198400,186100,174600,164100,154200
01/01/2017,30090000,1491000,560100,454500,414700,384400,357500,332800,310200,289400,270200,252600,236400,221400,207500,194700,182900,171900,161700
01/02/2017,27900000,1444000,545100,442600,404400,375500,349900,326300,304700,284900,266500,249600,234000,219500,206200,193800,182300,171600,161700
01/03/2017,26310000,1383000,514800,416800,381100,354500,330900,309300,289400,271000,254100,238400,223900,210500,198000,186500,175700,165700,156400
01/04/2017,26980000,1388000,508000,409900,374500,348200,324900,303600,284000,266000,249300,233900,219600,206400,194200,182800,172200,162400,153300
01/05/2017,28850000,1548000,587900,477200,435200,403100,374600,348500,324700,302700,282600,264000,246900,231100,216600,203100,190700,179100,168400
01/06/2017,27150000,1495000,581700,474200,432600,400600,372100,346100,322200,300300,280100,261600,244500,228800,214300,200800,188400,176900,166300
01/07/2017,25260000,1452000,578900,473900,432600,400400,371800,345600,321600,299600,279300,260700,243600,227900,213300,199900,187400,175900,165300
01/08/2017,26710000,1465000,577700,472100,430300,397600,368400,341800,317500,295200,274800,256000,238800,222900,208300,194800,182400,170900,160300
01/09/2017,23870000,1232000,454900,368100,336700,313000,292100,272900,255300,239000,224000,210100,197300,185400,174300,164100,154600,145800,137600
01/10/2017,23870000,1232000,454900,368100,336700,313000,292100,272900,255300,239000,224000,210100,197300,185400,174300,164100,154600,145800,137600
01/11/2017,31020000,1593000,595600,482000,438900,406000,376700,350000,325500,303100,282500,263600,246100,230100,215300,201600,189000,177300,166500
01/12/2017,31030000,1591000,600900,487300,444100,411000,381600,354700,330100,307500,286700,267700,250100,233900,219000,205200,192400,180600,169700
01/01/2018,29610000,1636000,671400,552700,504700,467000,433300,402500,374300,348400,324700,302900,282800,264300,247200,231500,217000,203500,191100
01/02/2018,33580000,1767000,689700,561600,510400,470400,434700,402200,372600,345600,320800,298200,277400,258400,240900,224800,210000,196300,183700
01/03/2018,32390000,1802000,707300,576300,524000,483300,447000,413900,383800,356200,331000,307800,286600,267100,249200,232700,217600,203500,190600
01/04/2018,31490000,1818000,714400,581900,529200,488300,451900,418800,388500,360800,335500,312200,290900,271300,253200,236600,221300,207100,194100
01/05/2018,30610000,1755000,689800,562000,511400,472000,437000,405100,376000,349300,324900,302400,281900,262900,245500,229500,214700,201100,188400
01/06/2018,24260000,1413000,552100,450200,411600,382100,355900,332000,310000,289700,271100,253900,238000,223300,209600,197000,185400,174500,164400
01/07/2018,28480000,1655000,673200,551700,501600,462200,426900,394900,365700,339000,314600,292300,271800,253100,235800,220000,205400,192000,179600
01/08/2018,27350000,1641000,670800,550100,500300,461000,426000,394100,365000,338400,314200,291900,271500,252800,235700,219900,205300,191900,179600
01/09/2018,28740000,1740000,704900,576700,523900,482300,445300,411700,381000,353000,327400,304000,282600,263000,244900,228400,213100,199100,186200
01/10/2018,28350000,1686000,663000,540200,491800,454200,420900,390500,362700,337200,313900,292500,272800,254700,238000,222600,208400,195300,183200
01/11/2018,30970000,1717000,661600,537400,489000,451600,418400,388100,360400,335100,311800,290500,270900,252900,236300,221000,206900,193800,181800
01/12/2018,31680000,1675000,642500,522000,475300,439200,407200,377900,351100,326600,304100,283500,264500,247000,230900,216100,202400,189700,178000
01/01/2019,31380000,1740000,720600,593400,540600,498900,461600,427600,396500,368100,342100,318300,296400,276300,257900,240900,225200,210700,197400
01/02/2019,30160000,1608000,621000,505500,460900,426600,396000,368100,342500,319000,297400,277600,259400,242600,227100,212700,199500,187200,175900
01/03/2019,28450000,1610000,624900,508900,464300,430200,399900,372200,346700,323400,301900,282100,263900,247100,231600,217200,203900,191600,180200
01/04/2019,30510000,1737000,676500,550700,501400,463300,429500,398600,370300,344500,320700,298900,278900,260500,243500,227800,213400,200000,187600
01/05/2019,27830000,1645000,646300,527000,480500,444800,413000,384000,357400,333000,310600,290000,271000,253500,237400,222500,208700,195900,184100
01/06/2019,29050000,1699000,682600,558300,508000,468700,433600,401700,372500,345800,321400,299000,278500,259600,242300,226300,211600,198000,185500
01/07/2019,26890000,1637000,672900,552400,502900,463900,429200,397500,368500,342100,317900,295700,275300,256600,239500,223600,209100,195600,183200
01/08/2019,27120000,1679000,694200,570100,518400,477500,441000,407800,377600,350000,324700,301700,280500,261100,243300,226900,211800,197900,185100
01/09/2019,23280000,1528000,620000,508100,464000,429800,399500,371700,346300,322900,301500,281700,263500,246600,231100,216800,203500,191200,179800
01/10/2019,27850000,1680000,662100,539700,491500,454200,421000,390800,363100,337800,314500,293200,273600,255500,238900,223500,209300,196200,184100
01/11/2019,31540000,1715000,657100,533300,485000,447800,414800,384600,357100,331900,308800,287600,268100,250200,233700,218500,204500,191600,179600
01/12/2019,32600000,1683000,641700,520800,473900,437700,405400,376000,349100,324500,302000,281300,262300,244800,228700,213900,200200,187500,175900
01/01/2020,32170000,1755000,724600,596100,542700,500400,462600,428100,396600,367900,341600,317500,295500,275200,256600,239500,223700,209200,195800
01/02/2020,32670000,1684000,648500,527300,479800,442900,410100,380200,352800,327800,304800,283800,264500,246700,230400,215300,201500,188600,176800
01/03/2020,32060000,1766000,689300,561300,510600,471200,436100,404100,374900,348200,323800,301300,280800,261800,244400,228400,213600,200000,187400
01/04/2020,31050000,1783000,698200,568500,517300,477600,442300,410200,380800,353900,329200,306600,285800,266700,249100,232900,218000,204200,191400
01/05/2020,29760000,1730000,681400,555400,505700,467100,432800,401500,372900,346700,322700,300600,280400,261800,244600,228800,214200,200700,188200
01/06/2020,27970000,1635000,653800,534500,486900,449800,416800,386700,359100,333900,310800,289500,270000,252100,235600,220300,206300,193300,181300
01/07/2020,27690000,1640000,669500,549000,499500,460500,425700,394000,365100,338700,314500,292400,272100,253500,236400,220600,206100,192800,180400
01/08/2020,28110000,1644000,666700,546000,496300,457100,422100,390400,361400,334900,310800,288600,268400,249800,232700,217100,202600,189300,177100
01/09/2020,25290000,1549000,618700,505900,461400,426800,396100,368000,342300,318700,297100,277200,258900,242000,226400,212100,198800,186500,175200
01/10/2020,27300000,1540000,588000,478000,436000,404000,375000,349000,325000,303000,283000,264000,247000,231000,217000,203000,191000,179000,168000
01/11/2020,28500000,1430000,522000,421000,384000,357000,332000,310000,289000,270000,253000,237000,222000,208000,195000,184000,173000,163000,153000
01/12/2020,30400000,1210000,411000,328000,300000,279000,261000,244000,228000,214000,200000,188000,177000,166000,156000,147000,139000,131000,124000
01/01/2021,32300000,1460000,532000,430000,392000,363000,337000,314000,292000,272000,254000,237000,222000,207000,194000,182000,171000,160000,151000
01/02/2021,32600000,1630000,620000,504000,459000,424000,393000,364000,338000,314000,293000,273000,254000,237000,222000,207000,194000,182000,170000
01/03/2021,27700000,1500000,568000,461000,421000,391000,364000,339000,317000,296000,277000,259000,243000,228000,214000,201000,189000,178000,168000
01/04/2021,29900000,1660000,637000,517000,472000,436000,405000,376000,350000,326000,304000,284000,265000,248000,232000,217000,204000,191000,180000
01/05/2021,29200000,1620000,624000,507000,463000,428000,397000,369000,344000,320000,298000,278000,260000,243000,228000,213000,200000,188000,176000
01/06/2021,28600000,1480000,562000,457000,417000,386000,358000,333000,310000,289000,269000,251000,235000,220000,206000,193000,181000,170000,159000
01/07/2021,25600000,1270000,478000,388000,354000,329000,306000,285000,266000,249000,233000,218000,204000,191000,180000,169000,159000,149000,141000
01/08/2021,27000000,1440000,564000,461000,420000,388000,360000,334000,310000,288000,268000,250000,233000,218000,204000,191000,178000,167000,157000
01/09/2021,26700000,1370000,516000,418000,382000,354000,329000,306000,285000,266000,248000,232000,217000,203000,190000,178000,167000,157000,148000
01/10/2021,25000000,1200000,422000,339000,310000,289000,270000,253000,237000,222000,209000,196000,184000,174000,164000,154000,146000,137000,130000
01/11/2021,26900000,1170000,401000,321000,293000,273000,256000,239000,225000,211000,198000,186000,175000,165000,156000,147000,139000,131000,124000
01/12/2021,26300000,1120000,385000,308000,282000,263000,247000,231000,217000,204000,192000,181000,171000,161000,152000,143000,136000,128000,121000
01/01/2022,27200000,1030000,342000,273000,250000,234000,219000,206000,193000,182000,171000,161000,152000,143000,135000,128000,121000,115000,109000
01/02/2022,27200000,895000,281000,223000,204000,191000,179000,168000,159000,149000,141000,133000,126000,119000,112000,106000,101000,95700,90800
01/03/2022,27400000,1050000,351000,281000,257000,240000,225000,211000,198000,186000,175000,165000,155000,146000,138000,131000,123000,117000,111000
01/04/2022,21300000,583000,160000,124000,113000,106000,101000,95700,91000,86600,82500,78600,75000,71500,68300,65300,62400,59700,57200
