Date,"N2, cm-3 (100 km)","N2, cm-3 (150 km)","N2, cm-3 (200 km)","N2, cm-3 (250 km)","N2, cm-3 (300 km)","N2, cm-3 (350 km)","N2, cm-3 (400 km)","N2, cm-3 (450 km)","N2, cm-3 (500 km)","N2, cm-3 (550 km)","N2, cm-3 (600 km)","N2, cm-3 (650 km)","N2, cm-3 (700 km)","N2, cm-3 (750 km)","N2, cm-3 (800 km)","N2, cm-3 (850 km)","N2, cm-3 (900 km)","N2, cm-3 (950 km)","N2, cm-3 (1000 km)"
01/01/1996,12880000000000,24360000000,1727000000,177500000,19910000,2330000,282100,35240,4540,602.4,82.3,11.57,1.672,0.2484,0.0379,0.005935,0.0009536,0.0001571,0.00002653
01/02/1996,12630000000000,24280000000,1722000000,177500000,20000000,2351000,286000,35890,4644,619,84.94,11.99,1.741,0.2597,0.03978,0.006256,0.001009,0.000167,0.0000283
01/03/1996,12820000000000,25060000000,1683000000,164000000,17450000,1937000,222500,26400,3232,408,53.05,7.103,0.9787,0.1387,0.02019,0.00302,0.0004638,0.00007307,0.00001181
01/04/1996,11910000000000,26420000000,1814000000,186200000,21050000,2489000,304400,38440,5002,670.6,92.54,13.14,1.918,0.2876,0.0443,0.007004,0.001136,0.0001889,0.00003218
01/05/1996,11400000000000,25520000000,1741000000,176000000,19550000,2270000,272700,33810,4323,569.5,77.26,10.78,1.548,0.2284,0.03461,0.005385,0.0008595,0.0001407,0.00002361
01/06/1996,10760000000000,23390000000,1595000000,156500000,16710000,1861000,214500,25530,3135,396.8,51.75,6.949,0.96,0.1364,0.01992,0.002987,0.0004599,0.00007265,0.00001177
01/07/1996,9949000000000,22300000000,1560000000,154900000,16680000,1873000,217500,26080,3225,411.2,54.01,7.304,1.016,0.1453,0.02136,0.003225,0.0004999,0.00007947,0.00001296
01/08/1996,9640000000000,23260000000,1694000000,179600000,20830000,2522000,315600,40740,5419,742.4,104.7,15.17,2.261,0.3461,0.05439,0.008771,0.001451,0.0002459,0.0000427
01/09/1996,10750000000000,25170000000,1715000000,170200000,18460000,2090000,244800,29600,3693,474.8,62.88,8.572,1.202,0.1733,0.02568,0.003907,0.00061,0.00009771,0.00001605
01/10/1996,11700000000000,27300000000,1812000000,177300000,19020000,2131000,247200,29610,3659,466.1,61.16,8.263,1.149,0.1642,0.02411,0.003637,0.0005632,0.00008947,0.00001457
01/11/1996,12690000000000,27560000000,1871000000,188300000,20810000,2403000,287200,35430,4508,590.9,79.77,11.08,1.583,0.2325,0.03507,0.005431,0.0008631,0.0001407,0.0000235
01/12/1996,13060000000000,26100000000,1910000000,211100000,25810000,3303000,437100,59630,8378,1211,180,27.5,4.314,0.6947,0.1148,0.01945,0.003376,0.0006004,0.0001093
01/01/1997,12910000000000,24470000000,1751000000,180900000,20370000,2393000,290600,36420,4706,626.4,85.83,12.1,1.754,0.2613,0.03998,0.00628,0.001012,0.0001672,0.0000283
01/02/1997,12900000000000,24140000000,1678000000,167200000,18110000,2046000,239200,28860,3592,460.8,60.9,8.284,1.159,0.1668,0.02466,0.003744,0.0005835,0.00009328,0.00001529
01/03/1997,12010000000000,25790000000,1854000000,198100000,23290000,2861000,363600,47650,6435,894.6,128,18.82,2.844,0.4415,0.07034,0.0115,0.001927,0.000331,0.00005822
01/04/1997,11750000000000,26710000000,1901000000,205200000,24510000,3066000,396800,52950,7279,1030,149.9,22.43,3.447,0.544,0.0881,0.01463,0.002492,0.0004348,0.00007769
01/05/1997,10090000000000,26960000000,2043000000,239200000,31220000,4276000,605500,88330,13260,2046,324.3,52.77,8.813,1.509,0.265,0.04767,0.008779,0.001655,0.0003192
01/06/1997,10540000000000,23760000000,1686000000,175400000,19970000,2375000,292100,37060,4848,653.1,90.57,12.92,1.895,0.2855,0.04418,0.007017,0.001143,0.0001909,0.00003267
01/07/1997,10230000000000,22180000000,1536000000,150000000,15850000,1745000,198800,23380,2837,355.1,45.79,6.08,0.8309,0.1168,0.01687,0.002504,0.0003815,0.00005965,0.000009567
01/08/1997,10060000000000,23040000000,1635000000,164400000,17910000,2032000,238500,28890,3609,464.8,61.64,8.416,1.182,0.1707,0.02532,0.003858,0.0006033,0.00009677,0.00001591
01/09/1997,10890000000000,25610000000,1949000000,225300000,28840000,3862000,534500,76230,11190,1688,261.8,41.69,6.816,1.143,0.1966,0.03464,0.006253,0.001156,0.0002185
01/10/1997,9683000000000,30120000000,2529000000,340300000,51800000,8301000,1375000,234400,41010,7360,1354,255.3,49.27,9.734,1.967,0.4066,0.08587,0.01853,0.004082
01/11/1997,11990000000000,29170000000,2343000000,296600000,42120000,6282000,968200,153600,25040,4191,719.8,126.8,22.89,4.234,0.8018,0.1554,0.03081,0.006246,0.001294
01/12/1997,12880000000000,27190000000,2273000000,301400000,45010000,7065000,1146000,191300,32780,5764,1039,192.1,36.35,7.044,1.397,0.2833,0.05873,0.01244,0.002692
01/01/1998,12950000000000,25240000000,2092000000,267000000,37910000,5639000,866400,137000,22250,3711,635.2,111.5,20.07,3.699,0.6983,0.1349,0.02667,0.005389,0.001113
01/02/1998,12460000000000,25280000000,2057000000,253000000,34430000,4897000,719300,108800,16910,2701,443,74.56,12.87,2.278,0.413,0.07669,0.01457,0.002834,0.0005634
01/03/1998,11810000000000,27170000000,2320000000,309500000,46170000,7223000,1167000,193800,33070,5789,1039,191.2,36.03,6.953,1.373,0.2773,0.05725,0.01208,0.002603
01/04/1998,12610000000000,27630000000,2330000000,312800000,47170000,7467000,1221000,205300,35450,6279,1140,212.3,40.46,7.894,1.576,0.3218,0.06716,0.01432,0.003119
01/05/1998,11120000000000,27650000000,2423000000,339600000,53650000,8904000,1526000,268900,48610,9009,1711,332.8,66.24,13.49,2.809,0.598,0.13,0.02887,0.006544
01/06/1998,10720000000000,24960000000,2129000000,279200000,40670000,6197000,974500,157600,26190,4466,781.3,140.2,25.76,4.85,0.9346,0.1843,0.03716,0.00766,0.001613
01/07/1998,10080000000000,23860000000,2194000000,316100000,50990000,8623000,1505000,269700,49590,9346,1804,356.7,72.15,14.93,3.157,0.6824,0.1506,0.03395,0.007809
01/08/1998,9149000000000,25690000000,2514000000,386300000,66510000,12000000,2232000,426100,83380,16710,3427,718.9,154.2,33.81,7.571,1.731,0.404,0.09617,0.02335
01/09/1998,9855000000000,28920000000,3000000000,524000000,105800000,22630000,5008000,1137000,264100,62670,15190,3755,947.4,243.7,63.88,17.06,4.641,1.285,0.3622
01/10/1998,10280000000000,31580000000,3108000000,503500000,93050000,18130000,3650000,753800,159400,34500,7632,1725,398.3,93.89,22.58,5.541,1.386,0.3534,0.09181
01/11/1998,12520000000000,30550000000,2858000000,432800000,74080000,13330000,2475000,471900,92240,18460,3782,792.7,169.9,37.2,8.322,1.901,0.4431,0.1054,0.02556
01/12/1998,12120000000000,29780000000,3094000000,539400000,108500000,23100000,5087000,1149000,265600,62710,15120,3722,934.4,239.2,62.43,16.6,4.495,1.239,0.3477
01/01/1999,12720000000000,27480000000,2901000000,506100000,101200000,21360000,4658000,1042000,238300,55700,13300,3241,805.8,204.3,52.82,13.91,3.733,1.02,0.2836
01/02/1999,13500000000000,26270000000,2476000000,358700000,57560000,9646000,1666000,295500,53770,10030,1917,375.1,75.12,15.39,3.224,0.6902,0.1509,0.03371,0.007683
01/03/1999,13500000000000,26270000000,2476000000,358700000,57560000,9646000,1666000,295500,53770,10030,1917,375.1,75.12,15.39,3.224,0.6902,0.1509,0.03371,0.007683
01/04/1999,11610000000000,29330000000,2725000000,403800000,67250000,11750000,2118000,392100,74420,14470,2882,587.3,122.4,26.09,5.681,1.264,0.287,0.06652,0.01573
01/05/1999,10360000000000,29560000000,2974000000,492200000,92880000,18480000,3795000,799700,172500,38060,8583,1977,465.1,111.7,27.35,6.831,1.739,0.4512,0.1192
01/06/1999,10530000000000,27220000000,2945000000,526500000,107500000,23170000,5149000,1173000,273300,65060,15810,3921,992,255.9,67.26,18.01,4.913,1.364,0.3853
01/07/1999,10010000000000,26190000000,3035000000,584200000,129000000,30080000,7236000,1783000,449000,115400,30230,8077,2198,609.5,172.1,49.43,14.45,4.295,1.298
01/08/1999,9887000000000,26890000000,3089000000,586600000,127500000,29220000,6906000,1672000,413800,104500,26930,7075,1894,516.8,143.6,40.6,11.68,3.42,1.018
01/09/1999,9743000000000,30090000000,3370000000,633000000,136900000,31320000,7398000,1791000,443100,111900,28830,7575,2028,553.3,153.7,43.46,12.51,3.662,1.09
01/10/1999,11100000000000,32160000000,3337000000,558100000,105200000,20790000,4234000,884200,189000,41320,9236,2109,491.8,117.1,28.43,7.041,1.778,0.4576,0.1199
01/11/1999,11800000000000,33070000000,3641000000,670400000,141500000,31550000,7257000,1710000,412100,101400,25460,6522,1703,453.3,122.9,33.93,9.535,2.727,0.7932
01/12/1999,12700000000000,30760000000,3439000000,631100000,131800000,28960000,6558000,1522000,360900,87440,21620,5455,1403,368,98.34,26.77,7.417,2.092,0.6002
01/01/2000,11220000000000,29220000000,3275000000,589500000,119900000,25610000,5636000,1270000,292900,68990,16590,4073,1020,260.4,67.79,17.98,4.857,1.336,0.3739
01/02/2000,12410000000000,28340000000,3100000000,537400000,104400000,21240000,4449000,954800,209700,47070,10800,2530,605,147.7,36.76,9.328,2.413,0.6357,0.1706
01/03/2000,11550000000000,31400000000,3790000000,776500000,184200000,46320000,12030000,3198000,868100,240300,67750,19460,5687,1691,511.7,157.4,49.21,15.63,5.045
01/04/2000,11550000000000,32800000000,3962000000,818600000,196100000,49800000,13060000,3508000,961600,268700,76510,22180,6543,1964,599.6,186.1,58.69,18.81,6.121
01/05/2000,10590000000000,31740000000,3751000000,735800000,164900000,38910000,9464000,2357000,599300,155500,41150,11100,3049,853.3,243.1,70.47,20.78,6.232,1.9
01/06/2000,10220000000000,28590000000,3332000000,625300000,132200000,29310000,6687000,1562000,372800,90870,22610,5737,1485,391.6,105.2,28.8,8.026,2.276,0.6565
01/07/2000,9836000000000,26910000000,3185000000,597700000,125600000,27620000,6246000,1446000,342000,82620,20370,5126,1315,344,91.68,24.89,6.879,1.935,0.5539
01/08/2000,9561000000000,27440000000,3139000000,568500000,115300000,24480000,5347000,1196000,273500,63920,15250,3716,923.5,234.1,60.48,15.93,4.271,1.166,0.3242
01/09/2000,9904000000000,30680000000,3515000000,659400000,140500000,31490000,7272000,1720000,415600,102500,25820,6632,1736,463.3,126,34.86,9.823,2.816,0.8213
01/10/2000,10920000000000,33350000000,3800000000,736300000,165000000,39180000,9611000,2415000,620100,162400,43380,11810,3275,924.6,265.7,77.71,23.12,6.991,2.149
01/11/2000,12110000000000,33410000000,3821000000,741300000,166100000,39390000,9646000,2420000,620200,162200,43240,11750,3253,917.1,263.2,76.84,22.82,6.891,2.115
01/12/2000,12650000000000,30890000000,3537000000,679000000,149900000,34970000,8422000,2078000,523600,134700,35330,9449,2575,714.6,201.9,58.07,16.99,5.055,1.529
01/01/2001,13140000000000,28080000000,3108000000,558600000,113800000,24360000,5375000,1215000,280900,66340,16000,3937,988.6,253.1,66.05,17.56,4.756,1.311,0.3679
01/02/2001,12470000000000,27880000000,3004000000,523900000,103500000,21480000,4596000,1008000,226200,51870,12150,2907,709.6,176.7,44.86,11.61,3.062,0.8223,0.2248
01/03/2001,12570000000000,29170000000,3049000000,507400000,94750000,18530000,3732000,770800,163000,35250,7794,1761,406.4,95.75,23.02,5.646,1.412,0.3598,0.09342
01/04/2001,10570000000000,32970000000,3910000000,809500000,197100000,51250000,13810000,3813000,1075000,309100,90490,26970,8175,2520,790,251.7,81.44,26.77,8.932
01/05/2001,11720000000000,30200000000,3379000000,636900000,138000000,31610000,7472000,1809000,447800,113100,29150,7660,2052,559.7,155.5,43.99,12.66,3.707,1.104
01/06/2001,10180000000000,27550000000,2958000000,509900000,99100000,20200000,4243000,913400,201200,45310,10430,2450,587.7,143.9,35.91,9.14,2.371,0.6264,0.1685
01/07/2001,9850000000000,25450000000,2697000000,453400000,85560000,16920000,3446000,719600,153800,33630,7515,1716,400.1,95.23,23.13,5.728,1.446,0.3721,0.09755
01/08/2001,9704000000000,26570000000,2807000000,455500000,81790000,15320000,2951000,583200,118000,24450,5181,1123,248.6,56.23,12.99,3.061,0.736,0.1805,0.04512
01/09/2001,10830000000000,30210000000,3503000000,667700000,144700000,32950000,7734000,1858000,456200,114300,29240,7623,2026,548.6,151.3,42.48,12.14,3.529,1.043
01/10/2001,9605000000000,36960000000,4872000000,1094000000,284500000,78410000,22300000,6484000,1923000,580700,178400,55770,17720,5723,1878,625.7,211.7,72.69,25.33
01/11/2001,10940000000000,36650000000,4761000000,1046000000,265000000,70960000,19600000,5535000,1594000,467900,139800,42480,13130,4127,1318,427.8,141,47.2,16.04
01/12/2001,12490000000000,33360000000,4316000000,926700000,227300000,58690000,15610000,4244000,1177000,332700,95790,28070,8373,2540,783.6,245.7,78.3,25.35,8.332
01/01/2002,12510000000000,30900000000,4048000000,879100000,218400000,57200000,15420000,4253000,1196000,342800,100000,29710,8979,2760,862.3,273.8,88.35,28.95,9.632
01/02/2002,12040000000000,30760000000,3993000000,863700000,214400000,56150000,15160000,4184000,1178000,338000,98750,29370,8884,2734,855.1,271.8,87.81,28.8,9.594
01/03/2002,12190000000000,31390000000,3833000000,777300000,180100000,43980000,11060000,2847000,748300,200600,54790,15250,4322,1247,366,109.3,33.19,10.25,3.214
01/04/2002,11210000000000,32770000000,3916000000,796300000,187300000,46660000,12000000,3162000,850300,233200,65160,18540,5372,1584,475.1,144.9,44.92,14.15,4.53
01/05/2002,11620000000000,30370000000,3366000000,609800000,125100000,26950000,5980000,1360000,316000,75050,18200,4502,1136,292.4,76.69,20.49,5.577,1.545,0.4356
01/06/2002,10800000000000,27430000000,3050000000,563200000,119000000,26540000,6106000,1439000,346800,85340,21430,5489,1433,381.5,103.4,28.56,8.025,2.295,0.6677
01/07/2002,9419000000000,26340000000,2962000000,532800000,108000000,22960000,5027000,1127000,258600,60600,14500,3542,882.8,224.4,58.13,15.34,4.126,1.13,0.3148
01/08/2002,9030000000000,28120000000,3419000000,692300000,161000000,39570000,10030000,2603000,689600,186400,51320,14400,4113,1196,353.7,106.4,32.56,10.12,3.199
01/09/2002,10190000000000,30620000000,3571000000,686200000,150200000,34580000,8208000,1994000,495100,125400,32420,8544,2295,627.8,174.9,49.61,14.32,4.203,1.255
01/10/2002,9143000000000,34900000000,4053000000,779600000,171400000,39740000,9497000,2324000,581200,148300,38600,10240,2770,763.1,214,61.1,17.75,5.244,1.575
01/11/2002,12130000000000,32710000000,3572000000,656100000,138500000,30920000,7125000,1683000,406300,100200,25200,6467,1692,451.2,122.6,33.9,9.544,2.734,0.7969
01/12/2002,11610000000000,31060000000,3433000000,625600000,130200000,28580000,6470000,1501000,356000,86240,21330,5380,1384,363,97,26.4,7.316,2.063,0.5921
01/01/2003,12530000000000,27430000000,2755000000,433000000,75980000,13950000,2640000,512400,101900,20750,4325,921.6,200.8,44.68,10.16,2.357,0.5581,0.1348,0.03319
01/02/2003,11980000000000,27270000000,2719000000,430700000,76770000,14350000,2768000,547700,111000,23030,4888,1061,235.2,53.29,12.33,2.909,0.7006,0.1721,0.04307
01/03/2003,11880000000000,28230000000,2720000000,424500000,75100000,13980000,2687000,530000,107100,22170,4692,1015,224.6,50.75,11.71,2.757,0.6623,0.1623,0.04052
01/04/2003,11290000000000,29810000000,2952000000,496600000,96810000,20040000,4292000,943800,212400,48880,11490,2758,675.4,168.7,42.98,11.16,2.952,0.7952,0.2181
01/05/2003,9740000000000,29890000000,3058000000,533000000,108000000,23270000,5190000,1188000,278300,66620,16280,4060,1033,267.7,70.75,19.05,5.221,1.457,0.4136
01/06/2003,9534000000000,26810000000,2639000000,417000000,74510000,13990000,2711000,539100,109800,22900,4885,1065,237.4,54.03,12.55,2.977,0.7203,0.1777,0.04467
01/07/2003,9861000000000,24570000000,2410000000,374500000,65380000,11970000,2262000,438500,87100,17720,3687,784.8,170.8,37.97,8.621,1.998,0.4726,0.114,0.02805
01/08/2003,8649000000000,25900000000,2508000000,379000000,64080000,11350000,2073000,388700,74710,14710,2965,611.6,129,27.81,6.128,1.379,0.3166,0.07421,0.01774
01/09/2003,10080000000000,27680000000,2533000000,366600000,59580000,10160000,1787000,323000,59880,11380,2214,441,89.9,18.74,3.994,0.8696,0.1934,0.0439,0.01017
01/10/2003,11090000000000,30730000000,2949000000,467100000,84460000,16110000,3174000,641900,133000,28200,6113,1355,306.8,70.93,16.74,4.031,0.99,0.2479,0.06324
01/11/2003,11070000000000,33250000000,3621000000,694300000,157700000,38390000,9709000,2521000,669200,181300,50040,14070,4031,1175,348.5,105.1,32.24,10.05,3.182
01/12/2003,12230000000000,29610000000,3038000000,518200000,101500000,21010000,4495000,986300,221500,50840,11920,2855,697.5,173.9,44.19,11.45,3.021,0.812,0.2222
01/01/2004,9713000000000,25080000000,2581000000,400300000,68790000,12350000,2283000,433300,84280,16790,3422,713.8,152.2,33.18,7.39,1.68,0.39,0.09234,0.0223
01/02/2004,12330000000000,25960000000,2267000000,303400000,45050000,6996000,1121000,184700,31260,5428,966.7,176.5,33,6.319,1.238,0.2483,0.05089,0.01066,0.002281
01/03/2004,11540000000000,27690000000,2487000000,358500000,58430000,10020000,1775000,323200,60350,11550,2263,454.1,93.2,19.56,4.197,0.9198,0.2059,0.04704,0.01097
01/04/2004,12490000000000,27670000000,2360000000,326200000,51090000,8424000,1436000,251600,45240,8341,1576,305,60.41,12.24,2.538,0.5375,0.1163,0.02571,0.005802
01/05/2004,11040000000000,27240000000,2275000000,298400000,43780000,6736000,1070000,175000,29380,5062,894.7,162.1,30.09,5.721,1.113,0.2216,0.04511,0.009385,0.001995
01/06/2004,9800000000000,25420000000,2212000000,301200000,45920000,7343000,1213000,205900,35880,6415,1176,220.8,42.46,8.358,1.683,0.3466,0.07294,0.01568,0.003444
01/07/2004,9757000000000,23750000000,2023000000,255600000,35430000,5119000,763100,117100,18460,2989,497.1,84.81,14.84,2.66,0.4886,0.09189,0.01769,0.003482,0.0007007
01/08/2004,9881000000000,24490000000,2101000000,268200000,37580000,5489000,826900,128200,20420,3341,561.2,96.69,17.08,3.092,0.5733,0.1088,0.02114,0.004199,0.0008528
01/09/2004,10580000000000,26870000000,2237000000,283000000,39550000,5773000,870000,134900,21500,3519,591.2,101.9,18.01,3.261,0.6048,0.1148,0.02231,0.004434,0.0009008
01/10/2004,11840000000000,28900000000,2339000000,292500000,40600000,5897000,884300,136500,21660,3529,590.4,101.3,17.83,3.216,0.5941,0.1124,0.02174,0.004304,0.000871
01/11/2004,12390000000000,29680000000,2636000000,388900000,65830000,11790000,2184000,415800,81170,16230,3322,695.6,148.9,32.58,7.282,1.662,0.3871,0.09199,0.02229
01/12/2004,12110000000000,28140000000,2517000000,361400000,58730000,10040000,1775000,322300,60040,11460,2241,448.6,91.87,19.24,4.119,0.9007,0.2012,0.04587,0.01067
01/01/2005,9988000000000,24260000000,2290000000,319700000,49160000,7890000,1305000,221900,38740,6934,1273,239.3,46.07,9.079,1.83,0.3774,0.07951,0.01712,0.003762
01/02/2005,12800000000000,25090000000,2008000000,240000000,31570000,4335000,614700,89760,13480,2082,330.3,53.79,8.989,1.541,0.2707,0.04872,0.008979,0.001694,0.0003269
01/03/2005,12120000000000,26470000000,2067000000,242400000,31330000,4230000,590100,84790,12540,1906,297.6,47.74,7.86,1.327,0.2298,0.04077,0.007409,0.001378,0.0002623
01/04/2005,12300000000000,27020000000,2036000000,232700000,29380000,3878000,529100,74390,10760,1602,245.1,38.51,6.212,1.028,0.1746,0.03038,0.005415,0.0009884,0.0001846
01/05/2005,10340000000000,27740000000,2388000000,334100000,53180000,8928000,1550000,276700,50690,9519,1831,360.7,72.71,14.99,3.16,0.6808,0.1498,0.03365,0.007716
01/06/2005,10510000000000,24820000000,2077000000,269100000,38850000,5874000,917300,147400,24320,4121,716.3,127.7,23.32,4.363,0.8357,0.1638,0.03284,0.00673,0.001409
01/07/2005,9429000000000,23690000000,2042000000,271500000,40270000,6257000,1004000,165600,28070,4881,870.5,159.1,29.8,5.714,1.121,0.2251,0.04619,0.009689,0.002076
01/08/2005,9488000000000,24210000000,2073000000,275300000,40860000,6357000,1021000,168800,28650,4990,891.2,163.1,30.6,5.875,1.155,0.2321,0.0477,0.01002,0.00215
01/09/2005,10050000000000,26410000000,2073000000,247200000,32620000,4502000,642000,94280,14240,2212,352.8,57.77,9.707,1.673,0.2954,0.05344,0.0099,0.001877,0.000364
01/10/2005,10860000000000,28650000000,2151000000,246000000,31170000,4132000,566300,79980,11630,1738,267.1,42.15,6.829,1.135,0.1935,0.03381,0.006052,0.001109,0.000208
01/11/2005,11880000000000,28780000000,2180000000,254900000,33190000,4528000,638800,92830,13880,2134,336.9,54.63,9.091,1.551,0.2714,0.04865,0.00893,0.001678,0.0003225
01/12/2005,11740000000000,27610000000,2270000000,294500000,43030000,6611000,1050000,171600,28810,4965,877.5,159,29.52,5.612,1.092,0.2174,0.04425,0.009206,0.001957
01/01/2006,10670000000000,23320000000,1959000000,232500000,29950000,4014000,555200,79080,11590,1747,270.6,43.05,7.03,1.178,0.2023,0.03562,0.006422,0.001186,0.000224
01/02/2006,13070000000000,24230000000,1736000000,180000000,20360000,2401000,292800,36840,4779,638.6,87.85,12.43,1.809,0.2705,0.04154,0.006548,0.001059,0.0001755,0.00002982
01/03/2006,12450000000000,25680000000,1867000000,202100000,24050000,2991000,384600,51000,6966,979.5,141.7,21.07,3.219,0.505,0.08131,0.01343,0.002274,0.0003945,0.00007011
01/04/2006,12950000000000,26110000000,1859000000,201000000,24010000,3002000,388100,51760,7109,1005,146.1,21.84,3.355,0.5291,0.08562,0.01421,0.002418,0.0004216,0.00007528
01/05/2006,12050000000000,25750000000,1943000000,228900000,30140000,4164000,594800,87530,13250,2062,329.5,54.07,9.103,1.571,0.2781,0.0504,0.009354,0.001777,0.0003452
01/06/2006,10240000000000,24340000000,1856000000,212400000,26830000,3543000,483600,68010,9844,1466,224.3,35.25,5.689,0.9421,0.16,0.02784,0.004965,0.0009066,0.0001694
01/07/2006,10260000000000,22360000000,1653000000,178600000,21120000,2606000,332500,43730,5927,826.8,118.7,17.51,2.656,0.4136,0.06611,0.01084,0.001823,0.000314,0.00005542
01/08/2006,9615000000000,23420000000,1724000000,182900000,21140000,2546000,317000,40720,5389,734.6,103.1,14.87,2.205,0.336,0.05257,0.008438,0.001389,0.0002345,0.00004054
01/09/2006,10050000000000,25990000000,1948000000,220100000,27490000,3592000,485200,67550,9681,1427,216.3,33.68,5.384,0.8833,0.1486,0.02564,0.004532,0.0008202,0.000152
01/10/2006,10360000000000,28910000000,2206000000,261300000,34550000,4794000,687800,101600,15450,2414,387.4,63.83,10.79,1.87,0.3321,0.06042,0.01126,0.002146,0.0004184
01/11/2006,12260000000000,28350000000,2096000000,237800000,29980000,3959000,540700,76100,11030,1643,251.6,39.58,6.393,1.059,0.1801,0.03137,0.005597,0.001023,0.0001913
01/12/2006,12770000000000,26660000000,2029000000,234500000,30040000,4026000,557800,79640,11700,1767,274.4,43.74,7.159,1.202,0.2069,0.0365,0.006594,0.00122,0.0002309
01/01/2007,12410000000000,25090000000,1949000000,226900000,29160000,3918000,543900,77790,11450,1733,269.4,43.03,7.054,1.186,0.2045,0.03614,0.00654,0.001212,0.0002297
01/02/2007,12510000000000,24630000000,1861000000,210700000,26330000,3441000,464800,64700,9272,1367,207.1,32.25,5.156,0.8458,0.1423,0.02455,0.004338,0.0007852,0.0001455
01/03/2007,12160000000000,25710000000,1853000000,198900000,23520000,2906000,371300,48940,6645,928.7,133.6,19.75,3,0.468,0.07495,0.01231,0.002073,0.0003579,0.00006326
01/04/2007,10780000000000,27540000000,2056000000,237000000,30460000,4107000,572800,82320,12170,1851,289.2,46.4,7.641,1.291,0.2235,0.03967,0.00721,0.001342,0.0002554
01/05/2007,11370000000000,25920000000,1899000000,214600000,27020000,3565000,486800,68490,9920,1478,226.3,35.59,5.747,0.9521,0.1618,0.02817,0.005027,0.0009183,0.0001717
01/06/2007,10540000000000,23850000000,1721000000,183100000,21370000,2605000,328300,42680,5717,788.6,111.9,16.34,2.45,0.3775,0.05971,0.00969,0.001612,0.000275,0.00004805
01/07/2007,10210000000000,22170000000,1549000000,153900000,16600000,1865000,216800,26020,3222,411.2,54.06,7.316,1.019,0.1459,0.02146,0.003243,0.000503,0.00008004,0.00001306
01/08/2007,9434000000000,23270000000,1646000000,165900000,18170000,2074000,244800,29840,3751,486,64.84,8.905,1.258,0.1827,0.02725,0.004175,0.0006564,0.0001059,0.0000175
01/09/2007,10310000000000,25320000000,1727000000,171000000,18480000,2086000,243600,29370,3652,468.2,61.83,8.405,1.175,0.169,0.02497,0.003788,0.00059,0.00009426,0.00001544
01/10/2007,11370000000000,27400000000,1808000000,175100000,18560000,2056000,235700,27910,3409,429.4,55.73,7.448,1.024,0.1448,0.02105,0.003143,0.0004817,0.00007576,0.00001222
01/11/2007,12420000000000,27680000000,1867000000,186600000,20490000,2351000,279200,34230,4327,563.8,75.65,10.45,1.484,0.2166,0.03249,0.005003,0.0007907,0.0001282,0.0000213
01/12/2007,12980000000000,26020000000,1809000000,184400000,20570000,2396000,288800,35930,4609,609,82.86,11.6,1.67,0.2471,0.03756,0.00586,0.0009381,0.000154,0.00002591
01/01/2008,12990000000000,24340000000,1735000000,179400000,20260000,2386000,290800,36560,4739,632.8,86.98,12.3,1.789,0.2672,0.04101,0.006459,0.001044,0.0001729,0.00002936
01/02/2008,11820000000000,24850000000,1826000000,197400000,23440000,2906000,372600,49270,6711,941,135.7,20.13,3.067,0.48,0.07708,0.0127,0.002145,0.0003712,0.0000658
01/03/2008,11530000000000,26100000000,1890000000,204200000,24340000,3033000,390800,51940,7111,1002,145.3,21.65,3.315,0.5212,0.08409,0.01392,0.002361,0.0004105,0.00007309
01/04/2008,12400000000000,26080000000,1787000000,184300000,20980000,2499000,308000,39180,5137,693.6,96.42,13.79,2.026,0.306,0.04746,0.007553,0.001233,0.0002063,0.00003539
01/05/2008,10410000000000,23580000000,1617000000,160300000,17320000,1954000,228000,27470,3415,437.5,57.73,7.842,1.096,0.1575,0.02325,0.003526,0.0005488,0.00008763,0.00001435
01/06/2008,11200000000000,25690000000,1766000000,180300000,20230000,2373000,287900,36070,4657,619.6,84.86,11.96,1.733,0.258,0.03945,0.006193,0.0009973,0.0001647,0.00002787
01/07/2008,10190000000000,21950000000,1453000000,133700000,13280000,1374000,147100,16280,1861,219.6,26.71,3.349,0.4326,0.0575,0.007863,0.001105,0.0001597,0.00002368,0.000003606
01/08/2008,10310000000000,22430000000,1436000000,126300000,11940000,1176000,120000,12660,1380,155.4,18.07,2.165,0.2675,0.03403,0.004456,0.0006003,0.00008314,0.00001183,0.000001729
01/09/2008,11060000000000,24690000000,1562000000,139100000,13400000,1346000,140000,15060,1674,192.1,22.74,2.776,0.3492,0.04522,0.006026,0.0008259,0.0001164,0.00001684,0.000002502
01/10/2008,11330000000000,27520000000,1832000000,179900000,19370000,2181000,254100,30570,3794,485.3,63.96,8.677,1.211,0.1738,0.02563,0.003881,0.0006033,0.0000962,0.00001573
01/11/2008,12700000000000,27340000000,1801000000,174700000,18570000,2062000,237100,28150,3449,435.7,56.7,7.598,1.048,0.1485,0.02164,0.00324,0.0004979,0.0000785,0.00001269
01/12/2008,13520000000000,25350000000,1651000000,153600000,15520000,1637000,178700,20160,2348,282.2,34.97,4.465,0.587,0.07941,0.01105,0.00158,0.0002321,0.000035,0.000005417
01/01/2009,12610000000000,24400000000,1701000000,170500000,18630000,2123000,250300,30460,3824,494.7,65.91,9.039,1.275,0.1849,0.02755,0.004216,0.000662,0.0001066,0.00001761
01/02/2009,13100000000000,23800000000,1576000000,147000000,14850000,1562000,170300,19170,2229,267.4,33.07,4.214,0.553,0.07468,0.01037,0.001481,0.0002171,0.00003269,0.000005051
01/03/2009,13130000000000,24730000000,1610000000,150100000,15210000,1607000,175900,19890,2322,279.7,34.74,4.445,0.5856,0.07939,0.01107,0.001586,0.0002335,0.00003528,0.000005471
01/04/2009,12540000000000,25860000000,1709000000,166600000,17800000,1987000,229600,27390,3373,428.1,55.97,7.535,1.044,0.1487,0.02176,0.003271,0.0005049,0.00007995,0.00001298
01/05/2009,11780000000000,25280000000,1692000000,166900000,18040000,2038000,238200,28750,3580,459.4,60.73,8.265,1.157,0.1665,0.02463,0.003741,0.0005831,0.00009326,0.00001529
01/06/2009,11000000000000,23240000000,1556000000,149200000,15550000,1691000,190200,22100,2651,327.9,41.8,5.489,0.7417,0.1031,0.01473,0.002163,0.0003262,0.00005047,0.000008012
01/07/2009,10330000000000,21930000000,1463000000,136000000,13640000,1426000,154200,17240,1990,237.1,29.12,3.686,0.4805,0.06447,0.008896,0.001262,0.0001839,0.00002751,0.000004225
01/08/2009,10360000000000,22410000000,1462000000,132000000,12850000,1302000,136700,14830,1662,192.3,22.96,2.825,0.3582,0.04675,0.006278,0.0008671,0.0001231,0.00001794,0.000002686
01/09/2009,11010000000000,24710000000,1593000000,145400000,14370000,1481000,158100,17440,1988,233.8,28.36,3.545,0.4565,0.0605,0.00825,0.001157,0.0001666,0.00002464,0.000003742
01/10/2009,11990000000000,27010000000,1776000000,171500000,18130000,2002000,228900,27030,3293,413.6,53.54,7.136,0.9786,0.138,0.02001,0.00298,0.0004557,0.0000715,0.0000115
01/11/2009,12700000000000,27590000000,1892000000,194500000,22020000,2609000,319700,40440,5272,708,97.88,13.92,2.035,0.3058,0.04718,0.00747,0.001213,0.0002021,0.00003449
01/12/2009,13500000000000,25720000000,1758000000,174500000,18900000,2136000,249700,30140,3753,481.7,63.69,8.667,1.213,0.1747,0.02583,0.003924,0.0006118,0.00009784,0.00001604
01/01/2010,11300000000000,22600000000,1720000000,176400000,19400000,2216000,261700,31890,4007,519,69.24,9.506,1.342,0.1949,0.02907,0.004453,0.0007,0.0001129,0.00001865
01/02/2010,8635000000000,23190000000,1696000000,162800000,16690000,1776000,195600,22250,2613,316.4,39.5,5.08,0.6725,0.09159,0.01283,0.001846,0.0002728,0.0000414,0.000006444
01/03/2010,8635000000000,23190000000,1696000000,162800000,16690000,1776000,195600,22250,2613,316.4,39.5,5.08,0.6725,0.09159,0.01283,0.001846,0.0002728,0.0000414,0.000006444
01/04/2010,10200000000000,31190000000,2647000000,347000000,51660000,8127000,1324000,222200,38280,6768,1227,227.9,43.34,8.439,1.681,0.3424,0.0713,0.01517,0.003295
01/05/2010,9532000000000,31130000000,2457000000,297600000,40840000,5921000,889900,137800,21940,3589,602.4,103.7,18.31,3.313,0.6137,0.1164,0.02258,0.004481,0.000909
01/06/2010,7276000000000,32260000000,2791000000,371000000,56330000,9069000,1515000,260500,46020,8337,1548,294.5,57.36,11.43,2.33,0.4855,0.1034,0.02248,0.004991
01/07/2010,6325000000000,30480000000,2674000000,353400000,52860000,8351000,1367000,230200,39840,7072,1287,240,45.84,8.96,1.792,0.3664,0.07658,0.01635,0.003565
01/08/2010,6927000000000,28720000000,2360000000,286500000,38850000,5538000,816900,124100,19390,3112,512.7,86.68,15.03,2.67,0.4861,0.0906,0.01728,0.003372,0.0006727
01/09/2010,8442000000000,29480000000,2331000000,270200000,34750000,4686000,653600,93930,13890,2112,329.8,52.9,8.707,1.47,0.2544,0.04511,0.008193,0.001523,0.0002896
01/10/2010,10110000000000,28430000000,2120000000,232400000,28170000,3577000,469800,63620,8873,1273,187.9,28.49,4.437,0.7093,0.1163,0.01956,0.003372,0.0005953,0.0001076
01/11/2010,10040000000000,26540000000,1902000000,189700000,20520000,2312000,269400,32410,4022,514.4,67.75,9.187,1.281,0.1837,0.02707,0.004096,0.000636,0.0001013,0.00001655
01/12/2010,9042000000000,23250000000,1572000000,139000000,13090000,1282000,129900,13630,1476,165.2,19.08,2.272,0.2788,0.03524,0.004584,0.0006135,0.00008441,0.00001193,0.000001732
01/01/2011,8330000000000,21620000000,1476000000,128800000,11920000,1145000,114000,11740,1249,137.3,15.58,1.824,0.2201,0.02735,0.0035,0.0004609,0.0000624,0.000008683,0.000001241
01/02/2011,12300000000000,25290000000,2024000000,242200000,31940000,4399000,625700,91650,13810,2139,340.2,55.58,9.315,1.601,0.2821,0.05091,0.009408,0.001779,0.0003443
01/03/2011,10950000000000,23080000000,1902000000,220300000,27640000,3609000,486300,67510,9648,1418,214.4,33.29,5.307,0.8684,0.1457,0.02508,0.004421,0.0007981,0.0001475
01/04/2011,9957000000000,26630000000,2537000000,371200000,60520000,10330000,1818000,328700,60950,11580,2254,449.2,91.58,19.1,4.07,0.8863,0.1971,0.04476,0.01037
01/05/2011,9051000000000,26020000000,2483000000,364500000,59770000,10270000,1819000,331100,61800,11820,2316,464.3,95.26,19.98,4.285,0.9388,0.21,0.04797,0.01118
01/06/2011,8673000000000,23410000000,2194000000,309000000,48170000,7849000,1319000,227700,40350,7331,1365,260.5,50.87,10.17,2.079,0.4345,0.09279,0.02024,0.004508
01/07/2011,8014000000000,21940000000,1988000000,257200000,36210000,5302000,800400,124300,19840,3251,547,94.4,16.71,3.029,0.5626,0.107,0.02081,0.00414,0.000842
01/08/2011,8518000000000,22330000000,2081000000,284500000,42680000,6673000,1075000,178200,30310,5290,946.8,173.7,32.64,6.281,1.237,0.2491,0.0513,0.0108,0.002321
01/09/2011,9355000000000,25000000000,2331000000,318500000,47620000,7411000,1189000,196000,33170,5763,1027,187.5,35.07,6.719,1.317,0.2641,0.05416,0.01135,0.00243
01/10/2011,9145000000000,29190000000,3122000000,527900000,100600000,20120000,4148000,877000,189800,42000,9498,2194,517.6,124.6,30.61,7.666,1.957,0.5091,0.1349
01/11/2011,9553000000000,30050000000,3342000000,591200000,118200000,24810000,5370000,1191000,270200,62660,14840,3587,884.8,222.6,57.1,14.93,3.975,1.078,0.2976
01/12/2011,10580000000000,27310000000,2989000000,510300000,97670000,19580000,4044000,856100,185500,41100,9305,2152,508.3,122.5,30.12,7.552,1.93,0.5026,0.1333
01/01/2012,12890000000000,26730000000,2611000000,407200000,71570000,13210000,2516000,491800,98480,20190,4236,908.7,199.2,44.63,10.21,2.384,0.568,0.138,0.03419
01/02/2012,10770000000000,24240000000,2394000000,350200000,56310000,9436000,1629000,288700,52500,9785,1869,365.4,73.14,14.97,3.135,0.6706,0.1466,0.03271,0.00745
01/03/2012,9964000000000,25730000000,2474000000,356600000,56810000,9449000,1620000,285200,51520,9543,1811,351.9,70.01,14.25,2.965,0.6306,0.137,0.03041,0.006887
01/04/2012,10370000000000,26400000000,2481000000,353300000,55710000,9177000,1558000,271900,48680,8935,1681,323.8,63.87,12.89,2.66,0.5611,0.121,0.02663,0.005983
01/05/2012,9957000000000,25660000000,2460000000,357700000,57610000,9692000,1680000,299200,54660,10240,1964,385.7,77.53,15.94,3.352,0.7201,0.158,0.03541,0.008098
01/06/2012,8940000000000,24030000000,2457000000,377600000,64070000,11340000,2067000,386600,74130,14560,2927,602.3,126.7,27.26,5.991,1.345,0.3081,0.07205,0.01718
01/07/2012,7825000000000,23070000000,2470000000,400000000,71830000,13470000,2599000,514600,104300,21660,4598,998,221.4,50.17,11.61,2.741,0.6602,0.1622,0.04061
01/08/2012,8597000000000,23020000000,2361000000,365200000,62510000,11170000,2056000,388400,75200,14910,3026,628.5,133.5,28.97,6.423,1.454,0.3362,0.07928,0.01907
01/09/2012,9136000000000,25450000000,2501000000,373400000,61840000,10700000,1908000,349400,65610,12620,2487,501.5,103.5,21.82,4.705,1.036,0.2331,0.0535,0.01253
01/10/2012,8664000000000,29150000000,3044000000,507800000,96070000,19140000,3935000,830000,179200,39570,8931,2059,484.8,116.5,28.56,7.138,1.819,0.4722,0.1249
01/11/2012,9477000000000,28990000000,2909000000,451200000,78210000,14200000,2658000,510600,100500,20270,4181,882.3,190.4,41.97,9.451,2.173,0.5098,0.122,0.02978
01/12/2012,10790000000000,26220000000,2570000000,377800000,61290000,10380000,1810000,324200,59560,11220,2164,427.3,86.36,17.85,3.773,0.8148,0.1797,0.04048,0.009303
01/01/2013,11230000000000,23880000000,2263000000,313500000,47530000,7504000,1221000,204100,35020,6167,1113,206,39.05,7.576,1.504,0.3054,0.0634,0.01345,0.002913
01/02/2013,10880000000000,23870000000,2231000000,301600000,44480000,6826000,1079000,175500,29290,5020,882.4,159,39.05,7.576,1.504,0.3054,0.0634,0.01345,0.002913
01/03/2013,9436000000000,26090000000,2587000000,391200000,65890000,11610000,2109000,393400,75230,14740,2955,606.4,127.3,27.31,5.987,1.341,0.3065,0.07149,0.01701
01/04/2013,10470000000000,26520000000,2536000000,368100000,59200000,9945000,1722000,306300,55870,10450,2002,392.7,78.85,16.19,3.4,0.7297,0.16,0.0358,0.008178
01/05/2013,8678000000000,27210000000,2927000000,509300000,101200000,21230000,4597000,1021000,232100,53900,12790,3096,765.1,192.8,49.55,12.97,3.461,0.94,0.2599
01/06/2013,7436000000000,25160000000,2669000000,433100000,78340000,14820000,2890000,577900,118300,24800,5317,1165,260.9,59.67,13.93,3.319,0.8067,0.1999,0.05048
01/07/2013,8401000000000,22160000000,2132000000,297100000,45170000,7143000,1164000,194800,33480,5904,1067,197.8,37.53,7.291,1.449,0.2946,0.06124,0.013,0.002821
01/08/2013,8636000000000,22530000000,2130000000,291100000,43380000,6722000,1073000,176100,29680,5134,910.6,165.6,30.85,5.884,1.149,0.2295,0.04686,0.009781,0.002086
01/09/2013,8796000000000,25290000000,2389000000,335100000,51730000,8325000,1381000,235400,41180,7390,1359,256.2,49.44,9.765,1.973,0.4076,0.08608,0.01857,0.00409
01/10/2013,9923000000000,27860000000,2649000000,377100000,59100000,9659000,1627000,281500,49980,9099,1698,324.5,63.51,12.72,2.604,0.5453,0.1167,0.0255,0.005689
01/11/2013,10510000000000,28930000000,3047000000,505000000,94040000,18370000,3697000,763300,161300,34880,7710,1742,401.8,94.63,22.75,5.576,1.394,0.3552,0.09219
01/12/2013,10330000000000,27740000000,3087000000,529900000,101400000,20300000,4181000,882800,190700,42140,9514,2195,516.9,124.3,30.47,7.62,1.942,0.5045,0.1335
01/01/2014,12200000000000,28080000000,3013000000,523700000,103300000,21410000,4578000,1004000,225000,51580,12080,2887,704.5,175.3,44.5,11.51,3.034,0.8144,0.2226
01/02/2014,13050000000000,27440000000,2922000000,506100000,99440000,20550000,4378000,956400,213700,48820,11390,2715,660.2,163.8,41.44,10.69,2.808,0.7514,0.2047
01/03/2014,12660000000000,28880000000,3049000000,534000000,107000000,22620000,4937000,1105000,252800,59130,14120,3444,856.7,217.3,56.21,14.81,3.976,1.087,0.3024
01/04/2014,12660000000000,28880000000,3049000000,534000000,107000000,22620000,4937000,1105000,252800,59130,14120,3444,856.7,217.3,56.21,14.81,3.976,1.087,0.3024
01/05/2014,11550000000000,28610000000,2785000000,439600000,78450000,14710000,2846000,565100,114900,23930,5095,1109,246.8,56.09,13.02,3.082,0.7445,0.1834,0.04604
01/06/2014,10860000000000,25940000000,2446000000,357400000,58010000,9841000,1721000,309000,56900,10740,2077,411.2,83.29,17.26,3.655,0.7912,0.1749,0.03948,0.009092
01/07/2014,10340000000000,24240000000,2370000000,369300000,64800000,11940000,2268000,442200,88350,18070,3783,809.7,177.1,39.6,9.039,2.106,0.5008,0.1214,0.03002
01/08/2014,9868000000000,25460000000,2585000000,425700000,79610000,15670000,3183000,663500,141600,30900,6894,1572,365.9,86.94,21.08,5.214,1.315,0.3378,0.08841
01/09/2014,10290000000000,28120000000,2719000000,421100000,73520000,13480000,2549000,494700,98410,20040,4177,890.2,193.9,43.17,9.814,2.278,0.5394,0.1303,0.03208
01/10/2014,11060000000000,31740000000,3295000000,575800000,115900000,24680000,5431000,1226000,283000,66750,16080,3954,991.7,253.7,66.13,17.57,4.752,1.309,0.367
01/11/2014,12090000000000,31860000000,3212000000,523900000,96540000,18680000,3726000,762600,159800,34260,7509,1682,385,89.95,21.45,5.218,1.294,0.3273,0.08433
01/12/2014,12300000000000,30580000000,3380000000,626800000,133800000,30240000,7056000,1687000,412500,103000,26220,6810,1803,486.3,133.6,37.38,10.64,3.083,0.9082
01/01/2015,10690000000000,25340000000,2784000000,462900000,85170000,16350000,3229000,653900,135600,28760,6239,1384,313.4,72.5,17.12,4.125,1.013,0.2539,0.0648
01/02/2015,11700000000000,27670000000,2890000000,496800000,97740000,20310000,4357000,958700,215900,49690,11680,2804,687,171.7,43.74,11.36,3.005,0.8096,0.2221
01/03/2015,11320000000000,28700000000,2817000000,450600000,81950000,15700000,3107000,630900,131200,27920,6077,1352,307.2,71.29,16.88,4.08,1.006,0.2526,0.06467
01/04/2015,12110000000000,28990000000,2732000000,421500000,73920000,13650000,2604000,509900,102300,21020,4419,949.8,208.7,46.83,10.73,2.511,0.5994,0.1459,0.03621
01/05/2015,11510000000000,27930000000,2528000000,362500000,58230000,9806000,1704000,304100,55690,10450,2010,395.8,79.75,16.44,3.464,0.7458,0.164,0.03684,0.008443
01/06/2015,10440000000000,25830000000,2359000000,332400000,52040000,8517000,1437000,249200,44350,8093,1513,289.9,56.85,11.41,2.341,0.4912,0.1053,0.02306,0.005155
01/07/2015,10160000000000,23700000000,2097000000,282300000,42050000,6541000,1050000,173100,29330,5100,909.2,166.2,31.11,5.963,1.17,0.2348,0.04817,0.0101,0.002164
01/08/2015,9818000000000,24370000000,2128000000,283400000,41820000,6450000,1026000,168000,28230,4870,861.7,156.3,29.04,5.526,1.076,0.2145,0.04369,0.009099,0.001936
01/09/2015,10820000000000,26250000000,2111000000,257500000,34690000,4882000,709500,106200,16330,2582,419.3,69.88,11.95,2.094,0.376,0.06917,0.01302,0.002509,0.0004944
01/10/2015,11100000000000,29750000000,2650000000,390000000,65660000,11680000,2148000,406200,78740,15640,3178,660.9,140.5,30.55,6.784,1.538,0.356,0.08407,0.02025
01/11/2015,11910000000000,30080000000,2675000000,389800000,64720000,11340000,2053000,382000,72910,14260,2854,584.7,122.5,26.24,5.744,1.284,0.2931,0.06826,0.01622
01/12/2015,11940000000000,28430000000,2535000000,357200000,56540000,9394000,1612000,284200,51410,9536,1812,352.7,70.27,14.32,2.984,0.6356,0.1383,0.03073,0.00697
01/01/2016,9610000000000,24770000000,2441000000,358900000,58300000,9891000,1729000,310400,57160,10790,2086,412.8,83.62,17.32,3.669,0.7939,0.1755,0.0396,0.00912
01/02/2016,12640000000000,25490000000,2167000000,283200000,41160000,6261000,983300,158800,26360,4489,784.4,140.5,25.8,4.852,0.9339,0.1839,0.03705,0.00763,0.001605
01/03/2016,12440000000000,26490000000,2141000000,265800000,36660000,5292000,789200,121100,19110,3098,515.4,88,15.4,2.764,0.508,0.0956,0.01841,0.003627,0.0007304
01/04/2016,12710000000000,26710000000,1994000000,226300000,28360000,3718000,503600,70310,10110,1494,227,35.44,5.68,0.9343,0.1576,0.02726,0.004829,0.0008762,0.0001627
01/05/2016,10710000000000,27130000000,2230000000,290900000,42720000,6594000,1052000,172700,29110,5038,894,162.6,30.31,5.786,1.13,0.2258,0.04614,0.009636,0.002056
01/06/2016,10630000000000,24210000000,1893000000,224000000,29310000,4009000,566700,82510,12360,1903,301,48.88,8.147,1.393,0.244,0.0438,0.008052,0.001515,0.0002916
01/07/2016,9947000000000,22830000000,1728000000,188600000,22420000,2776000,355300,46880,6372,891.6,128.3,19,2.889,0.4511,0.07231,0.01189,0.002004,0.0003463,0.00006127
01/08/2016,10420000000000,23030000000,1649000000,166900000,18280000,2083000,245500,29870,3748,484.6,64.54,8.848,1.248,0.1809,0.02694,0.00412,0.0006467,0.0001041,0.00001719
01/09/2016,9496000000000,27120000000,2253000000,294200000,43120000,6638000,1056000,172900,29060,5015,887.6,161,29.94,5.698,1.11,0.2213,0.0451,0.009395,0.001999
01/10/2016,10640000000000,29010000000,2254000000,272500000,36810000,5215000,763700,115200,17860,2846,465.7,78.2,13.47,2.378,0.4302,0.0797,0.01511,0.002932,0.0005817
01/11/2016,11810000000000,28740000000,2167000000,251900000,32590000,4420000,619700,89530,13310,2034,319.4,51.51,8.524,1.447,0.2518,0.04489,0.008198,0.001532,0.000293
01/12/2016,13170000000000,26000000000,1875000000,202400000,24070000,2995000,385300,51120,6987,983.1,142.3,21.17,3.236,0.508,0.08184,0.01352,0.002291,0.0003977,0.00007071
01/01/2017,12160000000000,24990000000,1872000000,206900000,25130000,3187000,417900,56500,7865,1127,166,25.14,3.91,0.6244,0.1023,0.01719,0.00296,0.0005223,0.00009435
01/02/2017,11400000000000,25310000000,1954000000,226500000,29030000,3894000,539800,77100,11330,1713,266,42.43,6.946,1.167,0.2009,0.03546,0.006409,0.001186,0.0002246
01/03/2017,11050000000000,26740000000,2097000000,254100000,34390000,4884000,716900,108400,16850,2691,441.3,74.27,12.82,2.269,0.4113,0.07637,0.01451,0.002822,0.0005609
01/04/2017,11440000000000,27230000000,2074000000,248100000,33320000,4700000,685900,103100,15940,2532,413,69.15,11.87,2.09,0.3771,0.06966,0.01317,0.002549,0.0005042
01/05/2017,11620000000000,25750000000,1840000000,198800000,23720000,2960000,382200,50890,6980,985.3,143.1,21.36,3.276,0.5159,0.08339,0.01382,0.002349,0.000409,0.00007294
01/06/2017,10540000000000,23920000000,1741000000,186900000,22000000,2705000,343900,45090,6091,847.1,121.2,17.83,2.696,0.4186,0.06671,0.01091,0.001829,0.0003142,0.00005529
01/07/2017,9575000000000,22820000000,1686000000,180000000,20950000,2543000,319000,41280,5505,755.8,106.8,15.52,2.318,0.3556,0.056,0.00905,0.0015,0.0002548,0.00004433
01/08/2017,10200000000000,23030000000,1651000000,168100000,18540000,2130000,253000,31030,3923,511.2,68.6,9.473,1.346,0.1965,0.02947,0.004539,0.0007174,0.0001163,0.00001932
01/09/2017,9951000000000,26320000000,2063000000,248800000,33400000,4697000,682800,102200,15740,2489,404.4,67.44,11.53,2.023,0.3635,0.0669,0.0126,0.002429,0.0004789
01/10/2017,9951000000000,26320000000,2063000000,248800000,33400000,4697000,682800,102200,15740,2489,404.4,67.44,11.53,2.023,0.3635,0.0669,0.0126,0.002429,0.0004789
01/11/2017,12740000000000,27640000000,1911000000,198200000,22650000,2707000,334700,42700,5616,760.6,106,15.2,2.241,0.3394,0.05278,0.008424,0.001379,0.0002314,0.00003978
01/12/2017,12540000000000,26340000000,1874000000,197900000,22980000,2790000,350200,45360,6054,831.9,117.6,17.11,2.557,0.3927,0.06189,0.01001,0.00166,0.0002822,0.00004915
01/01/2018,10390000000000,23080000000,1793000000,190700000,21820000,2596000,319200,40480,5291,712.3,98.72,14.07,2.063,0.3106,0.04803,0.007623,0.001241,0.0002071,0.00003543
01/02/2018,13050000000000,23870000000,1594000000,150300000,15350000,1633000,179900,20480,2407,291.8,36.47,4.695,0.6224,0.08489,0.01191,0.001716,0.0002541,0.00003862,0.000006022
01/03/2018,12720000000000,25030000000,1664000000,159500000,16650000,1813000,204500,23820,2864,355,45.36,5.968,0.8082,0.1126,0.01612,0.002372,0.0003584,0.00005558,0.000008839
01/04/2018,12420000000000,25920000000,1707000000,165500000,17560000,1948000,223600,26520,3245,409.3,53.19,7.118,0.9802,0.1388,0.0202,0.00302,0.0004635,0.00007299,0.00001179
01/05/2018,11920000000000,25170000000,1676000000,164200000,17620000,1975000,229200,27460,3394,432.5,56.77,7.671,1.067,0.1525,0.0224,0.00338,0.0005235,0.00008319,0.00001355
01/06/2018,9532000000000,24640000000,1877000000,216500000,27660000,3702000,512100,72990,10710,1615,250.3,39.86,6.513,1.092,0.1877,0.03307,0.005967,0.001102,0.0002084
01/07/2018,10450000000000,21920000000,1472000000,137700000,13910000,1464000,159400,17940,2084,249.8,30.88,3.933,0.5158,0.06961,0.009661,0.001378,0.000202,0.0000304,0.000004694
01/08/2018,10130000000000,22670000000,1525000000,143400000,14570000,1542000,168800,19110,2232,269.1,33.44,4.281,0.5644,0.07656,0.01068,0.001531,0.0002256,0.00003411,0.000005292
01/09/2018,10920000000000,24780000000,1603000000,146800000,14580000,1509000,161700,17910,2049,242,29.47,3.698,0.478,0.06359,0.008702,0.001224,0.000177,0.00002628,0.000004003
01/10/2018,11280000000000,27550000000,1857000000,185600000,20390000,2340000,278000,34100,4313,562.3,75.48,10.43,1.482,0.2164,0.03247,0.005003,0.000791,0.0001283,0.00002132
01/11/2018,12440000000000,27610000000,1853000000,184300000,20140000,2301000,272100,33220,4182,542.7,72.53,9.976,1.411,0.2053,0.03067,0.004706,0.0007409,0.0001197,0.00001981
01/12/2018,12620000000000,26150000000,1811000000,183800000,20440000,2374000,285400,35400,4529,596.9,81,11.31,1.624,0.2397,0.03634,0.005656,0.0009032,0.0001479,0.00002483
01/01/2019,10830000000000,22720000000,1678000000,165800000,17520000,1924000,218500,25630,3102,387.1,49.78,6.592,0.8983,0.1259,0.01814,0.002686,0.0004082,0.00006367,0.00001018
01/02/2019,11990000000000,24670000000,1783000000,188500000,21850000,2645000,331000,42740,5686,779.1,109.8,15.93,2.374,0.3635,0.05713,0.009214,0.001524,0.0002584,0.00004487
01/03/2019,11470000000000,26110000000,1900000000,206800000,24820000,3117000,404700,54190,7474,1061,154.9,23.25,3.584,0.5674,0.09216,0.01536,0.002622,0.0004589,0.00008222
01/04/2019,12170000000000,26250000000,1785000000,180200000,20000000,2319000,278200,34460,4401,579.2,78.48,10.94,1.569,0.2313,0.03501,0.005441,0.0008677,0.0001419,0.00002379
01/05/2019,10990000000000,26020000000,1835000000,194100000,22650000,2765000,349200,45480,6104,843.6,119.9,17.54,2.636,0.4068,0.06446,0.01048,0.001747,0.0002984,0.00005222
01/06/2019,10910000000000,23320000000,1572000000,152100000,16020000,1760000,200000,23480,2845,355.5,45.76,6.066,0.8276,0.1161,0.01675,0.002482,0.0003776,0.00005895,0.00000944
01/07/2019,9874000000000,22290000000,1531000000,148200000,15550000,1699000,192100,22440,2704,336.1,43.05,5.679,0.771,0.1077,0.01546,0.00228,0.0003452,0.00005365,0.000008552
01/08/2019,9973000000000,22710000000,1515000000,141000000,14160000,1482000,160500,17970,2077,247.8,30.48,3.863,0.5041,0.06771,0.009355,0.001328,0.0001938,0.00002903,0.000004463
01/09/2019,9075000000000,26430000000,1930000000,209600000,25080000,3139000,406100,54200,7450,1054,153.4,22.94,3.526,0.5565,0.09012,0.01497,0.002549,0.0004447,0.00007945
01/10/2019,11080000000000,27690000000,1880000000,189900000,21110000,2453000,295100,36630,4690,618.6,84.01,11.74,1.687,0.2492,0.03781,0.005889,0.000941,0.0001542,0.0000259
01/11/2019,12690000000000,27400000000,1824000000,180000000,19500000,2209000,259100,31370,3919,504.5,66.89,9.13,1.282,0.1851,0.02745,0.004181,0.0006536,0.0001048,0.00001723
01/12/2019,12990000000000,25890000000,1768000000,176200000,19210000,2187000,257600,31330,3930,508.1,67.65,9.27,1.307,0.1894,0.0282,0.004312,0.0006766,0.0001089,0.00001797
01/01/2020,11080000000000,22560000000,1639000000,158100000,16280000,1742000,192900,22050,2603,316.9,39.78,5.143,0.6846,0.09376,0.0132,0.001911,0.000284,0.00004333,0.000006783
01/02/2020,12860000000000,24050000000,1656000000,163500000,17570000,1970000,228500,27360,3381,430.5,56.48,7.629,1.06,0.1515,0.02224,0.003355,0.0005193,0.00008249,0.00001343
01/03/2020,12670000000000,25160000000,1693000000,165100000,17580000,1953000,224600,26670,3268,412.7,53.72,7.198,0.9925,0.1407,0.02051,0.00307,0.0004717,0.00007438,0.00001203
01/04/2020,12300000000000,26040000000,1737000000,171400000,18550000,2099000,245800,29710,3706,476.4,63.08,8.597,1.205,0.1738,0.02574,0.003915,0.0006113,0.0000979,0.00001608
01/05/2020,11600000000000,25350000000,1712000000,171100000,18760000,2150000,255100,31230,3944,513.3,68.79,9.488,1.346,0.1963,0.02941,0.004524,0.0007143,0.0001157,0.0000192
01/06/2020,10590000000000,23510000000,1628000000,163700000,17980000,2061000,244400,29930,3778,491.6,65.87,9.084,1.288,0.1879,0.02814,0.004328,0.0006832,0.0001106,0.00001836
01/07/2020,10170000000000,22090000000,1502000000,143200000,14750000,1582000,175700,20150,2386,291.4,36.68,4.757,0.635,0.08722,0.01232,0.001788,0.0002664,0.00004076,0.000006398
01/08/2020,10430000000000,22500000000,1496000000,138900000,13930000,1455000,157400,17590,2030,241.7,29.68,3.755,0.4893,0.06562,0.009051,0.001283,0.000187,0.00002796,0.000004293
01/09/2020,9888000000000,25940000000,1844000000,192700000,22080000,2642000,327100,41770,5498,745.2,104,14.92,2.201,0.3336,0.05192,0.008293,0.001358,0.0002281,0.00003925
01/10/2020,11100000000000,28000000000,1990000000,214000000,25400000,3150000,404000,53500,7310,1030,148,22,3.36,0.527,0.0848,0.014,0.00237,0.00041,0.0000729
01/11/2020,12000000000000,28500000000,2130000000,243000000,30900000,4100000,564000,80000,11700,1750,270,42.7,6.94,1.16,0.198,0.0347,0.00623,0.00115,0.000215
01/12/2020,13300000000000,26400000000,2060000000,252000000,34500000,4960000,736000,112000,17700,2850,473,80.4,14,2.51,0.459,0.0861,0.0165,0.00324,0.000651
01/01/2021,13200000000000,24500000000,1800000000,195000000,22900000,2830000,360000,47200,6380,888,127,18.7,2.84,0.441,0.0703,0.0115,0.00193,0.000332,0.0000585
01/02/2021,12900000000000,24200000000,1690000000,171000000,18700000,2130000,252000,30700,3870,501,66.9,9.19,1.3,0.189,0.0282,0.00432,0.000679,0.00011,0.0000181
01/03/2021,11400000000000,26300000000,1980000000,227000000,28800000,3820000,526000,74500,10900,1630,251,39.7,6.46,1.08,0.184,0.0323,0.00579,0.00106,0.0002
01/04/2021,12100000000000,26500000000,1850000000,193000000,22300000,2690000,337000,43400,5760,787,111,16,2.39,0.364,0.0572,0.0092,0.00152,0.000257,0.0000446
01/05/2021,11600000000000,25700000000,1800000000,188000000,21700000,2620000,327000,42100,5590,763,107,15.5,2.31,0.352,0.0552,0.00888,0.00147,0.000248,0.0000429
01/06/2021,11200000000000,23500000000,1690000000,179000000,20900000,2530000,318000,41300,5510,758,107,15.6,2.34,0.359,0.0566,0.00916,0.00152,0.000259,0.0000451
01/07/2021,10100000000000,22600000000,1740000000,200000000,25200000,3330000,455000,63900,9260,1380,211,33.1,5.35,0.886,0.15,0.0262,0.00467,0.000852,0.000159
01/08/2021,10300000000000,22900000000,1650000000,169000000,18700000,2170000,259000,32000,4070,534,72.2,10,1.43,0.211,0.0318,0.00493,0.000784,0.000128,0.0000214
01/09/2021,10900000000000,25500000000,1870000000,204000000,24500000,3070000,398000,53200,7310,1040,151,22.6,3.47,0.549,0.0889,0.0148,0.00252,0.00044,0.0000787
01/10/2021,11000000000000,28800000000,2290000000,287000000,40500000,6000000,918000,145000,23400,3900,665,117,20.9,3.84,0.724,0.139,0.0275,0.00554,0.00114
01/11/2021,12000000000000,29000000000,2320000000,297000000,42900000,6530000,1030000,166000,27700,4730,828,149,27.4,5.16,0.996,0.197,0.0397,0.0082,0.00173
01/12/2021,11700000000000,28000000000,2380000000,317000000,47500000,7490000,1220000,204000,35000,6170,1120,207,39.2,7.61,1.51,0.307,0.0639,0.0136,0.00294
01/01/2022,12200000000000,26000000000,2280000000,311000000,47500000,7590000,1250000,213000,37200,6640,1220,229,44,8.67,1.75,0.36,0.0758,0.0163,0.00358
01/02/2022,12800000000000,25800000000,2320000000,333000000,53900000,9150000,1610000,289000,53500,10100,1970,391,79.5,16.5,3.52,0.764,0.17,0.0384,0.00887
01/03/2022,12500000000000,27100000000,2340000000,316000000,47400000,7460000,1210000,202000,34600,6090,1100,203,38.4,7.44,1.48,0.299,0.062,0.0131,0.00284
01/04/2022,11600000000000,30200000000,3080000000,548000000,115000000,25800000,6010000,1440000,352000,88000,22500,5840,1550,418,115,32.3,9.2,2.67,0.787
