Date,"O2, cm-3 (100 km)","O2, cm-3 (150 km)","O2, cm-3 (200 km)","O2, cm-3 (250 km)","O2, cm-3 (300 km)","O2, cm-3 (350 km)","O2, cm-3 (400 km)","O2, cm-3 (450 km)","O2, cm-3 (500 km)","O2, cm-3 (550 km)","O2, cm-3 (600 km)","O2, cm-3 (650 km)","O2, cm-3 (700 km)","O2, cm-3 (750 km)","O2, cm-3(800 km)","O2, cm-3 (850 km)","O2, cm-3 (900 km)","O2, cm-3 (950 km)","O2, cm-3 (1000 km)"
01/01/1996,3013000000000,1934000000,105900000,8261000,686200,59280,5312,493.1,47.39,4.713,0.4845,0.05146,0.005642,0.0006383,0.00007444,0.000008946,0.000001107,0.000000141,0.00000001846
01/02/1996,2983000000000,2030000000,111800000,8758000,731200,63510,5721,533.9,51.58,5.155,0.5326,0.05685,0.006264,0.000712,0.00008344,0.00001007,0.000001252,0.0000001602,0.00000002108
01/03/1996,3019000000000,2043000000,105700000,7771000,607500,49410,4170,365,33.1,3.108,0.302,0.03034,0.00315,0.0003376,0.00003733,0.000004256,0.0000005001,0.00000006051,0.000000007536
01/04/1996,2760000000000,2009000000,106000000,8266000,692800,60550,5491,515.8,50.17,5.047,0.5249,0.05639,0.006252,0.0007151,0.00008432,0.00001024,0.000001281,0.0000001648,0.00000002181
01/05/1996,2628000000000,1891000000,98640000,7558000,620800,53140,4720,434.4,41.4,4.083,0.4164,0.04387,0.004772,0.0005357,0.000062,0.000007394,0.0000009082,0.0000001148,0.00000001493
01/06/1996,2497000000000,1812000000,94270000,6964000,546600,44620,3779,331.9,30.2,2.846,0.2774,0.02796,0.002912,0.0003131,0.00003473,0.000003972,0.0000004681,0.00000005681,0.000000007096
01/07/1996,2337000000000,1860000000,99930000,7480000,592900,48830,4172,369.5,33.91,3.221,0.3166,0.03216,0.003376,0.0003658,0.00004088,0.000004711,0.0000005594,0.00000006839,0.000000008604
01/08/1996,2269000000000,1983000000,111800000,9022000,778100,69850,6500,626.4,62.47,6.442,0.6864,0.07553,0.008575,0.001004,0.0001211,0.00001505,0.000001925,0.0000002532,0.00000003424
01/09/1996,2509000000000,2017000000,105400000,7898000,631000,52470,4527,405,37.52,3.599,0.3571,0.03662,0.003879,0.0004241,0.00004783,0.00000556,0.0000006659,0.00000008211,0.00000001042
01/10/1996,2689000000000,1994000000,100900000,7451000,588100,48350,4125,365,33.46,3.175,0.3117,0.03164,0.003318,0.0003591,0.0000401,0.000004617,0.0000005477,0.0000000669,0.000000008409
01/11/1996,2887000000000,1903000000,97680000,7431000,606600,51610,4557,417,39.52,3.875,0.393,0.04118,0.004455,0.0004974,0.00005727,0.000006794,0.0000008302,0.0000001044,0.00000001351
01/12/1996,2991000000000,1876000000,104900000,8873000,812900,77760,7713,791.8,84.04,9.216,1.043,0.1218,0.01467,0.00182,0.0002325,0.00003057,0.000004133,0.0000005744,0.00000008199
01/01/1997,3001000000000,1909000000,104100000,8136000,678100,58800,5287,492.6,47.52,4.741,0.4891,0.05212,0.005734,0.0006508,0.00007616,0.000009181,0.00000114,0.0000001456,0.00000001913
01/02/1997,3039000000000,1999000000,106700000,8018000,639800,53080,4568,407.5,37.67,3.604,0.3566,0.03648,0.003855,0.0004205,0.00004731,0.000005488,0.0000006558,0.00000008068,0.00000001021
01/03/1997,2809000000000,2080000000,115300000,9394000,823000,75150,7117,697.8,70.79,7.424,0.8043,0.08996,0.01038,0.001235,0.0001513,0.00001909,0.000002479,0.0000003311,0.00000004545
01/04/1997,2712000000000,2014000000,109800000,9049000,807700,75280,7279,728.6,75.43,8.072,0.892,0.1017,0.01197,0.001451,0.0001811,0.00002328,0.000003079,0.0000004186,0.00000005848
01/05/1997,2303000000000,1966000000,114500000,10340000,1021000,105500,11310,1254,143.5,16.95,2.066,0.2594,0.03355,0.004465,0.0006114,0.00008607,0.00001245,0.000001849,0.0000002819
01/06/1997,2436000000000,1824000000,98800000,7793000,658300,57900,5282,499.1,48.82,4.94,0.5166,0.0558,0.00622,0.0007153,0.00008478,0.00001035,0.000001301,0.0000001683,0.00000002238
01/07/1997,2394000000000,1825000000,95980000,7027000,544500,43850,3664,317.5,28.51,2.651,0.2551,0.02539,0.002611,0.0002773,0.00003038,0.000003434,0.0000003999,0.00000004797,0.000000005923
01/08/1997,2344000000000,1903000000,101300000,7633000,611600,50960,4406,394.8,36.65,3.521,0.35,0.03595,0.003815,0.0004178,0.00004719,0.000005495,0.0000006592,0.00000008142,0.00000001035
01/09/1997,2488000000000,1948000000,110300000,9711000,934800,94130,9827,1061,118.4,13.63,1.62,0.1985,0.02505,0.003255,0.0004353,0.00005987,0.000008462,0.000001229,0.0000001832
01/10/1997,2150000000000,2043000000,127300000,13300000,1560000,192900,24740,3274,446.6,62.72,9.06,1.346,0.2054,0.03218,0.005176,0.0008538,0.0001444,0.00002503,0.000004443
01/11/1997,2644000000000,1871000000,109700000,10670000,1155000,131500,15530,1894,238.2,30.89,4.125,0.5669,0.08015,0.01165,0.001739,0.0002667,0.00004196,0.000006773,0.000001121
01/12/1997,2865000000000,1814000000,111300000,11410000,1308000,158000,19770,2555,340.4,46.69,6.591,0.9569,0.1428,0.02189,0.003444,0.0005561,0.00009209,0.00001563,0.000002718
01/01/1998,2932000000000,1841000000,112500000,11010000,1192000,135300,15920,1933,242.3,31.29,4.162,0.5698,0.08025,0.01162,0.001729,0.0002641,0.0000414,0.000006659,0.000001098
01/02/1998,2843000000000,1931000000,115600000,10850000,1118000,120500,13460,1554,185.2,22.77,2.884,0.3764,0.05055,0.006986,0.0009925,0.0001449,0.00002172,0.000003342,0.0000005276
01/03/1998,2643000000000,1958000000,120400000,12310000,1407000,169100,21060,2707,358.7,48.96,6.876,0.9933,0.1475,0.0225,0.003523,0.0005662,0.00009333,0.00001577,0.000002729
01/04/1998,2766000000000,1819000000,107600000,11000000,1271000,154800,19550,2548,342.4,47.36,6.741,0.9867,0.1484,0.02293,0.003637,0.0005918,0.00009874,0.00001688,0.000002958
01/05/1998,2411000000000,1752000000,107100000,11490000,1399000,179800,23950,3293,466.3,67.93,10.18,1.566,0.2476,0.04017,0.006686,0.001141,0.0001995,0.00003573,0.00000655
01/06/1998,2352000000000,1667000000,99280000,9872000,1096000,127700,15420,1922,247.2,32.74,4.465,0.6266,0.09042,0.01341,0.002043,0.0003194,0.00005124,0.000008428,0.000001421
01/07/1998,2219000000000,1682000000,107800000,11870000,1479000,194200,26400,3702,534.5,79.37,12.11,1.9,0.3058,0.05052,0.008559,0.001486,0.0002644,0.00004817,0.000008981
01/08/1998,1977000000000,1754000000,115500000,13510000,1808000,255300,37340,5627,872.2,138.9,22.72,3.814,0.6566,0.1159,0.02095,0.003881,0.0007356,0.0001427,0.00002829
01/09/1998,2094000000000,1836000000,127900000,17320000,2780000,477300,85150,15640,2949,569.9,112.8,22.85,4.734,1.003,0.2172,0.04803,0.01085,0.002501,0.000588
01/10/1998,2147000000000,1815000000,118200000,14670000,2127000,328200,52530,8661,1467,255.1,45.5,8.317,1.557,0.2986,0.0586,0.01176,0.002414,0.0005064,0.0001085
01/11/1998,2610000000000,1684000000,103600000,11910000,1583000,222900,32540,4897,758,120.6,19.7,3.302,0.5678,0.1001,0.01808,0.003344,0.0006332,0.0001227,0.0000243
01/12/1998,2529000000000,1687000000,116200000,15670000,2503000,427500,75840,13850,2597,498.9,98.19,19.78,4.077,0.8591,0.185,0.04071,0.009148,0.002098,0.0004909
01/01/1999,2684000000000,1670000000,115800000,15540000,2463000,416200,73000,13180,2442,463.9,90.26,17.98,3.664,0.7638,0.1627,0.03543,0.007877,0.001788,0.0004141
01/02/1999,2884000000000,1676000000,102000000,11040000,1359000,176300,23680,3281,468,68.69,10.36,1.606,0.2557,0.04177,0.006998,0.001202,0.0002116,0.00003814,0.000007037
01/03/1999,2884000000000,1676000000,102000000,11040000,1359000,176300,23680,3281,468,68.69,10.36,1.606,0.2557,0.04177,0.006998,0.001202,0.0002116,0.00003814,0.000007037
01/04/1999,2460000000000,1767000000,108500000,12170000,1567000,213300,30100,4378,655.5,100.9,15.95,2.59,0.4315,0.07373,0.01291,0.002318,0.0004259,0.00008011,0.00001542
01/05/1999,2153000000000,1683000000,110400000,13960000,2071000,326900,53560,9035,1565,278.3,50.73,9.476,1.813,0.3549,0.07111,0.01457,0.003051,0.0006527,0.0001426
01/06/1999,2153000000000,1517000000,102300000,13890000,2247000,388100,69570,12830,2428,470.7,93.47,18.99,3.948,0.8392,0.1823,0.04044,0.00916,0.002118,0.0004995
01/07/1999,2036000000000,1500000000,105700000,15440000,2722000,514500,100900,20360,4210,890.9,192.8,42.66,9.642,2.226,0.5244,0.1261,0.03091,0.007727,0.001968
01/08/1999,2019000000000,1579000000,110300000,15860000,2744000,508600,97800,19340,3919,813.3,172.6,37.47,8.312,1.883,0.4357,0.1029,0.02478,0.006087,0.001524
01/09/1999,1987000000000,1712000000,118900000,17040000,2939000,543900,104500,20660,4187,868.7,184.4,40.02,8.878,2.012,0.4654,0.1099,0.02647,0.006501,0.001628
01/10/1999,2219000000000,1634000000,101800000,12700000,1869000,292500,47430,7919,1358,238.9,43.11,7.971,1.51,0.2927,0.05808,0.01179,0.002445,0.0005183,0.0001122
01/11/1999,2328000000000,1583000000,104400000,14520000,2433000,436900,81430,15610,3070,618.2,127.4,26.87,5.791,1.276,0.287,0.06593,0.01546,0.003697,0.0009014
01/12/1999,2509000000000,1500000000,99060000,13640000,2254000,397900,72850,13720,2649,524.2,106.2,22,4.662,1.01,0.2235,0.0505,0.01165,0.002742,0.0006583
01/01/2000,2276000000000,1606000000,109900000,14920000,2396000,409600,72570,13220,2472,473.5,92.91,18.66,3.834,0.8057,0.173,0.03797,0.008507,0.001946,0.000454
01/02/2000,2525000000000,1596000000,104100000,13430000,2044000,330400,55310,9526,1684,305.5,56.78,10.81,2.108,0.4206,0.08582,0.01791,0.003818,0.0008314,0.0001849
01/03/2000,2291000000000,1651000000,116600000,18070000,3448000,710000,152000,33440,7536,1736,408.5,98.16,24.07,6.02,1.535,0.3991,0.1057,0.0285,0.007824
01/04/2000,2239000000000,1567000000,107500000,16690000,3216000,669500,145000,32260,7351,1712,407.4,98.95,24.52,6.198,1.597,0.4194,0.1122,0.03055,0.00847
01/05/2000,2034000000000,1463000000,96750000,14110000,2516000,481500,95640,19520,4082,873.6,191.2,42.76,9.769,2.279,0.5426,0.1318,0.03264,0.008242,0.00212
01/06/2000,1982000000000,1383000000,90090000,12480000,2081000,370600,68390,12970,2524,502.8,102.5,21.39,4.564,0.9951,0.2216,0.05041,0.0117,0.002772,0.0006695
01/07/2000,1920000000000,1375000000,90040000,12400000,2052000,361800,66100,12410,2389,471.2,95.13,19.65,4.152,0.8966,0.1978,0.04457,0.01025,0.002406,0.0005761
01/08/2000,1907000000000,1507000000,99040000,13260000,2112000,358100,62880,11350,2103,399.3,77.65,15.46,3.149,0.6561,0.1397,0.03041,0.006757,0.001533,0.0003549
01/09/2000,1961000000000,1605000000,106900000,14980000,2528000,456200,85390,16430,3242,655,135.4,28.64,6.193,1.368,0.3088,0.07115,0.01673,0.004012,0.0009811
01/10/2000,2153000000000,1640000000,111200000,16320000,2927000,564800,113300,23370,4940,1069,236.4,53.43,12.34,2.907,0.6992,0.1715,0.04291,0.01094,0.002842
01/11/2000,2360000000000,1550000000,104000000,15250000,2731000,526100,105300,21690,4576,987.9,218.1,49.2,11.34,2.667,0.6403,0.1568,0.03915,0.009964,0.002584
01/12/2000,2504000000000,1521000000,103900000,15090000,2659000,502900,98780,19950,4130,875,189.6,42,9.503,2.196,0.5181,0.1247,0.03061,0.007659,0.001953
01/01/2001,2666000000000,1533000000,102600000,13870000,2230000,382300,67940,12420,2329,447.6,88.09,17.75,3.657,0.7708,0.166,0.03653,0.008209,0.001883,0.0004406
01/02/2001,2588000000000,1662000000,111800000,14740000,2292000,379500,65130,11500,2084,387.3,73.75,14.38,2.87,0.5859,0.1223,0.0261,0.005688,0.001266,0.0002876
01/03/2001,2572000000000,1646000000,104000000,12900000,1877000,290200,46470,7660,1297,225.4,40.18,7.341,1.374,0.2633,0.05164,0.01036,0.002125,0.0004455,0.00009541
01/04/2001,2114000000000,1728000000,125300000,19970000,3945000,845100,188800,43380,10210,2456,603.3,151.2,38.66,10.08,2.676,0.7238,0.1994,0.0559,0.01595
01/05/2001,2322000000000,1505000000,99620000,14150000,2439000,451600,86820,17170,3480,722.3,153.4,33.3,7.387,1.674,0.3874,0.09149,0.02204,0.005415,0.001356
01/06/2001,2060000000000,1491000000,97100000,12550000,1913000,310100,52090,9004,1598,290.8,54.25,10.37,2.028,0.4059,0.08311,0.0174,0.003721,0.0008129,0.0001813
01/07/2001,2041000000000,1526000000,100600000,12710000,1877000,293900,47670,7958,1365,240.1,43.31,8.008,1.517,0.294,0.05834,0.01184,0.002455,0.0005204,0.0001127
01/08/2001,1979000000000,1546000000,97160000,11620000,1615000,237500,36150,5665,912.5,151,25.63,4.463,0.7968,0.1457,0.0273,0.005235,0.001027,0.000206,0.00004224
01/09/2001,2124000000000,1535000000,100800000,14270000,2449000,450100,85810,16820,3378,694.7,146.2,31.46,6.918,1.554,0.3566,0.08352,0.01996,0.004863,0.001208
01/10/2001,1764000000000,1517000000,104600000,17400000,3659000,835000,198200,48310,12040,3065,795.7,210.6,56.81,15.61,4.368,1.244,0.3606,0.1063,0.03186
01/11/2001,1996000000000,1431000000,96580000,15660000,3196000,705800,162000,38200,9210,2268,570.1,146.2,38.21,10.18,2.762,0.7634,0.2147,0.06147,0.0179
01/12/2001,2294000000000,1341000000,89230000,14040000,2756000,583700,128300,28960,6688,1578,380.3,93.54,23.47,6.004,1.566,0.4161,0.1126,0.03102,0.008699
01/01/2002,2353000000000,1381000000,95100000,15220000,3036000,653500,146000,33480,7855,1883,460.9,115.1,29.31,7.612,2.014,0.543,0.149,0.04164,0.01184
01/02/2002,2305000000000,1483000000,103700000,16630000,3318000,714700,159800,36710,8624,2070,507.3,126.9,32.35,8.412,2.229,0.6016,0.1653,0.04626,0.01317
01/03/2002,2360000000000,1539000000,103700000,15580000,2882000,573000,118300,25070,5443,1209,274.3,63.6,15.05,3.637,0.8962,0.2252,0.05767,0.01505,0.004
01/04/2002,2184000000000,1588000000,108800000,16640000,3142000,640000,135500,29510,6578,1499,349.2,83.05,20.16,4.992,1.261,0.3245,0.0851,0.02274,0.006184
01/05/2002,2271000000000,1456000000,92250000,12390000,2001000,345100,61730,11350,2143,414.4,82.05,16.63,3.448,0.7309,0.1583,0.03504,0.007918,0.001826,0.0004296
01/06/2002,2181000000000,1475000000,99610000,13910000,2335000,419500,78200,14990,2948,593.8,122.4,25.8,5.562,1.225,0.2757,0.06333,0.01485,0.003551,0.0008659
01/07/2002,1909000000000,1493000000,100700000,13570000,2167000,368400,64900,11750,2185,416.1,81.18,16.21,3.313,0.6923,0.1479,0.03228,0.007194,0.001637,0.00038
01/08/2002,1807000000000,1572000000,112700000,17250000,3219000,645700,134500,28780,6307,1414,323.8,75.75,18.09,4.41,1.096,0.2778,0.07176,0.01888,0.005061
01/09/2002,2004000000000,1573000000,105100000,15060000,2616000,487100,94060,18670,3798,791,168.5,36.7,8.17,1.857,0.4311,0.1021,0.02468,0.006082,0.001528
01/10/2002,1777000000000,1665000000,112400000,16230000,2842000,533100,103800,20770,4261,894.7,192.1,42.19,9.464,2.168,0.5072,0.121,0.02947,0.007315,0.001851
01/11/2002,2406000000000,1588000000,105000000,14610000,2451000,440800,82330,15820,3118,629.3,130,27.47,5.935,1.31,0.2954,0.06801,0.01598,0.003829,0.0009356
01/12/2002,2331000000000,1588000000,107800000,14900000,2461000,434200,79470,14960,2890,571.7,115.8,23.99,5.085,1.101,0.2438,0.05509,0.01271,0.002991,0.0007181
01/01/2003,2624000000000,1629000000,104500000,12360000,1684000,242400,36140,5551,876.6,142.2,23.68,4.047,0.7091,0.1273,0.02343,0.004412,0.0008504,0.0001676,0.00003379
01/02/2003,2566000000000,1771000000,117000000,14110000,1961000,288400,43950,6900,1113,184.5,31.38,5.475,0.9791,0.1794,0.03366,0.006466,0.00127,0.0002553,0.00005243
01/03/2003,2566000000000,1851000000,121000000,14470000,1999000,292700,44440,6952,1118,184.7,31.32,5.448,0.9714,0.1775,0.03321,0.00636,0.001246,0.0002497,0.00005114
01/04/2003,2411000000000,1850000000,125500000,16420000,2539000,419900,72180,12790,2326,433.9,82.93,16.23,3.252,0.6663,0.1396,0.0299,0.00654,0.001461,0.000333
01/05/2003,2058000000000,1791000000,125100000,17020000,2750000,476100,85730,15900,3028,590.8,118,24.14,5.049,1.08,0.2359,0.05264,0.012,0.002789,0.0006616
01/06/2003,2025000000000,1659000000,109600000,13260000,1851000,273700,41950,6624,1075,179.2,30.65,5.377,0.9668,0.1781,0.0336,0.006488,0.001282,0.0002588,0.00005343
01/07/2003,2122000000000,1631000000,107200000,12690000,1725000,247800,36880,5657,892,144.5,24.03,4.101,0.7177,0.1287,0.02365,0.004449,0.0008563,0.0001686,0.00003395
01/08/2003,1881000000000,1805000000,119500000,13790000,1809000,250300,35850,5293,803.8,125.5,20.12,3.312,0.5594,0.09687,0.01719,0.003126,0.0005819,0.0001108,0.0000216
01/09/2003,2187000000000,1847000000,116000000,12800000,1607000,212900,29220,4136,602.7,90.33,13.91,2.201,0.3575,0.05957,0.01018,0.001783,0.0003198,0.00005874,0.00001104
01/10/2003,2334000000000,1797000000,115100000,13980000,1980000,298000,46560,7494,1240,210.6,36.71,6.56,1.201,0.2253,0.04327,0.008502,0.001709,0.000351,0.00007368
01/11/2003,2286000000000,1817000000,132400000,19980000,3674000,731600,152100,32580,7155,1608,369.4,86.68,20.76,5.075,1.265,0.3216,0.08331,0.02198,0.005907
01/12/2003,2552000000000,1676000000,113700000,14940000,2316000,382800,65690,11610,2106,391.8,74.67,14.58,2.912,0.5952,0.1244,0.02657,0.005797,0.001292,0.0002937
01/01/2004,2120000000000,1741000000,125400000,14980000,2005000,281700,40940,6127,943.2,149.2,24.23,4.041,0.6911,0.1212,0.02177,0.004007,0.0007547,0.0001455,0.00002867
01/02/2004,2746000000000,1864000000,115000000,11700000,1328000,158100,19510,2485,326.3,44.12,6.141,0.8791,0.1294,0.01957,0.003038,0.0004841,0.00007913,0.00001326,0.000002276
01/03/2004,2565000000000,1962000000,126400000,14060000,1777000,237200,32830,4686,688.5,104,16.15,2.576,0.4218,0.07083,0.0122,0.002152,0.0003889,0.00007196,0.00001363
01/04/2004,2755000000000,1850000000,112400000,11950000,1444000,184200,24390,3333,469.1,67.94,10.12,1.548,0.2434,0.03927,0.006499,0.001103,0.0001919,0.00003418,0.000006234
01/05/2004,2423000000000,1779000000,105500000,10550000,1183000,139500,17050,2151,279.9,37.52,5.178,0.735,0.1073,0.01609,0.002478,0.0003917,0.00006351,0.00001056,0.000001799
01/06/2004,2170000000000,1755000000,109900000,11500000,1348000,166100,21220,2796,379.7,53.09,7.636,1.129,0.1716,0.02678,0.004289,0.0007047,0.0001187,0.00002049,0.000003623
01/07/2004,2163000000000,1702000000,101000000,9603000,1006000,110400,12540,1471,178.2,22.25,2.864,0.3795,0.05175,0.00726,0.001047,0.000155,0.00002358,0.00000368,0.0000005891
01/08/2004,2185000000000,1764000000,104300000,9991000,1059000,117500,13510,1605,196.6,24.84,3.234,0.4334,0.05977,0.008476,0.001235,0.0001849,0.00002842,0.000004482,0.0000007249
01/09/2004,2329000000000,1848000000,106900000,10190000,1078000,119600,13760,1635,200.4,25.33,3.298,0.4422,0.061,0.008654,0.001262,0.000189,0.00002905,0.000004583,0.0000007415
01/10/2004,2574000000000,1822000000,102400000,9650000,1014000,111900,12800,1513,184.5,23.21,3.007,0.4012,0.05508,0.007778,0.001129,0.0001683,0.00002576,0.000004045,0.0000006516
01/11/2004,2687000000000,1827000000,116100000,13330000,1761000,247100,35990,5407,836,132.8,21.67,3.63,0.6235,0.1098,0.01981,0.003661,0.0006925,0.000134,0.00002652
01/12/2004,2646000000000,1803000000,115500000,12840000,1618000,215300,29710,4229,619.6,93.38,14.46,2.3,0.3756,0.06291,0.0108,0.001902,0.0003429,0.00006329,0.00001195
01/01/2005,2250000000000,1828000000,127600000,13780000,1632000,201900,25850,3412,464.1,64.98,9.36,1.386,0.2109,0.03296,0.005286,0.0008697,0.0001467,0.00002536,0.000004489
01/02/2005,2912000000000,1899000000,110600000,10020000,992400,102800,11030,1223,140.2,16.58,2.021,0.254,0.03288,0.00438,0.0006002,0.00008456,0.00001224,0.000001819,0.0000002775
01/03/2005,2753000000000,1972000000,112500000,9995000,971300,98690,10390,1132,127.4,14.79,1.772,0.2189,0.02785,0.003648,0.0004916,0.00006813,0.000009704,0.000001419,0.0000002132
01/04/2005,2763000000000,1889000000,103100000,8903000,842400,83420,8566,910,99.9,11.33,1.325,0.1598,0.01987,0.002544,0.0003352,0.00004543,0.00000633,0.0000009062,0.0000001332
01/05/2005,2293000000000,1878000000,118900000,12950000,1597000,208200,28170,3932,565.1,83.57,12.7,1.984,0.3181,0.05235,0.008835,0.001528,0.0002709,0.00004917,0.000009134
01/06/2005,2338000000000,1724000000,103800000,10280000,1132000,130900,15680,1940,247.6,32.55,4.407,0.614,0.08796,0.01295,0.001959,0.0003043,0.00004848,0.000007923,0.000001327
01/07/2005,2134000000000,1802000000,114300000,11710000,1331000,158800,19620,2503,329.1,44.58,6.215,0.8912,0.1314,0.0199,0.003094,0.0004937,0.00008082,0.00001356,0.000002332
01/08/2005,2161000000000,1901000000,120600000,12350000,1406000,168000,20790,2657,350.1,47.5,6.633,0.9527,0.1407,0.02134,0.003324,0.0005313,0.0000871,0.00001464,0.000002521
01/09/2005,2281000000000,1981000000,115100000,10460000,1042000,108600,11730,1310,151,17.98,2.206,0.2789,0.03633,0.004869,0.0006712,0.00009512,0.00001385,0.00000207,0.0000003177
01/10/2005,2438000000000,1980000000,110000000,9577000,911500,90750,9368,1000,110.4,12.58,1.479,0.1793,0.0224,0.002882,0.0003816,0.00005197,0.000007275,0.000001046,0.0000001545
01/11/2005,2656000000000,1913000000,108000000,9667000,949800,97730,10430,1151,131.1,15.43,1.871,0.234,0.03014,0.003995,0.0005449,0.0000764,0.00001101,0.000001629,0.0000002473
01/12/2005,2643000000000,1914000000,119100000,12020000,1348000,158900,19420,2450,318.8,42.74,5.897,0.8371,0.1222,0.01832,0.002822,0.0004461,0.00007233,0.00001203,0.000002049
01/01/2006,2458000000000,1859000000,118600000,10770000,1045000,105300,10980,1184,132,15.18,1.801,0.2204,0.02778,0.003605,0.0004815,0.00006614,0.000009337,0.000001354,0.0000002016
01/02/2006,3056000000000,1964000000,106600000,8346000,698400,60840,5496,514.4,49.84,4.996,0.5177,0.05541,0.006122,0.0006977,0.00008198,0.000009924,0.000001237,0.0000001586,0.00000002092
01/03/2006,2891000000000,2026000000,111700000,9181000,814600,75400,7236,719.1,73.91,7.853,0.8617,0.09759,0.0114,0.001373,0.0001703,0.00002175,0.000002857,0.000000386,0.00000005358
01/04/2006,2961000000000,1910000000,101600000,8316000,740800,68960,6661,666.1,68.9,7.365,0.8132,0.09266,0.01089,0.001319,0.0001645,0.00002113,0.000002792,0.0000003793,0.00000005294
01/05/2006,2730000000000,1821000000,102700000,9268000,922400,96250,10420,1166,134.8,16.08,1.978,0.2507,0.03272,0.004395,0.0006072,0.00008624,0.00001258,0.000001885,0.0000002898
01/06/2006,2336000000000,1809000000,103600000,9051000,859000,85130,8747,929.6,102.1,11.58,1.355,0.1635,0.02034,0.002605,0.0003433,0.00004655,0.000006488,0.0000009292,0.0000001366
01/07/2006,2387000000000,1817000000,102000000,8363000,736500,67560,6425,632.6,64.44,6.785,0.738,0.08286,0.009598,0.001146,0.000141,0.00001785,0.000002327,0.0000003118,0.00000004295
01/08/2006,2240000000000,1939000000,108000000,8657000,742200,66230,6127,587.1,58.21,5.969,0.6325,0.06921,0.007816,0.0009102,0.0001092,0.0000135,0.000001718,0.0000002249,0.00000003026
01/09/2006,2319000000000,2036000000,116100000,10030000,941000,92160,9358,983.2,106.8,11.97,1.386,0.1654,0.02035,0.002579,0.0003365,0.00004516,0.000006231,0.0000008834,0.0000001286
01/10/2006,2343000000000,2047000000,118300000,10790000,1080000,113300,12330,1387,161.1,19.3,2.385,0.3037,0.03982,0.005373,0.0007456,0.0001063,0.00001558,0.000002344,0.0000003619
01/11/2006,2754000000000,1902000000,105200000,9120000,864200,85680,8810,937.2,103,11.7,1.37,0.1655,0.0206,0.002641,0.0003485,0.00004729,0.000006597,0.0000009456,0.0000001392
01/12/2006,2887000000000,1856000000,105900000,9363000,903000,91050,9518,1029,114.9,13.26,1.577,0.1934,0.02444,0.00318,0.0004257,0.00005862,0.000008295,0.000001206,0.0000001799
01/01/2007,2858000000000,1919000000,113200000,10100000,978000,98870,10360,1122,125.6,14.52,1.73,0.2126,0.02692,0.003509,0.0004707,0.00006493,0.000009204,0.00000134,0.0000002004
01/02/2007,2931000000000,2018000000,117600000,10210000,958300,93880,9533,1001,108.7,12.19,1.411,0.1685,0.02072,0.002626,0.0003426,0.00004597,0.000006342,0.0000008992,0.0000001309
01/03/2007,2843000000000,2069000000,114700000,9391000,827700,76070,7250,715.5,73.04,7.708,0.8401,0.09453,0.01097,0.001313,0.0001618,0.00002054,0.000002682,0.0000003601,0.0000000497
01/04/2007,2483000000000,2077000000,119800000,10650000,1033000,105000,11050,1204,135.5,15.75,1.887,0.2332,0.02967,0.003888,0.0005242,0.00007266,0.00001035,0.000001515,0.0000002275
01/05/2007,2603000000000,1892000000,105900000,9186000,870000,86210,8862,942.4,103.6,11.75,1.377,0.1662,0.02069,0.002651,0.0003497,0.00004745,0.000006618,0.0000009483,0.0000001395
01/06/2007,2428000000000,1815000000,99520000,8039000,697900,63140,5924,575.5,57.85,6.013,0.6457,0.07159,0.008189,0.0009659,0.0001174,0.00001469,0.000001892,0.0000002507,0.00000003413
01/07/2007,2394000000000,1835000000,98020000,7333000,581700,47960,4102,363.7,33.41,3.178,0.3127,0.0318,0.003341,0.0003624,0.00004055,0.000004677,0.0000005559,0.00000006803,0.000000008567
01/08/2007,2225000000000,1993000000,109000000,8313000,671700,56400,4911,443.2,41.43,4.008,0.401,0.04147,0.004429,0.0004882,0.00005551,0.000006505,0.0000007851,0.00000009756,0.00000001247
01/09/2007,2414000000000,2055000000,108300000,8108000,645900,53530,4603,410.3,37.89,3.622,0.3581,0.03661,0.003865,0.0004213,0.00004736,0.000005489,0.0000006554,0.00000008057,0.00000001019
01/10/2007,2622000000000,2022000000,102300000,7477000,582600,47260,3979,347.4,31.43,2.945,0.2855,0.02862,0.002964,0.000317,0.00003498,0.00000398,0.0000004667,0.00000005635,0.000000007003
01/11/2007,2834000000000,1932000000,99350000,7520000,609600,51490,4513,410,38.58,3.757,0.3784,0.03938,0.004232,0.0004693,0.00005368,0.000006329,0.0000007684,0.00000009604,0.00000001235
01/12/2007,2982000000000,1881000000,99770000,7704000,635900,54650,4872,450.1,43.05,4.261,0.436,0.04609,0.005031,0.0005666,0.00006579,0.000007872,0.0000009699,0.000000123,0.00000001604
01/01/2008,3032000000000,1921000000,105200000,8255000,690600,60110,5426,507.4,49.12,4.919,0.5092,0.05446,0.006012,0.0006847,0.00008039,0.000009723,0.000001211,0.0000001552,0.00000002045
01/02/2008,2789000000000,2079000000,119400000,9888000,876500,80900,7740,766.7,78.55,8.319,0.91,0.1027,0.01197,0.001437,0.0001777,0.00002262,0.000002963,0.0000003992,0.00000005527
01/03/2008,2702000000000,2123000000,119700000,9901000,881500,81810,7874,784.5,80.84,8.611,0.9473,0.1076,0.0126,0.00152,0.000189,0.0000242,0.000003187,0.0000004315,0.00000006004
01/04/2008,2876000000000,1984000000,104500000,8193000,692300,61020,5581,528.9,51.87,5.263,0.5518,0.05976,0.006679,0.00077,0.00009149,0.0000112,0.000001411,0.0000001829,0.00000002439
01/05/2008,2425000000000,1849000000,97880000,7339000,584500,48410,4159,370.5,34.18,3.265,0.3227,0.03296,0.003477,0.0003787,0.00004255,0.000004928,0.000000588,0.00000007224,0.000000009132
01/06/2008,2579000000000,1903000000,100200000,7759000,644800,55840,5018,467.2,45.03,4.491,0.463,0.04931,0.005422,0.000615,0.00007192,0.000008666,0.000001075,0.0000001373,0.00000001802
01/07/2008,2410000000000,1860000000,95070000,6549000,473400,35520,2766,223.6,18.75,1.63,0.1468,0.01368,0.001319,0.0001314,0.00001352,0.000001436,0.0000001574,0.00000001777,0.000000002068
01/08/2008,2452000000000,1947000000,96020000,6280000,429300,30450,2244,171.7,13.65,1.125,0.09613,0.00851,0.0007797,0.00007389,0.000007237,0.0000007322,0.00000007646,0.000000008235,9.144E-10
01/09/2008,2597000000000,2004000000,97100000,6444000,450000,32640,2460,192.5,15.63,1.316,0.1149,0.01039,0.0009714,0.00009395,0.000009388,0.0000009687,0.0000001031,0.00000001132,0.000000001281
01/10/2008,2610000000000,2027000000,103700000,7704000,611300,50520,4333,385.3,35.49,3.385,0.3339,0.03405,0.003587,0.0003901,0.00004376,0.000005061,0.000000603,0.00000007398,0.000000009339
01/11/2008,2910000000000,1924000000,97010000,7107000,555600,45210,3819,334.6,30.37,2.855,0.2776,0.02792,0.0029,0.0003111,0.00003443,0.000003929,0.000000462,0.00000005595,0.000000006973
01/12/2008,3131000000000,1869000000,93220000,6511000,480500,36850,2934,242.4,20.77,1.844,0.1696,0.01614,0.001588,0.0001614,0.00001694,0.000001835,0.000000205,0.00000002359,0.000000002797
01/01/2009,2964000000000,1963000000,106700000,8117000,654600,54870,4769,429.7,40.1,3.874,0.387,0.03996,0.004261,0.000469,0.00005324,0.000006229,0.0000007509,0.00000009317,0.00000001189
01/02/2009,3112000000000,2009000000,103100000,7215000,531800,40700,3233,266.5,22.79,2.019,0.1853,0.01759,0.001727,0.0001752,0.00001835,0.000001984,0.0000002212,0.00000002541,0.000000003006
01/03/2009,3100000000000,2029000000,101800000,7115000,526300,40470,3231,267.6,22.99,2.047,0.1887,0.018,0.001775,0.0001809,0.00001904,0.000002067,0.0000002314,0.00000002669,0.000000003172
01/04/2009,2916000000000,1978000000,100100000,7363000,578600,47360,4023,354.4,32.35,3.058,0.299,0.03022,0.003156,0.0003403,0.00003785,0.000004341,0.0000005131,0.00000006243,0.000000007819
01/05/2009,2717000000000,1871000000,95460000,7107000,566000,46940,4041,360.7,33.35,3.192,0.316,0.03234,0.003419,0.0003731,0.00004199,0.000004873,0.0000005825,0.00000007169,0.000000009079
01/06/2009,2558000000000,1802000000,92060000,6630000,506200,40190,3311,283,25.07,2.301,0.2185,0.02147,0.00218,0.0002286,0.00002474,0.000002761,0.0000003177,0.00000003766,0.000000004596
01/07/2009,2436000000000,1839000000,94050000,6538000,478000,36280,2858,233.7,19.82,1.742,0.1586,0.01494,0.001456,0.0001466,0.00001524,0.000001636,0.000000181,0.00000002065,0.000000002426
01/08/2009,2456000000000,1933000000,96830000,6518000,460200,33730,2567,202.8,16.63,1.414,0.1246,0.01137,0.001073,0.0001047,0.00001055,0.000001099,0.000000118,0.00000001306,0.000000001491
01/09/2009,2580000000000,1995000000,98170000,6687000,480800,35920,2787,224.5,18.75,1.625,0.1458,0.01354,0.001301,0.0001292,0.00001325,0.000001403,0.0000001533,0.00000001725,0.000000002001
01/10/2009,2756000000000,1971000000,98390000,7150000,555000,44860,3765,327.7,29.55,2.76,0.2668,0.02666,0.002753,0.0002936,0.0000323,0.000003664,0.0000004284,0.00000005159,0.000000006394
01/11/2009,2891000000000,1910000000,99500000,7759000,651500,57050,5184,488.1,47.57,4.795,0.4997,0.05378,0.005975,0.0006847,0.00008089,0.000009844,0.000001233,0.000000159,0.00000002108
01/12/2009,3093000000000,1840000000,94870000,7088000,565100,46890,4037,360.4,33.32,3.19,0.3158,0.03233,0.003418,0.000373,0.00004198,0.000004872,0.0000005824,0.00000007169,0.000000009079
01/01/2010,2640000000000,1850000000,107000000,8270000,670200,56290,4901,442.2,41.33,3.997,0.3999,0.04134,0.004414,0.0004864,0.00005529,0.000006478,0.0000007817,0.00000009711,0.00000001241
01/02/2010,2100000000000,2376000000,132200000,9446000,705800,54680,4396,366.6,31.7,2.84,0.2633,0.02526,0.002505,0.0002567,0.00002714,0.000002961,0.0000003331,0.0000000386,0.000000004607
01/03/2010,2100000000000,2376000000,132200000,9446000,705800,54680,4396,366.6,31.7,2.84,0.2633,0.02526,0.002505,0.0002567,0.00002714,0.000002961,0.0000003331,0.0000000386,0.000000004607
01/04/2010,2350000000000,2583000000,170100000,17440000,2001000,242400,30500,3966,531.6,73.37,10.42,1.522,0.2283,0.03519,0.005567,0.0009035,0.0001503,0.00002564,0.000004479
01/05/2010,2092000000000,2108000000,126700000,11890000,1243000,137200,15740,1868,228.8,28.89,3.758,0.5033,0.06935,0.009826,0.001431,0.000214,0.00003285,0.000005174,0.0000008356
01/06/2010,1580000000000,2314000000,155800000,16300000,1915000,238200,30830,4125,568.8,80.75,11.79,1.769,0.2728,0.04317,0.007011,0.001168,0.0001993,0.00003485,0.000006241
01/07/2010,1371000000000,2247000000,152500000,15790000,1821000,221700,28030,3662,493.2,68.4,9.76,1.432,0.2158,0.03341,0.005309,0.0008654,0.0001446,0.00002477,0.000004345
01/08/2010,1517000000000,2072000000,129400000,12120000,1249000,135200,15180,1762,211.1,26.09,3.323,0.4358,0.05882,0.008166,0.001165,0.0001709,0.00002572,0.000003974,0.0000006297
01/09/2010,1883000000000,2134000000,126800000,11240000,1090000,110600,11650,1269,142.8,16.59,1.988,0.2455,0.03123,0.004089,0.0005508,0.00007628,0.00001086,0.000001587,0.0000002381
01/10/2010,2277000000000,1980000000,110000000,9155000,829300,78590,7729,786.7,82.81,9.005,1.011,0.1171,0.01398,0.00172,0.0002179,0.0000284,0.000003808,0.0000005248,0.00000007429
01/11/2010,2296000000000,1958000000,103400000,7706000,612100,50590,4340,385.9,35.54,3.388,0.3341,0.03405,0.003584,0.0003894,0.00004364,0.000005042,0.0000006,0.00000007351,0.000000009268
01/12/2010,2112000000000,1903000000,94460000,6126000,415400,29250,2139,162.6,12.82,1.049,0.08902,0.007822,0.0007113,0.00006691,0.000006505,0.0000006531,0.00000006769,0.000000007236,7.974E-10
01/01/2011,1995000000000,2031000000,103000000,6583000,437400,30140,2159,160.6,12.41,0.9955,0.08278,0.007132,0.0006361,0.0000587,0.0000056,0.0000005519,0.00000005616,0.000000005896,6.382E-10
01/02/2011,2813000000000,1944000000,114700000,10450000,1039000,108000,11630,1295,148.9,17.66,2.161,0.2725,0.03539,0.00473,0.0006502,0.00009189,0.00001334,0.000001989,0.0000003044
01/03/2011,2532000000000,1853000000,116300000,10290000,968800,94760,9595,1005,108.8,12.16,1.403,0.1669,0.02048,0.002587,0.0003365,0.00004502,0.000006194,0.0000008756,0.0000001271
01/04/2011,2185000000000,1839000000,124400000,14030000,1771000,235000,32280,4571,666.3,99.87,15.39,2.435,0.3955,0.06592,0.01127,0.001974,0.0003541,0.00006505,0.00001223
01/05/2011,1988000000000,1784000000,122700000,13960000,1777000,237600,32890,4693,689.2,104.1,16.15,2.575,0.4213,0.0707,0.01217,0.002146,0.0003877,0.00007169,0.00001357
01/06/2011,1936000000000,1716000000,117800000,12820000,1542000,194200,25290,3398,470.2,66.97,9.81,1.477,0.2285,0.03628,0.005912,0.0009881,0.0001693,0.00002971,0.000005339
01/07/2011,1815000000000,1737000000,115300000,11400000,1219000,135800,15660,1863,228.8,28.96,3.777,0.5072,0.07008,0.009958,0.001454,0.0002181,0.00003358,0.000005305,0.0000008593
01/08/2011,1927000000000,1785000000,121000000,12680000,1458000,175000,21740,2785,367.9,50.04,7.005,1.009,0.1493,0.0227,0.003544,0.0005677,0.00009329,0.00001571,0.000002712
01/09/2011,2046000000000,1760000000,112700000,11630000,1326000,158200,19540,2490,327.1,44.24,6.161,0.8824,0.1299,0.01965,0.003053,0.0004867,0.00007958,0.00001334,0.000002291
01/10/2011,1910000000000,1745000000,123500000,16030000,2406000,382200,62880,10650,1852,330.3,60.41,11.32,2.173,0.4268,0.08578,0.01763,0.003703,0.0007946,0.0001741
01/11/2011,1953000000000,1650000000,118300000,16040000,2537000,426000,74070,13250,2432,457.6,88.2,17.41,3.516,0.7263,0.1534,0.03311,0.007298,0.001642,0.0003773
01/12/2011,2197000000000,1584000000,112800000,14720000,2216000,352800,58150,9862,1717,306.8,56.18,10.54,2.026,0.3985,0.08018,0.0165,0.00347,0.0007455,0.0001636
01/01/2012,2762000000000,1689000000,110600000,13160000,1804000,261500,39300,6083,968.2,158.3,26.57,4.574,0.8075,0.1461,0.02707,0.005135,0.0009967,0.0001979,0.00004016
01/02/2012,2370000000000,1750000000,119300000,13280000,1645000,213600,28690,3972,566.1,83,12.51,1.938,0.3082,0.05031,0.008424,0.001446,0.0002543,0.00004581,0.000008446
01/03/2012,2208000000000,1879000000,128200000,14180000,1743000,224500,29910,4110,581.5,84.65,12.67,1.948,0.3077,0.04988,0.008295,0.001414,0.0002471,0.00004422,0.000008102
01/04/2012,2263000000000,1787000000,117100000,12730000,1546000,196900,25950,3529,494.1,71.19,10.55,1.606,0.2512,0.04034,0.006644,0.001122,0.0001943,0.00003445,0.000006255
01/05/2012,2144000000000,1657000000,108800000,12050000,1497000,195300,26360,3669,525.7,77.49,11.74,1.828,0.2922,0.04793,0.008063,0.001391,0.0002458,0.00004447,0.000008238
01/06/2012,1904000000000,1550000000,105400000,12290000,1615000,223100,31890,4694,710.9,110.6,17.69,2.904,0.489,0.08446,0.01495,0.002711,0.0005032,0.00009561,0.00001858
01/07/2012,1687000000000,1608000000,116500000,14440000,2026000,298900,45610,7164,1157,191.7,32.62,5.693,1.019,0.1867,0.03504,0.006733,0.001323,0.000266,0.00005465
01/08/2012,1881000000000,1683000000,118300000,13980000,1860000,259800,37550,5591,856,134.7,21.77,3.612,0.6146,0.1072,0.01918,0.003512,0.0006585,0.0001263,0.00002479
01/09/2012,1993000000000,1785000000,121500000,13880000,1780000,239900,33440,4804,710.3,108,16.87,2.706,0.4456,0.07526,0.01303,0.002312,0.0004202,0.00007817,0.00001488
01/10/2012,1851000000000,1856000000,135000000,17550000,2623000,415200,68120,11500,1995,355.1,64.8,12.11,2.32,0.4547,0.09117,0.0187,0.003919,0.0008391,0.0001835
01/11/2012,2013000000000,1762000000,122000000,14580000,1971000,280500,41340,6274,979.3,157,25.86,4.37,0.7572,0.1345,0.02448,0.004562,0.0008702,0.0001698,0.00003388
01/12/2012,2315000000000,1658000000,111400000,12480000,1563000,205300,27910,3911,564,83.67,12.76,1.999,0.3214,0.05305,0.008979,0.001558,0.0002769,0.0000504,0.000009388
01/01/2013,2477000000000,1689000000,112100000,11800000,1370000,166200,20860,2701,360.4,49.51,7,1.018,0.1521,0.02335,0.00368,0.000595,0.00009866,0.00001677,0.00000292
01/02/2013,2423000000000,1779000000,116800000,11970000,1346000,158100,19210,2409,311.4,41.48,5.687,0.8024,0.1521,0.02335,0.00368,0.000595,0.00009866,0.00001677,0.00000292
01/03/2013,2092000000000,1917000000,136200000,15940000,2089000,287500,40940,6008,907,140.8,22.44,3.672,0.6167,0.1062,0.01874,0.003389,0.0006275,0.0001189,0.00002305
01/04/2013,2267000000000,1760000000,115600000,12780000,1585000,206400,27820,3866,553.2,81.42,12.32,1.915,0.3057,0.05007,0.008413,0.001449,0.0002557,0.00004622,0.00000855
01/05/2013,1854000000000,1742000000,130100000,17710000,2799000,469900,81810,14660,2696,508.2,98.17,19.41,3.929,0.8132,0.1721,0.03721,0.008218,0.001853,0.0004264
01/06/2013,1594000000000,1668000000,121800000,15240000,2160000,322300,49740,7903,1290,216.3,37.22,6.566,1.187,0.2199,0.04171,0.008097,0.001608,0.0003264,0.00006772
01/07/2013,1852000000000,1628000000,108800000,11490000,1337000,162500,20430,2649,354,48.72,6.898,1.005,0.1503,0.02311,0.003647,0.0005906,0.00009807,0.00001669,0.00000291
01/08/2013,1917000000000,1707000000,112500000,11630000,1322000,157000,19290,2446,319.6,43.02,5.96,0.8495,0.1245,0.01874,0.002897,0.0004597,0.00007483,0.00001249,0.000002135
01/09/2013,1938000000000,1827000000,121500000,13000000,1540000,191000,24520,3246,442.7,62.15,8.976,1.333,0.2033,0.03185,0.005122,0.0008448,0.0001428,0.00002475,0.000004392
01/10/2013,2114000000000,1741000000,111400000,11980000,1441000,181800,23740,3197,443.4,63.29,9.292,1.402,0.2173,0.03459,0.005648,0.0009458,0.0001624,0.00002855,0.000005141
01/11/2013,2180000000000,1646000000,113900000,14440000,2110000,326200,52220,8605,1457,253,45.08,8.233,1.54,0.2951,0.05786,0.0116,0.00238,0.0004987,0.0001068
01/12/2013,2114000000000,1548000000,108800000,14160000,2127000,337800,55500,9383,1629,290,52.94,9.903,1.897,0.372,0.07463,0.01531,0.003211,0.0006879,0.0001505
01/01/2014,2528000000000,1628000000,110700000,14620000,2273000,376000,64480,11380,2061,382.7,72.83,14.19,2.831,0.5776,0.1205,0.0257,0.005598,0.001245,0.0002827
01/02/2014,2722000000000,1654000000,110800000,14530000,2248000,370300,63240,11110,2005,370.9,70.32,13.65,2.713,0.5515,0.1146,0.02436,0.005288,0.001172,0.0002653
01/03/2014,2639000000000,1721000000,115300000,15360000,2434000,411600,72260,13050,2420,460,89.55,17.85,3.639,0.759,0.1618,0.03525,0.007841,0.001781,0.0004126
01/04/2014,2639000000000,1721000000,115300000,15360000,2434000,411600,72260,13050,2420,460,89.55,17.85,3.639,0.759,0.1618,0.03525,0.007841,0.001781,0.0004126
01/05/2014,2396000000000,1610000000,100500000,12000000,1668000,246100,37640,5932,960.9,159.9,27.3,4.78,0.858,0.1578,0.02972,0.005728,0.00113,0.0002277,0.00004694
01/06/2014,2281000000000,1541000000,93340000,10200000,1272000,167400,22810,3204,463.4,68.94,10.54,1.656,0.267,0.04418,0.007497,0.001304,0.0002324,0.0000424,0.000007917
01/07/2014,2227000000000,1611000000,105500000,12530000,1712000,247600,37110,5729,909.4,148.3,24.82,4.263,0.7507,0.1355,0.02504,0.004739,0.0009177,0.0001818,0.0000368
01/08/2014,2122000000000,1713000000,116300000,14680000,2157000,336500,54440,9069,1552,272.5,49.07,9.057,1.712,0.3314,0.06563,0.01329,0.002753,0.0005825,0.0001259
01/09/2014,2188000000000,1776000000,113500000,13350000,1813000,260800,38870,5970,942.9,153,25.48,4.355,0.7631,0.1371,0.02522,0.00475,0.0009156,0.0001805,0.00003639
01/10/2014,2268000000000,1736000000,115200000,15410000,2458000,419400,74340,13560,2540,487.4,95.82,19.28,3.969,0.8355,0.1798,0.03951,0.008869,0.002032,0.000475
01/11/2014,2440000000000,1614000000,100800000,12360000,1778000,271600,43030,7020,1177,202.4,35.73,6.463,1.198,0.2274,0.04419,0.008785,0.001786,0.000371,0.00007876
01/12/2014,2485000000000,1588000000,109100000,15460000,2631000,480100,90970,17730,3545,725.6,152,32.56,7.13,1.595,0.3644,0.08497,0.02022,0.004906,0.001214
01/01/2015,2237000000000,1563000000,109900000,13810000,1985000,300500,47070,7586,1256,213.5,37.24,6.659,1.22,0.229,0.044,0.00865,0.001739,0.0003575,0.00007508
01/02/2015,2506000000000,1804000000,126200000,16750000,2609000,432900,74550,13220,2405,448.8,85.8,16.8,3.366,0.6899,0.1446,0.03097,0.006776,0.001514,0.0003452
01/03/2015,2440000000000,1878000000,125400000,15410000,2198000,332700,52220,8444,1403,239.4,41.91,7.521,1.383,0.2605,0.05023,0.009908,0.001999,0.0004122,0.00008687
01/04/2015,2577000000000,1769000000,111600000,13150000,1797000,260800,39260,6091,971.8,159.2,26.79,4.622,0.8178,0.1483,0.02753,0.005234,0.001018,0.0002025,0.00004119
01/05/2015,2440000000000,1660000000,99700000,10800000,1335000,174300,23580,3291,472.9,69.9,10.62,1.658,0.2657,0.0437,0.007372,0.001275,0.0002258,0.00004097,0.000007608
01/06/2015,2228000000000,1608000000,97700000,10370000,1244000,157200,20580,2778,386.3,55.28,8.136,1.231,0.1912,0.03051,0.004993,0.0008382,0.0001442,0.00002542,0.000004587
01/07/2015,2236000000000,1663000000,101600000,10340000,1175000,140200,17320,2209,290.4,39.32,5.48,0.7856,0.1158,0.01753,0.002725,0.0004347,0.00007114,0.00001193,0.000002051
01/08/2015,2188000000000,1798000000,110700000,11190000,1261000,149000,18240,2305,300.3,40.3,5.568,0.7912,0.1156,0.01736,0.002676,0.0004235,0.00006874,0.00001144,0.000001951
01/09/2015,2413000000000,1869000000,106700000,9825000,998600,106300,11730,1339,157.6,19.15,2.398,0.3094,0.0411,0.005617,0.0007893,0.000114,0.00001691,0.000002575,0.0000004023
01/10/2015,2417000000000,1906000000,121100000,13820000,1814000,252500,36480,5437,833.8,131.4,21.28,3.536,0.6027,0.1053,0.01887,0.003461,0.0006499,0.0001249,0.00002454
01/11/2015,2569000000000,1823000000,114600000,12910000,1667000,228000,32350,4735,713.3,110.5,17.57,2.871,0.4811,0.0827,0.01457,0.00263,0.000486,0.00009192,0.00001779
01/12/2015,2590000000000,1783000000,112000000,12110000,1479000,190400,25400,3495,495.3,72.23,10.83,1.668,0.2639,0.04285,0.007137,0.001219,0.0002133,0.00003823,0.000007014
01/01/2016,2136000000000,1805000000,128800000,14650000,1844000,243000,33120,4653,672.8,100.1,15.3,2.402,0.3874,0.06408,0.01087,0.001891,0.0003369,0.00006145,0.00001147
01/02/2016,2851000000000,1889000000,116000000,11580000,1284000,149500,18030,2244,288.1,38.11,5.191,0.7274,0.1048,0.01553,0.002362,0.0003688,0.00005909,0.000009709,0.000001635
01/03/2016,2810000000000,1946000000,114200000,10800000,1130000,123900,14080,1654,200.4,25.05,3.226,0.4279,0.0584,0.008198,0.001183,0.0001753,0.00002669,0.000004168,0.0000006677
01/04/2016,2856000000000,1865000000,100800000,8630000,809900,79550,8103,854,93.03,10.47,1.215,0.1455,0.01795,0.002282,0.0002985,0.00004017,0.000005559,0.0000007903,0.0000001154
01/05/2016,2388000000000,1853000000,112000000,11270000,1269000,150200,18450,2339,305.8,41.19,5.71,0.8143,0.1194,0.01799,0.002782,0.0004417,0.00007193,0.00001201,0.000002055
01/06/2016,2403000000000,1755000000,101100000,9115000,899100,92750,9918,1097,125.2,14.76,1.794,0.2247,0.029,0.003851,0.0005261,0.0000739,0.00001066,0.000001581,0.0000002404
01/07/2016,2281000000000,1787000000,99680000,8188000,723600,66610,6358,628.2,64.21,6.784,0.7403,0.0834,0.009691,0.001161,0.0001432,0.0000182,0.000002379,0.0000003198,0.00000004418
01/08/2016,2404000000000,1849000000,97160000,7322000,589000,49320,4285,385.8,35.99,3.475,0.347,0.03581,0.003817,0.0004199,0.00004765,0.000005573,0.0000006714,0.00000008327,0.00000001063
01/09/2016,2152000000000,2035000000,126600000,12790000,1437000,169700,20780,2626,342.3,45.96,6.351,0.903,0.132,0.01982,0.003057,0.000484,0.0000786,0.00001309,0.000002233
01/10/2016,2384000000000,2000000000,115700000,10740000,1100000,118100,13160,1514,179.9,22.06,2.787,0.3626,0.04858,0.006696,0.0009488,0.0001382,0.00002066,0.000003171,0.0000004993
01/11/2016,2648000000000,1923000000,108600000,9677000,944600,96530,10230,1121,126.9,14.83,1.788,0.2222,0.02843,0.003746,0.0005078,0.00007078,0.00001014,0.000001491,0.0000002251
01/12/2016,3015000000000,1866000000,102500000,8430000,748500,69320,6658,662.1,68.1,7.24,0.795,0.0901,0.01053,0.001269,0.0001575,0.00002013,0.000002646,0.0000003577,0.00000004969
01/01/2017,2827000000000,1959000000,113100000,9563000,869200,82310,8080,820.7,86.21,9.357,1.049,0.1213,0.01446,0.001777,0.0002248,0.00002928,0.000003921,0.00000054,0.00000007639
01/02/2017,2673000000000,2091000000,125800000,11250000,1088000,109800,11490,1243,138.9,16.03,1.908,0.2341,0.0296,0.003852,0.000516,0.00007108,0.00001006,0.000001463,0.0000002185
01/03/2017,2566000000000,2132000000,129500000,12150000,1250000,134700,15040,1736,206.9,25.43,3.221,0.4203,0.05645,0.0078,0.001108,0.0001617,0.00002424,0.00000373,0.0000005888
01/04/2017,2624000000000,2029000000,118500000,10960000,1118000,119500,13260,1521,180,21.99,2.768,0.359,0.04793,0.006584,0.0009299,0.000135,0.00002012,0.000003078,0.0000004832
01/05/2017,2650000000000,1856000000,99930000,8202000,730100,67870,6545,653.4,67.47,7.201,0.7938,0.09031,0.0106,0.001282,0.0001596,0.00002047,0.000002701,0.0000003664,0.00000005107
01/06/2017,2421000000000,1804000000,99100000,8069000,707300,64620,6122,600.5,60.94,6.394,0.6929,0.07753,0.008949,0.001065,0.0001305,0.00001648,0.000002141,0.0000002859,0.00000003926
01/07/2017,2228000000000,1861000000,104700000,8475000,733100,66000,6159,595.2,59.52,6.154,0.6575,0.07253,0.008256,0.000969,0.0001172,0.0000146,0.000001871,0.0000002468,0.00000003345
01/08/2017,2367000000000,1879000000,100100000,7624000,619300,52330,4588,416.9,39.23,3.821,0.3848,0.04005,0.004305,0.0004775,0.00005462,0.000006439,0.0000007819,0.00000009774,0.00000001257
01/09/2017,2279000000000,2025000000,120000000,11120000,1131000,120500,13310,1519,179,21.76,2.727,0.3521,0.04679,0.006399,0.0008998,0.00013,0.0000193,0.000002941,0.0000004597
01/10/2017,2279000000000,2025000000,120000000,11120000,1131000,120500,13310,1519,179,21.76,2.727,0.3521,0.04679,0.006399,0.0008998,0.00013,0.0000193,0.000002941,0.0000004597
01/11/2017,2891000000000,1899000000,99180000,7798000,661300,58500,5370,510.6,50.26,5.116,0.5382,0.05848,0.006557,0.0007583,0.0000904,0.0000111,0.000001403,0.0000001824,0.00000002439
01/12/2017,2882000000000,1913000000,104700000,8437000,729300,65680,6135,593.5,59.4,6.148,0.6575,0.0726,0.008272,0.0009717,0.0001176,0.00001467,0.000001882,0.0000002483,0.00000003369
01/01/2018,2441000000000,1939000000,118100000,9580000,814300,71680,6536,617.3,60.33,6.1,0.6374,0.0688,0.007664,0.0008806,0.0001043,0.00001273,0.000001599,0.0000002066,0.00000002746
01/02/2018,3094000000000,2007000000,103600000,7335000,547400,42430,3413,284.9,24.66,2.211,0.2053,0.01972,0.001959,0.000201,0.00002129,0.000002327,0.0000002623,0.00000003046,0.000000003642
01/03/2018,3001000000000,2054000000,105500000,7618000,583200,46420,3835,328.7,29.19,2.686,0.2558,0.02519,0.002564,0.0002695,0.00002924,0.000003272,0.0000003773,0.00000004483,0.000000005483
01/04/2018,2891000000000,1987000000,100500000,7344000,573000,46560,3927,343.4,31.12,2.921,0.2836,0.02848,0.002954,0.0003164,0.00003496,0.000003984,0.0000004678,0.00000005658,0.000000007041
01/05/2018,2749000000000,1862000000,94330000,6967000,550100,45240,3861,341.7,31.33,2.975,0.2922,0.02966,0.003111,0.0003369,0.00003763,0.000004334,0.0000005142,0.00000006283,0.0000000079
01/06/2018,2200000000000,1899000000,112000000,9959000,960100,96660,10090,1089,121.4,13.97,1.66,0.2032,0.02564,0.003331,0.0004452,0.0000612,0.000008647,0.000001255,0.000000187
01/07/2018,2454000000000,1819000000,92900000,6493000,478100,36560,2902,239,20.42,1.808,0.1658,0.01573,0.001543,0.0001564,0.00001638,0.000001769,0.0000001971,0.00000002262,0.000000002675
01/08/2018,2393000000000,1940000000,99980000,7035000,521500,40140,3207,265.9,22.86,2.037,0.1879,0.01794,0.00177,0.0001805,0.00001901,0.000002065,0.0000002314,0.00000002671,0.000000003176
01/09/2018,2558000000000,2003000000,98940000,6772000,489200,36720,2863,231.6,19.45,1.692,0.1525,0.01423,0.001373,0.0001369,0.00001411,0.0000015,0.0000001645,0.00000001859,0.000000002165
01/10/2018,2596000000000,2027000000,104900000,7944000,644400,54460,4776,434.1,40.87,3.982,0.4012,0.04178,0.004492,0.0004985,0.00005704,0.000006728,0.0000008173,0.0000001022,0.00000001315
01/11/2018,2845000000000,1938000000,99560000,7505000,605500,50900,4439,401.4,37.59,3.644,0.3653,0.03784,0.004049,0.0004471,0.00005092,0.000005977,0.0000007227,0.00000008995,0.00000001152
01/12/2018,2912000000000,1917000000,102500000,7906000,650800,55760,4955,456.3,43.51,4.293,0.438,0.04616,0.005024,0.0005642,0.00006533,0.000007794,0.0000009577,0.0000001211,0.00000001575
01/01/2019,2554000000000,1918000000,110500000,8251000,640500,51460,4286,370.2,33.13,3.071,0.2946,0.02923,0.002996,0.0003172,0.00003466,0.000003905,0.0000004534,0.00000005423,0.000000006677
01/02/2019,2836000000000,2076000000,117500000,9499000,819500,73580,6848,660.1,65.84,6.791,0.7238,0.07965,0.009045,0.001059,0.0001278,0.00001588,0.000002031,0.0000002673,0.00000003615
01/03/2019,2689000000000,2127000000,120700000,10060000,903700,84610,8213,825.3,85.77,9.212,1.022,0.1169,0.0138,0.001679,0.0002104,0.00002714,0.000003601,0.0000004912,0.00000006885
01/04/2019,2818000000000,1989000000,103300000,7893000,647300,55330,4907,451.1,42.94,4.229,0.4307,0.04533,0.004925,0.0005521,0.00006383,0.000007603,0.0000009328,0.0000001178,0.0000000153
01/05/2019,2524000000000,1916000000,103400000,8329000,723700,65590,6167,600.4,60.49,6.301,0.678,0.07533,0.008635,0.001021,0.0001243,0.00001559,0.000002011,0.000000267,0.00000003642
01/06/2019,2536000000000,1810000000,93200000,6786000,524400,42130,3513,303.8,27.22,2.527,0.2427,0.02411,0.002474,0.0002623,0.00002869,0.000003236,0.0000003762,0.00000004505,0.000000005552
01/07/2019,2328000000000,1875000000,99530000,7259000,558400,44610,3697,317.8,28.31,2.612,0.2495,0.02464,0.002515,0.0002651,0.00002884,0.000003236,0.0000003742,0.00000004457,0.000000005466
01/08/2019,2364000000000,1963000000,101100000,7046000,516000,39230,3095,253.5,21.53,1.895,0.1728,0.0163,0.001591,0.0001604,0.0000167,0.000001795,0.0000001989,0.00000002272,0.000000002672
01/09/2019,2119000000000,2150000000,122900000,10250000,917300,85550,8273,828,85.72,9.172,1.013,0.1156,0.01359,0.001648,0.0002057,0.00002644,0.000003496,0.0000004753,0.0000000664
01/10/2019,2553000000000,2045000000,107000000,8211000,675400,57900,5149,474.6,45.3,4.474,0.4568,0.04819,0.00525,0.00059,0.00006837,0.000008165,0.000001004,0.0000001271,0.00000001654
01/11/2019,2905000000000,1927000000,98220000,7337000,586400,48820,4218,377.9,35.06,3.368,0.3346,0.03436,0.003645,0.0003991,0.00004507,0.000005246,0.0000006292,0.00000007768,0.000000009868
01/12/2019,2997000000000,1895000000,99510000,7514000,604500,50600,4394,395.6,36.89,3.56,0.3554,0.03666,0.003907,0.0004297,0.00004874,0.000005698,0.0000006863,0.0000000851,0.00000001086
01/01/2020,2613000000000,1899000000,107100000,7771000,585500,45660,3693,309.8,26.95,2.429,0.2266,0.02188,0.002183,0.0002251,0.00002395,0.00000263,0.0000002977,0.00000003473,0.000000004171
01/02/2020,3046000000000,2019000000,107900000,8050000,637000,52380,4469,395.3,36.23,3.437,0.3373,0.03423,0.003588,0.0003883,0.00004335,0.00000499,0.0000005917,0.00000007226,0.00000000908
01/03/2020,2983000000000,2053000000,106500000,7842000,613700,49960,4221,369.8,33.57,3.155,0.3069,0.03086,0.003206,0.0003439,0.00003806,0.000004343,0.0000005107,0.00000006185,0.000000007709
01/04/2020,2859000000000,1987000000,101700000,7584000,605100,50290,4337,387.9,35.93,3.446,0.3418,0.03504,0.003711,0.0004056,0.00004574,0.000005316,0.0000006366,0.00000007848,0.000000009955
01/05/2020,2677000000000,1879000000,97010000,7333000,593700,50070,4383,397.6,37.36,3.634,0.3654,0.03798,0.004077,0.0004516,0.00005159,0.000006074,0.0000007366,0.00000009195,0.00000001181
01/06/2020,2461000000000,1831000000,97370000,7411000,600900,50690,4436,402.4,37.8,3.676,0.3696,0.0384,0.004121,0.0004564,0.00005212,0.000006136,0.0000007439,0.00000009285,0.00000001192
01/07/2020,2392000000000,1844000000,95980000,6855000,516200,40370,3277,275.9,24.08,2.178,0.204,0.01975,0.001978,0.0002046,0.00002185,0.000002406,0.0000002733,0.00000003197,0.000000003852
01/08/2020,2465000000000,1924000000,97840000,6787000,495700,37600,2961,242,20.51,1.802,0.164,0.01545,0.001504,0.0001514,0.00001574,0.000001688,0.0000001868,0.00000002129,0.000000002501
01/09/2020,2299000000000,2071000000,113300000,8998000,765600,67840,6234,593.4,58.46,5.957,0.6273,0.06822,0.007657,0.0008863,0.0001057,0.000013,0.000001644,0.000000214,0.00000002863
01/10/2020,2540000000000,2010000000,109000000,8880000,786000,72700,6960,691,71,7.53,0.826,0.0934,0.0109,0.00131,0.000162,0.0000207,0.00000272,0.000000367,0.0000000509
01/11/2020,2700000000000,1910000000,106000000,9290000,887000,88700,9190,986,109,12.5,1.47,0.179,0.0225,0.00291,0.000386,0.0000528,0.00000741,0.00000107,0.000000159
01/12/2020,3010000000000,1840000000,108000000,10200000,1060000,116000,13100,1530,185,23,2.95,0.389,0.0529,0.0074,0.00106,0.000157,0.0000238,0.0000037,0.00000059
01/01/2021,3050000000000,1880000000,104000000,8520000,748000,68500,6500,638,64.8,6.81,0.739,0.0827,0.00956,0.00114,0.00014,0.0000177,0.0000023,0.000000307,0.0000000422
01/02/2021,3040000000000,1990000000,107000000,8090000,653000,54900,4780,432,40.4,3.91,0.391,0.0405,0.00432,0.000477,0.0000543,0.00000636,0.000000768,0.0000000955,0.0000000122
01/03/2021,2660000000000,2120000000,124000000,11000000,1050000,105000,10900,1160,129,14.7,1.74,0.212,0.0265,0.00342,0.000455,0.0000621,0.00000872,0.00000126,0.000000186
01/04/2021,2790000000000,1990000000,106000000,8380000,719000,64300,5970,574,57.2,5.88,0.625,0.0687,0.00778,0.000909,0.00011,0.0000136,0.00000173,0.000000228,0.0000000307
01/05/2021,2660000000000,1860000000,98400000,7810000,669000,59800,5550,533,53,5.45,0.579,0.0635,0.00719,0.00084,0.000101,0.0000125,0.0000016,0.000000209,0.0000000282
01/06/2021,2570000000000,1760000000,95000000,7630000,659000,59400,5560,538,53.9,5.58,0.598,0.066,0.00753,0.000885,0.000107,0.0000134,0.00000172,0.000000227,0.0000000308
01/07/2021,2340000000000,1820000000,107000000,9340000,887000,87900,9030,960,106,12,1.4,0.169,0.021,0.00269,0.000355,0.0000481,0.0000067,0.00000096,0.000000141
01/08/2021,2400000000000,1870000000,100000000,7660000,627000,53500,4720,433,41,4.03,0.409,0.0429,0.00464,0.000519,0.0000597,0.00000709,0.000000867,0.000000109,0.0000000141
01/09/2021,2490000000000,1950000000,107000000,8800000,787000,73500,7110,713,73.9,7.91,0.875,0.0999,0.0118,0.00143,0.000178,0.0000229,0.00000304,0.000000413,0.0000000578
01/10/2021,2450000000000,1980000000,116000000,11200000,1210000,137000,16000,1940,242,31.1,4.13,0.563,0.0791,0.0114,0.00169,0.000258,0.0000403,0.00000646,0.00000106
01/11/2021,2670000000000,1910000000,114000000,11300000,1250000,145000,17600,2190,282,37.4,5.12,0.719,0.104,0.0154,0.00235,0.000369,0.0000592,0.00000976,0.00000165
01/12/2021,2590000000000,1860000000,116000000,12000000,1380000,167000,21000,2720,364,50,7.08,1.03,0.154,0.0237,0.00374,0.000605,0.000101,0.0000171,0.00000298
01/01/2022,2730000000000,1840000000,117000000,12300000,1440000,178000,22800,3000,408,57,8.2,1.21,0.185,0.0288,0.00462,0.000759,0.000128,0.0000221,0.00000391
01/02/2022,2860000000000,1870000000,121000000,13300000,1670000,220000,30100,4250,618,92.3,14.2,2.24,0.362,0.0602,0.0103,0.00179,0.000321,0.0000587,0.000011
01/03/2022,2750000000000,1870000000,113000000,11600000,1330000,161000,20100,2600,347,47.6,6.71,0.975,0.146,0.0223,0.00351,0.000567,0.0000938,0.0000159,0.00000277
01/04/2022,2490000000000,1900000000,135000000,19000000,3200000,580000,110000,21400,4290,879,185,39.6,8.69,1.95,0.446,0.104,0.0248,0.00603,0.0015
