Date,"Ar, cm-3 (100 km)","Ar, cm-3 (150 km)","Ar, cm-3 (200 km)","Ar, cm-3 (250 km)","Ar, cm-3 (300 km)","Ar, cm-3 (350 km)","Ar, cm-3 (400 km)","Ar, cm-3 (450 km)","Ar, cm-3 (500 km)","Ar, cm-3 (550 km)","Ar, cm-3 (600 km)","Ar, cm-3 (650 km)","Ar, cm-3 (700 km)","Ar, cm-3 (750 km)","Ar, cm-3 (800 km)","Ar, cm-3 (850 km)","Ar, cm-3 (900 km)","Ar, cm-3 (950 km)","Ar, cm-3 (1000 km)"
01/01/1996,132400000000,42750000,1026000,40050,1762,82.25,4.029,0.2064,0.01105,0.0006168,0.0000359,0.000002177,0.0000001373,0.000000009011,6.142E-10,4.345E-11,3.189E-12,2.426E-13,1.912E-14
01/02/1996,129700000000,43700000,1049000,41180,1823,85.65,4.223,0.2178,0.01173,0.0006592,0.00003862,0.000002356,0.0000001496,0.000000009871,6.768E-10,4.817E-11,3.556E-12,2.72E-13,2.155E-14
01/03/1996,130900000000,41810000,927300,33560,1368,59.22,2.692,0.1281,0.006376,0.0003315,0.00001798,0.000001017,0.00000005992,0.000000003675,2.343E-10,1.553E-11,1.068E-12,7.622E-14,5.639E-15
01/04/1996,120400000000,42690000,980500,38270,1703,80.64,4.01,0.2085,0.01132,0.0006417,0.0000379,0.00000233,0.0000001491,0.000000009918,6.853E-10,4.914E-11,3.655E-12,2.817E-13,2.248E-14
01/05/1996,115200000000,39870000,905100,34570,1500,69.2,3.353,0.1699,0.009,0.0004974,0.00002866,0.00000172,0.0000001075,0.000000006983,4.714E-10,3.304E-11,2.402E-12,1.811E-13,1.414E-14
01/06/1996,109400000000,37460000,847400,30950,1269,55.18,2.519,0.1204,0.006019,0.0003142,0.00001712,0.000000972,0.0000000575,0.00000000354,2.266E-10,1.507E-11,1.041E-12,7.455E-14,5.536E-15
01/07/1996,101500000000,38440000,901000,33470,1389,61.09,2.819,0.1362,0.006879,0.0003628,0.00001996,0.000001145,0.00000006841,0.000000004253,2.749E-10,1.845E-11,1.286E-12,9.298E-14,6.967E-15
01/08/1996,98090000000,41850000,1044000,42650,1968,96.38,4.95,0.2658,0.01489,0.0008704,0.00005299,0.000003358,0.0000002213,0.00000001515,0.000000001078,7.949E-11,6.079E-12,4.816E-13,3.95E-14
01/09/1996,108900000000,41600000,941900,35010,1467,65.3,3.051,0.1492,0.007628,0.0004072,0.00002267,0.000001316,0.00000007951,0.000000004999,3.267E-10,2.218E-11,1.563E-12,1.142E-13,8.645E-15
01/10/1996,118000000000,42670000,930800,33910,1399,61.37,2.828,0.1364,0.006881,0.0003625,0.00001992,0.000001141,0.00000006809,0.000000004228,2.729E-10,1.83E-11,1.274E-12,9.201E-14,6.887E-15
01/11/1996,128500000000,42380000,955100,36230,1560,71.47,3.437,0.173,0.009094,0.000499,0.00002856,0.000001702,0.0000001056,0.000000006818,4.572E-10,3.184E-11,2.3E-12,1.723E-13,1.337E-14
01/12/1996,133400000000,42600000,1074000,46630,2321,123.1,6.848,0.3979,0.0241,0.001521,0.00009987,0.000006819,0.0000004837,0.00000003561,0.00000000272,2.153E-10,1.765E-11,1.498E-12,1.314E-13
01/01/1997,132700000000,42730000,1038000,40860,1807,84.77,4.172,0.2147,0.01154,0.0006472,0.00003784,0.000002304,0.000000146,0.000000009616,6.581E-10,4.675E-11,3.444E-12,2.631E-13,2.081E-14
01/02/1997,132600000000,42430000,988200,36900,1544,68.53,3.192,0.1556,0.00793,0.0004219,0.00002342,0.000001355,0.00000008164,0.000000005117,3.335E-10,2.257E-11,1.586E-12,1.155E-13,8.725E-15
01/03/1997,122300000000,45810000,1125000,46520,2188,109.5,5.749,0.3154,0.01806,0.001078,0.00006698,0.000004332,0.0000002913,0.00000002035,0.000000001476,1.11E-10,8.651E-12,6.984E-13,5.834E-14
01/04/1997,118700000000,43810000,1062000,44580,2147,110.2,5.939,0.3344,0.01964,0.001202,0.00007657,0.000005075,0.0000003496,0.00000002501,0.000000001856,1.429E-10,1.139E-11,9.405E-13,8.033E-14
01/05/1997,101300000000,46320000,1233000,58180,3182,185.9,11.39,0.7286,0.04851,0.00336,0.0002419,0.00001808,0.000001402,0.0000001127,0.000000009391,8.097E-10,7.223E-11,6.66E-12,6.344E-13
01/06/1997,106900000000,38750000,930400,36990,1663,79.41,3.978,0.2084,0.0114,0.0006505,0.00003869,0.000002395,0.0000001543,0.00000001033,7.186E-10,5.187E-11,3.882E-12,3.011E-13,2.418E-14
01/07/1997,104400000000,37320000,861600,31240,1261,53.94,2.421,0.1138,0.005595,0.0002873,0.0000154,0.0000008609,0.00000005013,0.000000003039,1.916E-10,1.255E-11,8.541E-13,6.029E-14,4.413E-15
01/08/1997,102500000000,39780000,952300,36020,1519,67.82,3.177,0.1558,0.00798,0.0004269,0.00002382,0.000001385,0.0000000839,0.000000005286,3.462E-10,2.355E-11,1.662E-12,1.217E-13,9.235E-15
01/09/1997,110300000000,42040000,1122000,51970,2762,156.3,9.272,0.5738,0.037,0.002483,0.0001732,0.00001255,0.0000009443,0.00000007368,0.000000005958,4.99E-10,4.325E-11,3.876E-12,3.59E-13
01/10/1997,96790000000,55380000,1719000,99320,6770,495.4,38,3.034,0.2515,0.02162,0.001925,0.0001775,0.00001693,0.000001669,0.00000017,0.00000001788,0.000000001939,2.168E-10,2.498E-11
01/11/1997,120900000000,47440000,1375000,72700,4486,296.2,20.49,1.476,0.1106,0.008606,0.0006947,0.00005814,0.00000504,0.0000004523,0.00000004198,0.000000004028,3.991E-10,4.083E-11,4.309E-12
01/12/1997,131300000000,45060000,1385000,78310,5194,369,27.46,2.128,0.1712,0.01429,0.001237,0.0001108,0.00001028,0.000000986,0.00000009772,0.00000001,0.000000001057,1.151E-10,1.292E-11
01/01/1998,133000000000,44210000,1339000,71510,4411,290.1,19.97,1.432,0.1068,0.008267,0.0006641,0.00005531,0.000004772,0.0000004262,0.00000003938,0.000000003761,3.711E-10,3.779E-11,3.97E-12
01/02/1998,127800000000,46010000,1354000,68580,3977,245.3,15.84,1.066,0.07463,0.005432,0.0004105,0.0000322,0.000002618,0.0000002206,0.00000001924,0.000000001736,1.619E-10,1.561E-11,1.553E-12
01/03/1998,120000000000,48970000,1552000,88390,5852,413.7,30.6,2.356,0.1883,0.01562,0.001343,0.0001196,0.00001103,0.000001051,0.0000001036,0.00000001054,0.000000001107,1.199E-10,1.338E-11
01/04/1998,127500000000,42900000,1336000,76800,5163,371.3,27.95,2.189,0.178,0.01502,0.001313,0.0001189,0.00001114,0.000001079,0.000000108,0.00000001116,0.00000000119,1.308E-10,1.483E-11
01/05/1998,111900000000,44210000,1456000,89150,6406,492.8,39.68,3.322,0.2885,0.02597,0.00242,0.0002333,0.00002325,0.000002395,0.0000002545,0.00000002792,0.000000003157,3.678E-10,4.412E-11
01/06/1998,108700000000,40100000,1263000,70140,4485,305.3,21.73,1.61,0.1239,0.009905,0.0008209,0.00007051,0.000006271,0.0000005771,0.00000005491,0.000000005399,5.482E-10,5.743E-11,6.205E-12
01/07/1998,102500000000,40910000,1441000,91700,6789,536.4,44.29,3.801,0.3382,0.03118,0.002974,0.0002935,0.00002993,0.000003152,0.0000003426,0.0000000384,0.000000004437,5.281E-10,6.47E-11
01/08/1998,92570000000,47800000,1847000,128900,10480,907.8,82.14,7.713,0.7502,0.07548,0.007851,0.0008435,0.00009354,0.0000107,0.000001262,0.0000001533,0.00000001917,0.000000002468,3.266E-10
01/09/1998,99100000000,52030000,2209000,186300,19040,2108,244.5,29.41,3.654,0.4681,0.06179,0.008397,0.001174,0.0001687,0.00002492,0.00000378,0.0000005886,0.000000094,0.00000001539
01/10/1998,102800000000,55110000,2159000,163000,14680,1421,143.9,15.12,1.644,0.1846,0.02139,0.002556,0.0003149,0.00003996,0.000005219,0.0000007012,0.00000009687,0.00000001375,0.000000002004
01/11/1998,126200000000,47510000,1723000,117900,9503,820.6,74.07,6.943,0.6742,0.06772,0.007033,0.0007544,0.00008354,0.000009542,0.000001124,0.0000001363,0.00000001702,0.000000002188,2.892E-10
01/12/1998,122900000000,52380000,2228000,187300,19040,2094,241.2,28.8,3.552,0.452,0.05924,0.007995,0.00111,0.0001585,0.00002326,0.000003505,0.0000005422,0.00000008606,0.00000001401
01/01/1999,130200000000,49170000,2135000,179500,18090,1964,223.1,26.25,3.192,0.4002,0.05172,0.006882,0.0009425,0.0001327,0.00001922,0.000002858,0.0000004363,0.00000006836,0.00000001098
01/02/1999,138400000000,43800000,1595000,102100,7500,584.9,47.59,4.023,0.3527,0.03204,0.003012,0.000293,0.00002945,0.000003059,0.0000003279,0.00000003626,0.000000004134,4.856E-10,5.872E-11
01/03/1999,138400000000,43800000,1595000,102100,7500,584.9,47.59,4.023,0.3527,0.03204,0.003012,0.000293,0.00002945,0.000003059,0.0000003279,0.00000003626,0.000000004134,4.856E-10,5.872E-11
01/04/1999,116800000000,48280000,1731000,114700,8892,736.2,63.69,5.723,0.5329,0.05137,0.005122,0.0005279,0.00005619,0.000006173,0.0000006996,0.00000008171,0.000000009831,0.000000001218,1.552E-10
01/05/1999,103700000000,49660000,2008000,156300,14500,1446,150.8,16.3,1.822,0.2104,0.02506,0.003077,0.0003893,0.0000507,0.000006796,0.0000009367,0.0000001327,0.00000001931,0.000000002884
01/06/1999,106300000000,44510000,2000000,174000,18080,2020,235.8,28.5,3.557,0.4577,0.06067,0.008278,0.001162,0.0001677,0.00002486,0.000003785,0.0000005916,0.00000009483,0.00000001559
01/07/1999,101500000000,45230000,2248000,217700,25300,3166,413.9,55.97,7.804,1.12,0.1653,0.02509,0.00391,0.0006255,0.0001027,0.00001729,0.000002982,0.0000005272,0.0000000954
01/08/1999,100100000000,47450000,2329000,221100,25100,3065,390.7,51.53,7.008,0.9815,0.1414,0.02095,0.003189,0.0004986,0.00008,0.00001317,0.000002222,0.0000003842,0.00000006804
01/09/1999,97770000000,54060000,2565000,240000,27070,3297,419.9,55.35,7.527,1.054,0.1519,0.0225,0.003425,0.0005354,0.00008591,0.00001414,0.000002386,0.0000004125,0.00000007306
01/10/1999,111100000000,52060000,2192000,173000,16000,1580,162.8,17.37,1.917,0.2185,0.02569,0.003115,0.0003892,0.00005008,0.000006632,0.0000009032,0.0000001265,0.00000001819,0.000000002686
01/11/1999,118400000000,54220000,2504000,227400,24780,2908,356.4,45.23,5.922,0.799,0.111,0.01585,0.002328,0.0003514,0.00005445,0.00000866,0.000001413,0.0000002363,0.00000004049
01/12/1999,128600000000,50870000,2395000,216300,23190,2665,319.5,39.64,5.075,0.6697,0.09099,0.01272,0.001829,0.0002703,0.00004102,0.000006392,0.000001022,0.0000001675,0.00000002816
01/01/2000,114100000000,57740000,2727000,239300,24700,2725,313.5,37.33,4.589,0.5816,0.07595,0.01021,0.001413,0.000201,0.00002938,0.000004412,0.0000006802,0.0000001076,0.00000001745
01/02/2000,126700000000,50970000,2316000,192200,18580,1912,204.9,22.74,2.608,0.3086,0.03767,0.004738,0.0006138,0.00008185,0.00001123,0.000001583,0.0000002293,0.00000003412,0.000000005209
01/03/2000,116500000000,57580000,3054000,324000,41760,5822,848.9,128,19.87,3.171,0.5198,0.08744,0.01509,0.002669,0.0004836,0.00008976,0.00001705,0.000003314,0.0000006585
01/04/2000,115700000000,54510000,2893000,310700,40600,5743,849.4,129.9,20.45,3.309,0.5499,0.09377,0.0164,0.002938,0.0005394,0.0001014,0.0000195,0.000003838,0.000000772
01/05/2000,105800000000,51900000,2653000,263800,31290,3984,528.9,72.58,10.27,1.494,0.2237,0.0344,0.005434,0.0008809,0.0001465,0.00002498,0.000004365,0.0000007813,0.0000001431
01/06/2000,102800000000,46940000,2340000,217800,23760,2765,334.9,41.94,5.418,0.7212,0.09884,0.01394,0.002021,0.000301,0.00004607,0.000007236,0.000001166,0.0000001927,0.00000003262
01/07/2000,99510000000,45940000,2337000,217300,23500,2702,323.1,39.95,5.095,0.6696,0.09062,0.01262,0.001808,0.0002661,0.00004024,0.000006247,0.0000009951,0.0000001626,0.00000002722
01/08/2000,96580000000,48720000,2360000,208600,21440,2344,266.7,31.4,3.816,0.4783,0.06177,0.008215,0.001124,0.0001582,0.00002289,0.000003402,0.0000005192,0.00000008129,0.00000001305
01/09/2000,99320000000,53710000,2621000,244200,26960,3186,392.7,50.06,6.583,0.8918,0.1243,0.01783,0.002629,0.0003983,0.00006195,0.000009889,0.000001619,0.0000002718,0.00000004673
01/10/2000,109100000000,55640000,2708000,265200,31500,4047,543.8,75.62,10.84,1.599,0.2426,0.03781,0.006051,0.0009937,0.0001674,0.0000289,0.000005112,0.0000009261,0.0000001717
01/11/2000,121500000000,53920000,2637000,258600,30690,3935,527.6,73.2,10.47,1.541,0.2331,0.03625,0.005787,0.0009481,0.0001593,0.00002745,0.000004845,0.0000008757,0.000000162
01/12/2000,128100000000,51860000,2538000,244900,28450,3564,466.5,63.17,8.821,1.268,0.1875,0.02849,0.004446,0.0007124,0.0001171,0.00001974,0.000003411,0.0000006037,0.0000001094
01/01/2001,134300000000,47990000,2224000,194800,20150,2231,257.7,30.8,3.801,0.4837,0.06341,0.008558,0.001188,0.0001697,0.0000249,0.000003753,0.0000005806,0.00000009215,0.000000015
01/02/2001,127300000000,50480000,2252000,188800,18690,1980,218.8,25.05,2.963,0.3615,0.04547,0.005892,0.0007859,0.0001078,0.00001522,0.000002207,0.0000003287,0.00000005025,0.00000000788
01/03/2001,127600000000,49160000,2090000,163700,14940,1453,147.3,15.47,1.681,0.1886,0.02185,0.002609,0.0003212,0.00004073,0.000005316,0.0000007138,0.00000009854,0.00000001398,0.000000002036
01/04/2001,105600000000,59520000,3091000,333900,44720,6546,1006,160.2,26.26,4.424,0.7651,0.1357,0.02467,0.004593,0.0008756,0.0001708,0.00003409,0.000006955,0.00000145
01/05/2001,117800000000,46440000,2196000,206400,23350,2848,363,47.88,6.513,0.9124,0.1315,0.01949,0.002967,0.000464,0.00007447,0.00001226,0.000002069,0.0000003579,0.0000000634
01/06/2001,102600000000,45670000,2020000,166500,16090,1661,178.8,19.93,2.296,0.2729,0.03345,0.004226,0.0005498,0.00007362,0.00001014,0.000001436,0.0000002088,0.00000003119,0.000000004781
01/07/2001,99890000000,43910000,1904000,151200,14010,1384,142.6,15.22,1.68,0.1914,0.0225,0.002728,0.0003408,0.00004385,0.000005806,0.0000007907,0.0000001107,0.00000001592,0.000000002351
01/08/2001,98200000000,46510000,1998000,150500,12990,1187,112.9,11.14,1.137,0.1199,0.01307,0.00147,0.0001706,0.00002041,0.000002515,0.0000003191,0.00000004166,0.000000005593,7.718E-10
01/09/2001,109000000000,49310000,2448000,233400,26370,3192,402.6,52.51,7.062,0.9782,0.1394,0.02043,0.003077,0.000476,0.00007559,0.00001231,0.000002057,0.0000003522,0.00000006176
01/10/2001,95190000000,67430000,4067000,492600,72430,11510,1911,327.5,57.69,10.43,1.933,0.3669,0.07133,0.01419,0.002888,0.0006009,0.0001278,0.00002775,0.000006155
01/11/2001,109000000000,63650000,3750000,439700,62230,9496,1512,248.4,41.98,7.284,1.296,0.2365,0.0442,0.008459,0.001657,0.000332,0.00006802,0.00001424,0.000003046
01/12/2001,126000000000,55620000,3244000,367400,49600,7183,1083,168.6,26.99,4.44,0.7496,0.1298,0.02305,0.004195,0.0007818,0.0001491,0.00002911,0.000005811,0.000001186
01/01/2002,127300000000,55090000,3276000,377300,51900,7666,1180,187.3,30.59,5.131,0.8832,0.1559,0.02821,0.005229,0.0009925,0.0001928,0.0000383,0.000007781,0.000001615
01/02/2002,122300000000,57300000,3368000,386000,53030,7836,1207,192,31.41,5.277,0.91,0.1609,0.02916,0.005415,0.001029,0.0002003,0.00003985,0.000008108,0.000001686
01/03/2002,123200000000,54510000,2927000,305300,38000,5078,707.4,101.8,15.09,2.3,0.3603,0.05796,0.00957,0.001621,0.0002814,0.00005006,0.000009121,0.000001701,0.0000003247
01/04/2002,112200000000,55680000,2907000,305100,38830,5343,768.6,114.3,17.51,2.759,0.4463,0.07413,0.01263,0.002206,0.0003949,0.00007241,0.00001359,0.00000261,0.0000005127
01/05/2002,116700000000,46420000,2154000,190700,19920,2226,259.2,31.24,3.885,0.4983,0.06582,0.00895,0.001252,0.0001801,0.00002662,0.000004041,0.0000006295,0.0000001006,0.00000001649
01/06/2002,109100000000,44010000,2058000,187700,20480,2405,294.8,37.42,4.9,0.6611,0.09181,0.01312,0.001927,0.0002908,0.00004506,0.000007166,0.000001169,0.0000001955,0.0000000335
01/07/2002,95250000000,46840000,2216000,194200,19940,2185,249.6,29.5,3.6,0.453,0.05874,0.007842,0.001077,0.0001522,0.00002211,0.000003298,0.000000505,0.00000007936,0.00000001279
01/08/2002,90990000000,52950000,2830000,294800,36910,4979,701.3,102.1,15.31,2.362,0.3743,0.0609,0.01017,0.001741,0.0003056,0.00005496,0.00001012,0.000001908,0.0000003678
01/09/2002,102300000000,52480000,2631000,253800,29100,3577,458.5,60.77,8.303,1.168,0.1691,0.02516,0.003846,0.0006038,0.00009729,0.00001608,0.000002724,0.0000004729,0.00000008409
01/10/2002,90660000000,65830000,3287000,317800,36700,4554,589.6,78.95,10.9,1.549,0.2265,0.03404,0.005255,0.000833,0.0001355,0.0000226,0.000003865,0.0000006772,0.0000001215
01/11/2002,121800000000,52510000,2398000,217100,23670,2782,342,43.52,5.714,0.7731,0.1077,0.01543,0.002272,0.0003438,0.00005342,0.000008518,0.000001393,0.0000002336,0.00000004013
01/12/2002,117400000000,56030000,2601000,232600,24830,2849,341.4,42.35,5.422,0.7154,0.0972,0.01359,0.001954,0.0002887,0.00004383,0.00000683,0.000001092,0.000000179,0.00000003008
01/01/2003,128100000000,48900000,1960000,141200,11790,1048,97.13,9.34,0.9298,0.09573,0.01019,0.001119,0.0001268,0.00001483,0.000001786,0.0000002217,0.00000002831,0.000000003718,5.022E-10
01/02/2003,122300000000,51290000,2040000,148900,12710,1160,110.5,10.92,1.117,0.1181,0.01289,0.001454,0.0001691,0.00002027,0.000002503,0.0000003183,0.00000004164,0.000000005602,7.745E-10
01/03/2003,120600000000,50650000,1922000,137400,11610,1053,99.84,9.824,1.001,0.1054,0.01147,0.001288,0.0001492,0.00001783,0.000002194,0.0000002779,0.00000003623,0.000000004858,6.693E-10
01/04/2003,113400000000,51100000,2030000,162200,15780,1666,184.5,21.2,2.519,0.3088,0.03902,0.00508,0.0006809,0.00009388,0.00001331,0.000001939,0.00000029,0.00000004453,0.000000007015
01/05/2003,97270000000,53070000,2213000,186200,19150,2141,251.2,30.58,3.846,0.4988,0.06664,0.009164,0.001296,0.0001885,0.00002816,0.000004319,0.0000006799,0.0000001098,0.00000001817
01/06/2003,95970000000,46970000,1834000,133500,11440,1050,100.8,10.03,1.033,0.11,0.0121,0.001374,0.0001609,0.00001942,0.000002414,0.000000309,0.00000004069,0.000000005509,7.666E-10
01/07/2003,100200000000,42680000,1654000,117400,9734,862.1,79.73,7.652,0.7604,0.07816,0.008301,0.0009105,0.000103,0.00001203,0.000001447,0.0000001792,0.00000002285,0.000000002997,4.042E-10
01/08/2003,87320000000,50200000,1909000,130100,10300,869.6,76.65,7.015,0.6651,0.06526,0.006622,0.0006943,0.00007517,0.000008398,0.0000009674,0.0000001149,0.00000001404,0.000000001767,2.288E-10
01/09/2003,101600000000,48220000,1690000,108300,8106,647.9,54.14,4.701,0.4232,0.03947,0.003808,0.00038,0.00003918,0.000004171,0.0000004582,0.00000005191,0.000000006061,7.287E-10,9.019E-11
01/10/2003,111200000000,50590000,1910000,139600,12180,1144,112.4,11.46,1.209,0.1319,0.01485,0.001725,0.0002067,0.00002551,0.000003243,0.0000004242,0.00000005708,0.000000007894,0.000000001122
01/11/2003,111000000000,59720000,2742000,265500,32210,4293,603,87.89,13.22,2.045,0.3253,0.05312,0.008902,0.00153,0.0002695,0.00004864,0.000008989,0.0000017,0.0000003289
01/12/2003,124100000000,51480000,2146000,174700,17100,1805,199.5,22.86,2.706,0.3307,0.04165,0.005404,0.0007218,0.00009919,0.00001402,0.000002035,0.0000003035,0.00000004645,0.000000007295
01/01/2004,99160000000,45360000,1871000,132100,10700,921,82.63,7.692,0.7417,0.07398,0.00763,0.0008129,0.00008941,0.00001014,0.000001187,0.000000143,0.00000001775,0.000000002267,2.977E-10
01/02/2004,126200000000,47580000,1555000,88840,5840,408.5,29.87,2.272,0.1796,0.01473,0.001252,0.0001102,0.00001005,0.0000009477,0.00000009237,0.0000000093,9.665E-10,1.036E-10,1.145E-11
01/03/2004,117100000000,50920000,1744000,111100,8356,673.8,56.87,4.989,0.4538,0.04275,0.004168,0.00042,0.00004374,0.000004702,0.0000005215,0.00000005964,0.000000007028,8.529E-10,1.065E-10
01/04/2004,126300000000,43400000,1377000,82710,5873,447.6,35.75,2.969,0.256,0.02287,0.002116,0.0002025,0.00002004,0.00000205,0.0000002164,0.00000002357,0.000000002647,3.064E-10,3.652E-11
01/05/2004,111200000000,43630000,1337000,74340,4805,331.7,23.96,1.803,0.1409,0.01143,0.0009609,0.00008372,0.000007553,0.0000007049,0.000000068,0.000000006778,6.975E-10,7.404E-11,8.105E-12
01/06/2004,98980000000,43830000,1426000,83690,5715,416.9,31.82,2.527,0.2083,0.01781,0.001577,0.0001447,0.00001372,0.000001346,0.0000001364,0.00000001427,0.00000000154,1.713E-10,1.964E-11
01/07/2004,99210000000,41310000,1294000,67980,4046,255.3,16.83,1.156,0.08261,0.006133,0.0004727,0.00003779,0.000003132,0.0000002689,0.00000002389,0.000000002195,2.085E-10,2.045E-11,2.071E-12
01/08/2004,100400000000,42760000,1354000,72230,4367,279.7,18.73,1.306,0.09467,0.007131,0.0005575,0.00004521,0.000003799,0.0000003306,0.00000002978,0.000000002773,2.668E-10,2.652E-11,2.719E-12
01/09/2004,106900000000,44760000,1360000,71680,4320,276.6,18.52,1.292,0.09372,0.007063,0.0005525,0.00004482,0.000003768,0.0000003281,0.00000002956,0.000000002754,2.652E-10,2.636E-11,2.705E-12
01/10/2004,119300000000,44590000,1302000,67530,4031,256.2,17.04,1.181,0.08513,0.006375,0.0004956,0.00003997,0.00000334,0.0000002891,0.0000000259,0.000000002399,2.297E-10,2.271E-11,2.317E-12
01/11/2004,125000000000,47500000,1603000,106000,8415,721.9,64.96,6.076,0.5891,0.05909,0.006128,0.0006565,0.0000726,0.000008282,0.000000974,0.000000118,0.00000001472,0.00000000189,2.494E-10
01/12/2004,123000000000,49550000,1684000,106800,7996,642.3,54.01,4.722,0.4281,0.04019,0.003905,0.0003922,0.00004071,0.000004362,0.0000004823,0.00000005499,0.00000000646,7.816E-10,9.733E-11
01/01/2005,102200000000,42780000,1553000,94200,6508,477.1,36.51,2.906,0.24,0.02055,0.001824,0.0001676,0.00001592,0.000001565,0.0000001588,0.00000001664,0.000000001799,2.005E-10,2.302E-11
01/02/2005,131300000000,44420000,1274000,61850,3416,200.4,12.3,0.7877,0.05251,0.003641,0.0002624,0.00001963,0.000001524,0.0000001227,0.00000001023,8.827E-10,7.881E-11,7.274E-12,6.935E-13
01/03/2005,123400000000,46420000,1286000,60760,3274,187.5,11.25,0.7035,0.04584,0.003108,0.0002191,0.00001604,0.000001219,0.00000009605,0.000000007843,6.632E-10,5.802E-11,5.249E-12,4.907E-13
01/04/2005,124400000000,42520000,1118000,50940,2655,147.2,8.553,0.5187,0.03278,0.002156,0.0001475,0.00001049,0.0000007741,0.00000005929,0.000000004707,3.871E-10,3.295E-11,2.902E-12,2.641E-13
01/05/2005,103800000000,47090000,1517000,92740,6741,527.4,43.25,3.689,0.3265,0.02994,0.002842,0.0002791,0.00002832,0.000002968,0.000000321,0.00000003581,0.000000004119,4.879E-10,5.951E-11
01/06/2005,106500000000,40640000,1247000,68070,4299,289.5,20.4,1.497,0.1141,0.009037,0.0007421,0.00006316,0.000005567,0.0000005079,0.00000004791,0.00000000467,4.702E-10,4.885E-11,5.234E-12
01/07/2005,95790000000,42770000,1370000,77680,5098,356.9,26.15,1.993,0.1578,0.01297,0.001105,0.00009748,0.000008904,0.0000008412,0.00000008215,0.000000008286,8.628E-10,9.266E-11,1.026E-11
01/08/2005,96350000000,44280000,1407000,79660,5234,367.1,26.95,2.059,0.1634,0.01346,0.001149,0.0001016,0.000009296,0.0000008801,0.00000008612,0.000000008704,9.08E-10,9.771E-11,1.084E-11
01/09/2005,101500000000,46140000,1289000,62410,3465,204.8,12.67,0.8181,0.05498,0.003843,0.0002791,0.00002105,0.000001647,0.0000001335,0.00000001122,9.754E-10,8.772E-11,8.154E-12,7.83E-13
01/10/2005,109100000000,47690000,1249000,56980,2984,166.5,9.739,0.5945,0.03781,0.002503,0.0001724,0.00001233,0.0000009158,0.00000007056,0.000000005635,4.662E-10,3.992E-11,3.535E-12,3.236E-13
01/11/2005,119800000000,47100000,1252000,58980,3212,186.7,11.38,0.7237,0.04792,0.003301,0.0002364,0.00001758,0.000001356,0.0000001085,0.00000000899,7.713E-10,6.846E-11,6.283E-12,5.956E-13
01/12/2005,119300000000,50030000,1503000,82350,5293,364.7,26.33,1.98,0.1547,0.01255,0.001056,0.00009197,0.000008297,0.0000007743,0.00000007471,0.000000007446,7.662E-10,8.134E-11,8.904E-12
01/01/2006,109300000000,38020000,1158000,55540,2976,168.6,9.987,0.6171,0.03972,0.002661,0.0001853,0.00001341,0.000001007,0.00000007846,0.000000006335,5.297E-10,4.584E-11,4.102E-12,3.794E-13
01/02/2006,134400000000,42050000,1024000,40500,1802,85.03,4.209,0.2179,0.01178,0.0006642,0.00003905,0.00000239,0.0000001523,0.00000001008,6.937E-10,4.953E-11,3.668E-12,2.815E-13,2.238E-14
01/03/2006,127000000000,44160000,1102000,46410,2222,113.1,6.04,0.337,0.01961,0.001189,0.00007512,0.000004936,0.0000003371,0.00000002391,0.00000000176,1.344E-10,1.063E-11,8.704E-13,7.376E-14
01/04/2006,131300000000,39580000,959000,40340,1942,99.65,5.362,0.3015,0.01769,0.001081,0.0000688,0.000004554,0.0000003134,0.00000002239,0.00000000166,1.276E-10,1.017E-11,8.385E-13,7.155E-14
01/05/2006,121900000000,38900000,1028000,48980,2711,160.5,9.957,0.6445,0.04344,0.003045,0.0002218,0.00001678,0.000001316,0.000000107,0.000000009015,7.859E-10,7.087E-11,6.605E-12,6.359E-13
01/06/2006,103700000000,40600000,1085000,49530,2583,143.3,8.329,0.5053,0.03195,0.002103,0.0001439,0.00001024,0.000000756,0.00000005793,0.000000004601,3.785E-10,3.224E-11,2.84E-12,2.586E-13
01/07/2006,104700000000,37750000,961600,40380,1915,96.44,5.09,0.2807,0.01615,0.0009688,0.00006051,0.000003933,0.0000002657,0.00000001865,0.000000001359,1.027E-10,8.039E-12,6.519E-13,5.47E-14
01/08/2006,97810000000,42000000,1063000,43440,1993,96.96,4.944,0.2635,0.01466,0.0008507,0.00005143,0.000003237,0.0000002119,0.00000001441,0.000000001018,7.463E-11,5.671E-12,4.465E-13,3.639E-14
01/09/2006,101600000000,45510000,1188000,53250,2732,149.3,8.554,0.5115,0.03189,0.002069,0.0001397,0.000009803,0.0000007143,0.00000005401,0.000000004234,3.439E-10,2.892E-11,2.516E-12,2.263E-13
01/10/2006,103900000000,50280000,1352000,64920,3617,215.4,13.45,0.8758,0.05938,0.004187,0.0003068,0.00002333,0.000001841,0.0000001505,0.00000001275,0.000000001118,1.013E-10,9.493E-12,9.186E-13
01/11/2006,123900000000,45090000,1155000,52110,2710,150.4,8.75,0.5315,0.03365,0.002217,0.000152,0.00001082,0.0000008001,0.00000006137,0.00000000488,4.02E-10,3.427E-11,3.023E-12,2.756E-13
01/12/2006,130100000000,44300000,1182000,54780,2914,165.2,9.811,0.6081,0.03927,0.002639,0.0001844,0.00001338,0.000001008,0.00000007879,0.000000006381,5.352E-10,4.645E-11,4.169E-12,3.866E-13
01/01/2007,127400000000,45770000,1259000,58890,3148,179,10.66,0.6626,0.0429,0.00289,0.0002024,0.00001473,0.000001112,0.00000008712,0.000000007072,5.945E-10,5.171E-11,4.652E-12,4.324E-13
01/02/2007,128500000000,44880000,1186000,53310,2737,149.6,8.568,0.5124,0.03193,0.002072,0.0001399,0.000009814,0.0000007151,0.00000005406,0.000000004238,3.442E-10,2.894E-11,2.518E-12,2.265E-13
01/03/2007,123900000000,45190000,1114000,46370,2199,110.9,5.871,0.3246,0.01873,0.001127,0.00007056,0.000004598,0.0000003115,0.00000002192,0.000000001601,1.213E-10,9.52E-12,7.739E-13,6.509E-14
01/04/2007,108500000000,48340000,1260000,58160,3111,177.8,10.66,0.6673,0.0435,0.00295,0.000208,0.00001524,0.000001158,0.00000009131,0.000000007459,6.31E-10,5.522E-11,4.998E-12,4.674E-13
01/05/2007,114800000000,40900000,1035000,46430,2410,133.6,7.771,0.4718,0.02986,0.001967,0.0001347,0.000009592,0.000000709,0.00000005437,0.000000004322,3.559E-10,3.033E-11,2.674E-12,2.437E-13
01/06/2007,106900000000,38910000,957800,39340,1832,90.62,4.702,0.255,0.01443,0.0008517,0.00005236,0.00000335,0.0000002228,0.0000000154,0.000000001105,8.227E-11,6.348E-12,5.073E-13,4.197E-14
01/07/2007,104200000000,37440000,876300,32590,1354,59.65,2.757,0.1334,0.006746,0.0003563,0.00001963,0.000001128,0.00000006745,0.000000004198,2.717E-10,1.826E-11,1.275E-12,9.226E-14,6.921E-15
01/08/2007,95940000000,42390000,1011000,38390,1632,73.49,3.474,0.1718,0.008879,0.0004791,0.00002696,0.000001581,0.00000009653,0.000000006131,4.048E-10,2.775E-11,1.974E-12,1.457E-13,1.114E-14
01/09/2007,104300000000,43290000,981100,36330,1516,67.17,3.125,0.1522,0.007746,0.0004118,0.00002283,0.00000132,0.00000007942,0.000000004974,3.238E-10,2.19E-11,1.537E-12,1.119E-13,8.44E-15
01/10/2007,114600000000,43810000,947600,34000,1380,59.51,2.697,0.128,0.00635,0.0003292,0.00001781,0.000001004,0.00000005901,0.000000003609,2.295E-10,1.517E-11,1.041E-12,7.407E-14,5.466E-15
01/11/2007,125600000000,43360000,968700,36390,1552,70.44,3.357,0.1674,0.008724,0.0004745,0.00002692,0.000001591,0.00000009792,0.000000006267,4.169E-10,2.88E-11,2.064E-12,1.534E-13,1.181E-14
01/12/2007,132500000000,42380000,988400,38150,1665,77.24,3.76,0.1914,0.01018,0.0005653,0.00003272,0.000001972,0.0000001237,0.000000008073,5.472E-10,3.851E-11,2.811E-12,2.127E-13,1.667E-14
01/01/2008,133600000000,42350000,1024000,40330,1791,84.39,4.172,0.2157,0.01165,0.0006562,0.00003853,0.000002357,0.00000015,0.000000009921,6.818E-10,4.864E-11,3.598E-12,2.759E-13,2.191E-14
01/02/2008,121200000000,47610000,1207000,50730,2420,122.7,6.525,0.3625,0.02101,0.001269,0.00007985,0.000005226,0.0000003556,0.00000002513,0.000000001843,1.402E-10,1.105E-11,9.016E-13,7.614E-14
01/03/2008,117200000000,47900000,1190000,50020,2399,122.5,6.562,0.3672,0.02144,0.001305,0.00008266,0.000005448,0.0000003732,0.00000002655,0.000000001961,1.501E-10,1.191E-11,9.781E-13,8.312E-14
01/04/2008,125500000000,40890000,936600,36820,1655,79.21,3.981,0.2093,0.01149,0.0006576,0.00003924,0.000002438,0.0000001575,0.00000001058,7.383E-10,5.345E-11,4.013E-12,3.121E-13,2.514E-14
01/05/2008,105700000000,38770000,885200,32820,1369,60.61,2.817,0.137,0.006969,0.0003701,0.0000205,0.000001184,0.00000007119,0.000000004454,2.897E-10,1.957E-11,1.373E-12,9.985E-14,7.527E-15
01/06/2008,113000000000,40690000,934600,36190,1593,74.59,3.666,0.1885,0.01013,0.0005675,0.00003315,0.000002017,0.0000001277,0.000000008407,5.749E-10,4.081E-11,3.005E-12,2.293E-13,1.813E-14
01/07/2008,104100000000,37060000,800600,26660,984.8,38.53,1.584,0.06825,0.00308,0.0001454,0.00000717,0.0000003693,0.00000001984,0.00000000111,6.472E-11,3.925E-12,2.474E-13,1.62E-14,1.101E-15
01/08/2008,105300000000,37940000,779800,24320,837.5,30.55,1.172,0.04716,0.001989,0.00008788,0.00000406,0.000000196,0.000000009882,5.196E-10,2.847E-11,1.625E-12,9.643E-14,5.951E-15,3.814E-16
01/09/2008,112200000000,39650000,802900,25510,902.4,33.85,1.335,0.05525,0.002395,0.0001087,0.000005156,0.0000002555,0.00000001322,7.128E-10,4.005E-11,2.342E-12,1.424E-13,9.003E-15,5.909E-16
01/10/2008,114100000000,44240000,969600,35510,1474,65.06,3.017,0.1465,0.007434,0.000394,0.00002178,0.000001255,0.00000007534,0.000000004705,3.054E-10,2.06E-11,1.442E-12,1.047E-13,7.878E-15
01/11/2008,128600000000,42020000,906400,32600,1328,57.51,2.617,0.1247,0.006212,0.0003233,0.00001756,0.0000009942,0.00000005864,0.0000000036,2.298E-10,1.524E-11,1.049E-12,7.497E-14,5.552E-15
01/12/2008,138200000000,39660000,838300,28370,1075,43.23,1.827,0.08091,0.003751,0.0001818,0.000009206,0.0000004865,0.00000002681,0.000000001539,9.194E-11,5.713E-12,3.689E-13,2.473E-14,1.72E-15
01/01/2009,129600000000,43720000,1023000,38550,1632,73.36,3.46,0.1707,0.008806,0.0004742,0.00002663,0.000001559,0.000000095,0.000000006023,3.968E-10,2.716E-11,1.929E-12,1.42E-13,1.084E-14
01/02/2009,134800000000,41170000,891800,30280,1146,45.96,1.937,0.08554,0.003955,0.0001912,0.000009654,0.0000005088,0.00000002796,0.000000001601,9.542E-11,5.914E-12,3.809E-13,2.548E-14,1.768E-15
01/03/2009,134200000000,40450000,856200,29060,1105,44.59,1.89,0.084,0.003907,0.00019,0.000009651,0.0000005116,0.00000002828,0.000000001628,9.757E-11,6.08E-12,3.938E-13,2.648E-14,1.847E-15
01/04/2009,127100000000,40140000,870500,31530,1293,56.43,2.586,0.1241,0.006227,0.0003263,0.00001784,0.000001017,0.00000006037,0.00000000373,2.396E-10,1.599E-11,1.108E-12,7.964E-14,5.933E-15
01/05/2009,119200000000,38540000,850500,31340,1308,58.02,2.703,0.1319,0.006722,0.0003579,0.00001988,0.000001151,0.00000006935,0.000000004349,2.836E-10,1.92E-11,1.35E-12,9.84E-14,7.434E-15
01/06/2009,111900000000,36580000,805200,28460,1127,47.32,2.087,0.09644,0.004661,0.0002354,0.00001241,0.0000006827,0.00000003913,0.000000002335,1.449E-10,9.352E-12,6.268E-13,4.359E-14,3.144E-15
01/07/2009,105600000000,36610000,799200,26990,1012,40.17,1.675,0.07324,0.003352,0.0001604,0.000008023,0.0000004188,0.0000000228,0.000000001293,7.635E-11,4.689E-12,2.993E-13,1.984E-14,1.365E-15
01/08/2009,105800000000,37810000,799100,25900,929.2,35.31,1.41,0.05906,0.002592,0.000119,0.000005712,0.0000002864,0.00000001498,8.171E-10,4.642E-11,2.744E-12,1.687E-13,1.078E-14,7.148E-16
01/09/2009,111800000000,39830000,829400,27300,1002,39.01,1.596,0.06847,0.003076,0.0001445,0.000007099,0.000000364,0.00000001947,0.000000001086,6.302E-11,3.806E-12,2.39E-13,1.558E-14,1.055E-15
01/10/2009,121100000000,41240000,886600,31700,1281,55.03,2.484,0.1174,0.005802,0.0002996,0.00001614,0.0000009071,0.0000000531,0.000000003235,2.05E-10,1.35E-11,9.23E-13,6.547E-14,4.815E-15
01/11/2009,128600000000,42380000,971100,37980,1694,80.43,4.01,0.2091,0.01138,0.0006467,0.00003829,0.00000236,0.0000001514,0.00000001009,6.991E-10,5.025E-11,3.745E-12,2.893E-13,2.314E-14
01/12/2009,138000000000,40190000,913100,33920,1419,62.99,2.936,0.1432,0.007302,0.0003888,0.0000216,0.00000125,0.00000007537,0.000000004727,3.082E-10,2.088E-11,1.467E-12,1.07E-13,8.084E-15
01/01/2010,116000000000,34100000,892000,34660,1481,66.76,3.155,0.156,0.00806,0.0004347,0.00002446,0.000001434,0.00000008752,0.000000005557,3.667E-10,2.514E-11,1.788E-12,1.319E-13,1.008E-14
01/02/2010,89270000000,44370000,1099000,38840,1500,61.15,2.616,0.1172,0.005496,0.0002693,0.00001378,0.0000007359,0.00000004096,0.000000002374,1.432E-10,8.976E-12,5.847E-13,3.954E-14,2.773E-15
01/03/2010,89270000000,44370000,1099000,38840,1500,61.15,2.616,0.1172,0.005496,0.0002693,0.00001378,0.0000007359,0.00000004096,0.000000002374,1.432E-10,8.976E-12,5.847E-13,3.954E-14,2.773E-15
01/04/2010,103800000000,63750000,2000000,111300,7355,524.4,39.28,3.067,0.2487,0.02093,0.001824,0.0001647,0.00001538,0.000001485,0.0000001482,0.00000001526,0.000000001622,1.778E-10,2.008E-11
01/05/2010,93630000000,48210000,1353000,67240,3954,250.8,16.74,1.165,0.08443,0.006356,0.0004965,0.00004023,0.000003378,0.0000002936,0.00000002641,0.000000002456,2.36E-10,2.342E-11,2.398E-12
01/06/2010,70820000000,68050000,2193000,124700,8481,625.1,48.5,3.924,0.3297,0.02873,0.002593,0.0002422,0.0000234,0.000002336,0.0000002408,0.00000002562,0.000000002811,3.178E-10,3.702E-11
01/07/2010,61100000000,64960000,2131000,120000,7980,572.4,43.14,3.388,0.2764,0.0234,0.002052,0.0001863,0.0000175,0.000001699,0.0000001704,0.00000001765,0.000000001886,2.078E-10,2.359E-11
01/08/2010,67130000000,48650000,1442000,71770,4146,256.7,16.67,1.13,0.07965,0.005836,0.000444,0.00003504,0.000002867,0.0000002429,0.00000002131,0.000000001933,1.813E-10,1.756E-11,1.755E-12
01/09/2010,83560000000,47170000,1320000,61430,3288,188,11.27,0.7054,0.04598,0.003118,0.0002198,0.00001609,0.000001222,0.00000009626,0.000000007856,6.637E-10,5.802E-11,5.244E-12,4.897E-13
01/10/2010,101300000000,38330000,983800,42230,2076,108.9,5.994,0.3446,0.02066,0.00129,0.00008383,0.000005664,0.0000003976,0.00000002897,0.000000002189,1.715E-10,1.391E-11,1.168E-12,1.014E-13
01/11/2010,101900000000,37000000,891100,33340,1391,61.5,2.853,0.1385,0.007027,0.0003722,0.00002057,0.000001184,0.00000007102,0.00000000443,2.873E-10,1.935E-11,1.352E-12,9.803E-14,7.364E-15
01/12/2010,92210000000,33490000,737200,23140,792.3,28.66,1.089,0.04346,0.001817,0.00007951,0.00000364,0.0000001741,0.000000008697,4.53E-10,2.459E-11,1.39E-12,8.174E-14,4.996E-15,3.172E-16
01/01/2011,85450000000,34950000,779600,24000,800.8,28.21,1.044,0.04058,0.001654,0.00007056,0.000003151,0.0000001471,0.000000007169,3.646E-10,1.933E-11,1.068E-12,6.135E-14,3.666E-15,2.276E-16
01/02/2011,126100000000,46520000,1335000,64950,3601,212.1,13.08,0.8413,0.05632,0.003922,0.0002838,0.00002132,0.000001662,0.0000001343,0.00000001125,9.744E-10,8.734E-11,8.092E-12,7.744E-13
01/03/2011,112300000000,36470000,1079000,49960,2578,140.7,8.03,0.4783,0.0297,0.00192,0.0001291,0.000009022,0.0000006549,0.00000004933,0.000000003853,3.118E-10,2.612E-11,2.265E-12,2.03E-13
01/04/2011,100300000000,40480000,1493000,97070,7295,584,48.83,4.242,0.382,0.03563,0.003439,0.0003433,0.0000354,0.00000377,0.0000004143,0.00000004694,0.000000005482,6.593E-10,8.162E-11
01/05/2011,90930000000,39970000,1477000,96570,7317,591.2,49.91,4.377,0.3979,0.03746,0.003649,0.0003675,0.00003824,0.000004108,0.0000004553,0.00000005204,0.000000006129,7.433E-10,9.277E-11
01/06/2011,87680000000,36010000,1293000,79490,5602,419.6,32.83,2.67,0.2254,0.01972,0.001787,0.0001676,0.00001626,0.00000163,0.0000001687,0.00000001803,0.000000001987,2.257E-10,2.641E-11
01/07/2011,81360000000,36050000,1225000,66560,4049,260.3,17.48,1.222,0.08881,0.006706,0.0005256,0.00004272,0.000003599,0.0000003139,0.00000002834,0.000000002645,2.551E-10,2.541E-11,2.611E-12
01/08/2011,86550000000,35390000,1257000,73960,4930,348.1,25.66,1.968,0.1567,0.01294,0.001108,0.00009828,0.000009022,0.0000008567,0.00000008407,0.000000008521,8.914E-10,9.62E-11,1.07E-11
01/09/2011,94480000000,36500000,1295000,76120,5048,354.2,25.93,1.974,0.1561,0.01281,0.001089,0.00009599,0.000008755,0.0000008259,0.00000008054,0.000000008113,8.436E-10,9.048E-11,1E-11
01/10/2011,91580000000,45560000,1995000,159900,15030,1510,158.3,17.2,1.931,0.2239,0.02678,0.003302,0.0004194,0.00005485,0.00000738,0.000001021,0.0000001452,0.00000002121,0.00000000318
01/11/2011,95810000000,47790000,2218000,189800,19110,2058,231.2,26.89,3.231,0.4004,0.05115,0.006728,0.000911,0.0001269,0.00001817,0.000002672,0.0000004036,0.00000006257,0.000000009949
01/12/2011,107200000000,41980000,1896000,154000,14560,1468,154.2,16.79,1.888,0.2193,0.02627,0.003245,0.0004128,0.00005407,0.000007287,0.00000101,0.0000001438,0.00000002104,0.000000003159
01/01/2012,132000000000,46850000,1809000,129100,10810,968,90.58,8.796,0.8843,0.09193,0.009875,0.001095,0.0001253,0.00001479,0.000001798,0.000000225,0.00000002899,0.000000003842,5.234E-10
01/02/2012,110100000000,39030000,1510000,97920,7210,562.2,45.71,3.86,0.338,0.03067,0.002881,0.00028,0.00002812,0.000002917,0.0000003125,0.00000003452,0.000000003932,4.614E-10,5.575E-11
01/03/2012,101100000000,42880000,1599000,101600,7387,569.9,45.88,3.838,0.333,0.02994,0.002787,0.0002684,0.00002673,0.000002749,0.000000292,0.00000003199,0.000000003613,4.206E-10,5.041E-11
01/04/2012,104600000000,38250000,1379000,86160,6171,469.5,37.3,3.079,0.2638,0.02341,0.002152,0.0002047,0.00002014,0.000002047,0.0000002148,0.00000002326,0.000000002597,2.989E-10,3.542E-11
01/05/2012,100300000000,35650000,1322000,85130,6284,492.8,40.33,3.428,0.3022,0.0276,0.002609,0.0002551,0.00002579,0.000002692,0.0000002901,0.00000003224,0.000000003694,4.36E-10,5.298E-11
01/06/2012,90300000000,35400000,1440000,100300,7979,672.8,59.13,5.392,0.5094,0.0498,0.005035,0.000526,0.00005675,0.000006318,0.0000007254,0.00000008583,0.00000001046,0.000000001312,1.693E-10
01/07/2012,79220000000,38630000,1686000,126700,10930,1000,95.44,9.438,0.9658,0.1022,0.01117,0.001259,0.0001465,0.00001757,0.000002171,0.0000002762,0.00000003615,0.000000004865,6.729E-10
01/08/2012,87230000000,36040000,1475000,103700,8356,714.3,63.67,5.888,0.564,0.0559,0.005728,0.0006064,0.00006628,0.000007475,0.0000008692,0.0000001041,0.00000001285,0.000000001631,2.131E-10
01/09/2012,92170000000,38430000,1479000,98940,7602,620.7,52.88,4.678,0.4289,0.04071,0.003998,0.0004059,0.00004257,0.00000461,0.0000005149,0.0000000593,0.000000007036,8.596E-10,1.081E-10
01/10/2012,86710000000,48550000,2059000,162000,15080,1507,157.3,17.03,1.907,0.2204,0.02628,0.003232,0.0004093,0.00005338,0.000007163,0.0000009884,0.0000001402,0.00000002042,0.000000003054
01/11/2012,95210000000,46750000,1862000,131700,10810,945.1,86.28,8.174,0.802,0.08139,0.008537,0.0009248,0.0001034,0.00001193,0.000001418,0.0000001736,0.00000002188,0.000000002838,3.784E-10
01/12/2012,109500000000,39450000,1510000,98680,7361,582.4,48.07,4.121,0.3663,0.03372,0.003213,0.0003167,0.00003225,0.000003393,0.0000003683,0.00000004124,0.00000000476,5.658E-10,6.925E-11
01/01/2013,114900000000,36290000,1319000,79080,5351,383.1,28.62,2.223,0.1793,0.015,0.0013,0.0001167,0.00001085,0.000001042,0.0000001035,0.00000001061,0.000000001123,1.225E-10,1.378E-11
01/02/2013,111300000000,37950000,1351000,78170,5084,349.5,25.08,1.871,0.1451,0.01167,0.0009739,0.0000842,0.00001085,0.000001042,0.0000001035,0.00000001061,0.000000001123,1.225E-10,1.378E-11
01/03/2013,95620000000,46270000,1811000,123500,9718,814.4,71.25,6.471,0.6089,0.05931,0.005974,0.0006219,0.00006685,0.000007416,0.0000008484,0.0000001,0.00000001215,0.000000001519,1.953E-10
01/04/2013,105500000000,38120000,1410000,90540,6670,522,42.63,3.617,0.3183,0.02902,0.002738,0.0002673,0.00002697,0.00000281,0.0000003023,0.00000003355,0.000000003837,4.522E-10,5.486E-11
01/05/2013,86950000000,43680000,1937000,162100,16200,1742,195.9,22.84,2.751,0.3417,0.04376,0.005771,0.0007833,0.0001094,0.0000157,0.000002314,0.0000003504,0.00000005444,0.000000008677
01/06/2013,74670000000,43950000,1896000,143000,12470,1157,112,11.23,1.166,0.1251,0.01386,0.001584,0.0001868,0.0000227,0.000002842,0.0000003661,0.00000004853,0.000000006613,9.261E-10
01/07/2013,85310000000,34610000,1284000,77620,5273,378.4,28.33,2.205,0.1782,0.01493,0.001297,0.0001167,0.00001086,0.000001045,0.000000104,0.00000001068,0.000000001132,1.238E-10,1.394E-11
01/08/2013,87700000000,34870000,1261000,74120,4891,341,24.8,1.876,0.1474,0.01202,0.001016,0.00008898,0.000008066,0.0000007565,0.00000007334,0.000000007345,7.593E-10,8.098E-11,8.905E-12
01/09/2013,88720000000,39540000,1434000,87560,6080,447.5,34.38,2.745,0.2275,0.01955,0.001741,0.0001605,0.0000153,0.000001508,0.0000001535,0.00000001614,0.00000000175,1.956E-10,2.253E-11
01/10/2013,99650000000,39600000,1449000,90360,6415,482.6,37.89,3.091,0.2616,0.02295,0.002086,0.0001962,0.00001908,0.000001918,0.0000001991,0.00000002133,0.000000002357,2.684E-10,3.148E-11
01/11/2013,105600000000,41560000,1776000,138300,12570,1221,123.7,12.98,1.41,0.1581,0.0183,0.002185,0.0002689,0.00003408,0.000004446,0.0000005968,0.00000008235,0.00000001168,0.0000000017
01/12/2013,104600000000,43500000,2010000,164400,15540,1562,163.5,17.73,1.986,0.2297,0.02741,0.003373,0.0004274,0.00005577,0.000007489,0.000001034,0.0000001467,0.00000002139,0.0000000032
01/01/2014,124600000000,51710000,2294000,191500,18910,2000,220.9,25.26,2.985,0.3639,0.04574,0.005922,0.0007894,0.0001083,0.00001526,0.000002212,0.0000003292,0.00000005029,0.000000007882
01/02/2014,133500000000,47750000,2095000,174000,17090,1799,197.6,22.5,2.645,0.3209,0.04014,0.005173,0.0006863,0.00009368,0.00001315,0.000001897,0.0000002811,0.00000004276,0.000000006673
01/03/2014,128600000000,49160000,2135000,180500,18240,1984,225.6,26.58,3.234,0.4058,0.05247,0.006987,0.0009575,0.0001349,0.00001955,0.000002909,0.0000004444,0.00000006967,0.0000000112
01/04/2014,128600000000,49160000,2135000,180500,18240,1984,225.6,26.58,3.234,0.4058,0.05247,0.006987,0.0009575,0.0001349,0.00001955,0.000002909,0.0000004444,0.00000006967,0.0000000112
01/05/2014,116200000000,44280000,1701000,123500,10570,968.7,92.71,9.207,0.9463,0.1005,0.01103,0.00125,0.0001461,0.00001759,0.000002182,0.0000002787,0.00000003662,0.000000004949,6.871E-10
01/06/2014,110000000000,40970000,1493000,96810,7228,573.6,47.5,4.086,0.3645,0.03367,0.00322,0.0003184,0.00003253,0.000003434,0.000000374,0.00000004201,0.000000004863,5.799E-10,7.119E-11
01/07/2014,105200000000,40730000,1572000,112000,9356,835.3,77.91,7.54,0.7555,0.07829,0.008383,0.0009268,0.0001057,0.00001243,0.000001507,0.0000001881,0.00000002416,0.000000003193,4.336E-10
01/08/2014,100100000000,45140000,1847000,142700,13060,1282,131.6,14.01,1.542,0.1753,0.02056,0.002487,0.0003101,0.0000398,0.000005259,0.0000007146,0.00000009983,0.00000001433,0.000000002111
01/09/2014,103700000000,48150000,1830000,129300,10730,951.2,88.13,8.474,0.8437,0.08688,0.009245,0.001016,0.0001152,0.00001347,0.000001623,0.0000002014,0.00000002572,0.000000003379,4.564E-10
01/10/2014,110800000000,52460000,2227000,187800,19120,2101,241.8,28.84,3.552,0.4513,0.05907,0.007961,0.001104,0.0001574,0.00002306,0.000003471,0.0000005363,0.000000085,0.00000001382
01/11/2014,121600000000,50830000,2053000,156400,14010,1342,134.2,13.92,1.492,0.1654,0.01892,0.002232,0.0002715,0.00003402,0.000004388,0.0000005825,0.00000007951,0.00000001115,0.000000001607
01/12/2014,124700000000,52720000,2452000,225200,24950,2985,373.5,48.39,6.468,0.8906,0.1262,0.01839,0.002755,0.0004238,0.00006694,0.00001085,0.000001803,0.0000003071,0.00000005358
01/01/2015,109000000000,40520000,1834000,143100,12780,1210,119.3,12.19,1.287,0.1405,0.01583,0.001841,0.0002207,0.00002727,0.000003468,0.000000454,0.00000006113,0.000000008461,0.000000001203
01/02/2015,119400000000,53680000,2297000,189000,18620,1975,219.2,25.22,2.997,0.3676,0.04648,0.006052,0.0008114,0.0001119,0.00001587,0.000002312,0.000000346,0.00000005314,0.000000008373
01/03/2015,114600000000,53620000,2094000,155100,13650,1290,127.5,13.07,1.387,0.1521,0.01722,0.002011,0.0002422,0.00003006,0.00000384,0.0000005048,0.00000006826,0.000000009486,0.000000001354
01/04/2015,122000000000,46540000,1709000,120300,10040,900.3,84.44,8.222,0.829,0.08644,0.009311,0.001036,0.0001188,0.00001406,0.000001714,0.0000002151,0.00000002779,0.000000003692,5.042E-10
01/05/2015,115900000000,43250000,1490000,94160,6930,544.3,44.68,3.811,0.3371,0.0309,0.002931,0.0002876,0.00002916,0.000003055,0.0000003302,0.00000003682,0.000000004232,5.011E-10,6.108E-11
01/06/2015,105500000000,42130000,1465000,90240,6397,482.3,37.97,3.108,0.2639,0.02323,0.002117,0.0001997,0.00001949,0.000001965,0.0000002045,0.00000002198,0.000000002435,2.781E-10,3.271E-11
01/07/2015,103400000000,40090000,1331000,76690,5061,354.8,26,1.981,0.1568,0.01288,0.001097,0.00009675,0.000008834,0.0000008343,0.00000008144,0.000000008211,8.546E-10,9.176E-11,1.016E-11
01/08/2015,99760000000,43050000,1403000,79630,5187,359.3,26.02,1.96,0.1534,0.01246,0.001049,0.00009157,0.000008272,0.0000007731,0.00000007469,0.000000007454,7.68E-10,8.164E-11,8.948E-12
01/09/2015,109500000000,43040000,1244000,62190,3555,216,13.74,0.9107,0.06283,0.004506,0.0003357,0.00002596,0.000002081,0.000000173,0.00000001488,0.000000001325,1.22E-10,1.16E-11,1.14E-12
01/10/2015,111500000000,49280000,1671000,109900,8662,736,65.56,6.071,0.5826,0.05787,0.005942,0.0006304,0.00006905,0.000007803,0.0000009092,0.0000001091,0.00000001349,0.000000001717,2.246E-10
01/11/2015,120000000000,49430000,1670000,108200,8358,694.7,60.51,5.478,0.5141,0.04994,0.005018,0.0005211,0.00005588,0.000006185,0.0000007059,0.00000008304,0.00000001006,0.000000001255,1.611E-10
01/12/2015,121200000000,50280000,1698000,104700,7546,581.5,46.88,3.929,0.3416,0.03078,0.002871,0.0002771,0.00002765,0.00000285,0.0000003033,0.00000003329,0.000000003768,4.394E-10,5.277E-11
01/01/2016,98160000000,45520000,1762000,115200,8609,683.2,56.57,4.865,0.4338,0.04007,0.00383,0.0003787,0.00003869,0.000004082,0.0000004445,0.00000004992,0.000000005778,6.889E-10,8.455E-11
01/02/2016,129600000000,45830000,1440000,79590,5074,344.5,24.48,1.81,0.1391,0.0111,0.0009181,0.00007872,0.00000699,0.0000006422,0.00000006101,0.000000005989,6.071E-10,6.351E-11,6.851E-12
01/03/2016,126600000000,45490000,1327000,68130,4030,254,16.75,1.152,0.08237,0.006121,0.0004722,0.00003779,0.000003135,0.0000002694,0.00000002396,0.000000002204,2.095E-10,2.057E-11,2.084E-12
01/04/2016,128700000000,40850000,1060000,47790,2465,135.3,7.782,0.4673,0.02924,0.001905,0.0001291,0.000009094,0.0000006651,0.00000005047,0.000000003971,3.237E-10,2.732E-11,2.385E-12,2.153E-13
01/05/2016,107800000000,44670000,1340000,74000,4791,332.3,24.14,1.827,0.1436,0.01172,0.0009912,0.00008687,0.000007881,0.0000007396,0.00000007176,0.000000007191,7.439E-10,7.94E-11,8.736E-12
01/06/2016,107900000000,39280000,1089000,52160,2860,166.9,10.2,0.6504,0.04317,0.002981,0.000214,0.00001595,0.000001233,0.00000009886,0.000000008212,7.061E-10,6.281E-11,5.776E-12,5.487E-13
01/07/2016,101400000000,39240000,1032000,43950,2100,106.3,5.635,0.3121,0.01804,0.001086,0.00006815,0.000004448,0.0000003017,0.00000002126,0.000000001555,1.18E-10,9.272E-12,7.547E-13,6.357E-14
01/08/2016,106200000000,38590000,934800,35680,1515,68.11,3.211,0.1584,0.008163,0.0004393,0.00002466,0.000001442,0.00000008785,0.000000005566,3.666E-10,2.507E-11,1.78E-12,1.31E-13,9.991E-15
01/09/2016,95590000000,49840000,1520000,83980,5422,374.6,27.11,2.043,0.16,0.013,0.001096,0.00009565,0.000008645,0.0000008083,0.00000007813,0.000000007802,8.042E-10,8.553E-11,9.378E-12
01/10/2016,106800000000,49370000,1363000,67420,3871,237.5,15.27,1.024,0.07142,0.005179,0.0003901,0.00003049,0.000002471,0.0000002075,0.00000001804,0.000000001623,1.509E-10,1.45E-11,1.438E-12
01/11/2016,119200000000,47410000,1251000,58450,3156,181.9,10.99,0.693,0.04551,0.00311,0.0002209,0.00001629,0.000001247,0.00000009901,0.000000008143,6.935E-10,6.11E-11,5.566E-12,5.239E-13
01/12/2016,134500000000,42010000,1035000,43440,2079,105.9,5.658,0.3159,0.0184,0.001117,0.00007061,0.000004643,0.0000003174,0.00000002253,0.00000000166,1.268E-10,1.004E-11,8.227E-13,6.977E-14
01/01/2017,124800000000,46460000,1210000,52510,2588,135.5,7.441,0.4267,0.02551,0.001589,0.0001031,0.00000695,0.0000004869,0.00000003542,0.000000002673,2.091E-10,1.695E-11,1.422E-12,1.233E-13
01/02/2017,116700000000,50210000,1371000,63740,3395,192.6,11.45,0.71,0.04588,0.003085,0.0002157,0.00001567,0.000001181,0.00000009235,0.000000007483,6.279E-10,5.453E-11,4.897E-12,4.545E-13
01/03/2017,112100000000,51180000,1434000,71140,4097,252.1,16.27,1.094,0.07661,0.005575,0.0004213,0.00003304,0.000002686,0.0000002263,0.00000001974,0.000000001781,1.661E-10,1.6E-11,1.592E-12
01/04/2017,115400000000,45880000,1232000,60070,3421,208.7,13.35,0.8908,0.06187,0.004467,0.000335,0.00002607,0.000002104,0.000000176,0.00000001523,0.000000001365,1.264E-10,1.21E-11,1.195E-12
01/05/2017,117400000000,39770000,968200,40670,1955,100.1,5.374,0.3015,0.01765,0.001077,0.00006839,0.000004519,0.0000003103,0.00000002213,0.000000001638,1.257E-10,9.993E-12,8.227E-13,7.007E-14
01/06/2017,107000000000,38980000,971400,40420,1906,95.46,5.014,0.2752,0.01576,0.0009412,0.00005853,0.000003787,0.0000002548,0.00000001781,0.000000001292,9.72E-11,7.58E-12,6.122E-13,5.117E-14
01/07/2017,97470000000,40480000,1030000,42460,1969,96.81,4.99,0.2688,0.01512,0.0008863,0.00005414,0.000003442,0.0000002276,0.00000001563,0.000000001115,8.251E-11,6.329E-12,5.029E-13,4.136E-14
01/08/2017,104000000000,39300000,954500,36740,1577,71.71,3.419,0.1705,0.008888,0.0004836,0.00002744,0.000001622,0.00000009982,0.00000000639,4.251E-10,2.937E-11,2.105E-12,1.565E-13,1.205E-14
01/09/2017,100500000000,46560000,1301000,64060,3645,221.3,14.08,0.9339,0.06448,0.004628,0.0003451,0.0000267,0.000002143,0.0000001782,0.00000001535,0.000000001367,1.26E-10,1.199E-11,1.179E-12
01/10/2017,100500000000,46560000,1301000,64060,3645,221.3,14.08,0.9339,0.06448,0.004628,0.0003451,0.0000267,0.000002143,0.0000001782,0.00000001535,0.000000001367,1.26E-10,1.199E-11,1.179E-12
01/11/2017,128900000000,42340000,981400,38880,1757,84.49,4.266,0.2252,0.01241,0.0007138,0.00004277,0.000002668,0.0000001731,0.00000001168,8.178E-10,5.944E-11,4.479E-12,3.498E-13,2.828E-14
01/12/2017,127800000000,44490000,1076000,43710,2021,99.38,5.127,0.2766,0.01557,0.000914,0.0000559,0.000003558,0.0000002355,0.0000000162,0.000000001157,8.568E-11,6.58E-12,5.234E-13,4.31E-14
01/01/2018,106500000000,38880000,1054000,43140,1952,93.27,4.67,0.2444,0.01336,0.0007615,0.00004524,0.000002799,0.0000001801,0.00000001205,8.373E-10,6.038E-11,4.515E-12,3.499E-13,2.808E-14
01/02/2018,134200000000,41460000,909300,31350,1205,49.12,2.103,0.09433,0.004428,0.0002173,0.00001114,0.0000005957,0.00000003321,0.000000001929,1.166E-10,7.326E-12,4.783E-13,3.242E-14,2.28E-15
01/03/2018,129900000000,42150000,920300,32510,1290,54.37,2.406,0.1115,0.005409,0.0002741,0.0000145,0.0000007998,0.00000004598,0.000000002752,1.714E-10,1.109E-11,7.454E-13,5.199E-14,3.761E-15
01/04/2018,125800000000,40530000,874600,31420,1277,55.21,2.507,0.1192,0.005929,0.0003079,0.00001669,0.0000009433,0.00000005554,0.000000003403,2.168E-10,1.435E-11,9.867E-13,7.037E-14,5.202E-15
01/05/2018,120600000000,38020000,832300,30370,1254,55.04,2.537,0.1225,0.006179,0.0003256,0.0000179,0.000001026,0.00000006124,0.000000003804,2.457E-10,1.648E-11,1.148E-12,8.291E-14,6.207E-15
01/06/2018,96290000000,43430000,1161000,53610,2843,160.7,9.526,0.5892,0.03797,0.002546,0.0001775,0.00001286,0.0000009668,0.0000000754,0.000000006094,5.101E-10,4.418E-11,3.958E-12,3.664E-13
01/07/2018,106800000000,36250000,798700,27250,1031,41.34,1.74,0.07679,0.003547,0.0001713,0.000008643,0.0000004551,0.00000002499,0.000000001429,8.511E-11,5.271E-12,3.392E-13,2.267E-14,1.572E-15
01/08/2018,103300000000,38970000,862000,29610,1130,45.66,1.938,0.0862,0.004013,0.0001953,0.000009931,0.0000005269,0.00000002915,0.00000000168,1.008E-10,6.285E-12,4.073E-13,2.741E-14,1.914E-15
01/09/2018,110800000000,40230000,841700,27860,1029,40.29,1.658,0.07155,0.003233,0.0001528,0.000007546,0.0000003891,0.00000002093,0.000000001173,6.844E-11,4.155E-12,2.622E-13,1.719E-14,1.169E-15
01/10/2018,113600000000,44440000,992500,37290,1591,72.26,3.446,0.172,0.008967,0.0004881,0.00002771,0.000001639,0.0000001009,0.000000006463,4.302E-10,2.973E-11,2.132E-12,1.586E-13,1.222E-14
01/11/2018,125800000000,43200000,958100,35750,1515,68.33,3.236,0.1604,0.008311,0.0004495,0.00002535,0.00000149,0.00000009119,0.000000005805,3.84E-10,2.639E-11,1.881E-12,1.391E-13,1.065E-14
01/12/2018,128700000000,43840000,1017000,39040,1696,78.35,3.798,0.1927,0.01021,0.0005645,0.00003255,0.000001955,0.0000001222,0.000000007943,5.365E-10,3.762E-11,2.737E-12,2.064E-13,1.612E-14
01/01/2019,111100000000,36270000,910600,33530,1354,57.69,2.579,0.1207,0.005911,0.0003023,0.00001614,0.0000008987,0.00000005213,0.000000003148,1.977E-10,1.291E-11,8.75E-13,6.154E-14,4.488E-15
01/02/2019,123000000000,46650000,1153000,46950,2164,106,5.445,0.2924,0.01639,0.0009579,0.00005833,0.000003697,0.0000002437,0.00000001669,0.000000001187,8.761E-11,6.701E-12,5.31E-13,4.356E-14
01/03/2019,116600000000,48280000,1209000,51310,2488,128.4,6.953,0.3933,0.0232,0.001427,0.00009132,0.000006079,0.0000004206,0.00000003022,0.000000002253,1.741E-10,1.394E-11,1.156E-12,9.914E-14
01/04/2019,123200000000,41750000,944400,36000,1559,71.81,3.473,0.1758,0.009293,0.0005128,0.0000295,0.000001768,0.0000001103,0.000000007155,4.823E-10,3.376E-11,2.451E-12,1.845E-13,1.438E-14
01/05/2019,110800000000,41890000,999900,40770,1898,94.1,4.895,0.2662,0.01511,0.000894,0.00005511,0.000003535,0.0000002358,0.00000001634,0.000000001175,8.77E-11,6.784E-12,5.435E-13,4.506E-14
01/06/2019,110900000000,36960000,821600,29440,1183,50.43,2.258,0.1058,0.00519,0.0002659,0.00001422,0.0000007928,0.00000004606,0.000000002785,1.752E-10,1.145E-11,7.776E-13,5.477E-14,4E-15
01/07/2019,100700000000,38590000,880700,31560,1260,53.35,2.37,0.1103,0.005368,0.000273,0.00001449,0.0000008025,0.0000000463,0.000000002781,1.737E-10,1.128E-11,7.607E-13,5.324E-14,3.863E-15
01/08/2019,101700000000,39540000,864200,29230,1098,43.66,1.825,0.07991,0.003664,0.0001757,0.000008803,0.0000004603,0.0000000251,0.000000001426,8.436E-11,5.19E-12,3.318E-13,2.203E-14,1.518E-15
01/09/2019,91310000000,50050000,1258000,53240,2570,132,7.111,0.4003,0.02351,0.001438,0.00009164,0.000006073,0.0000004183,0.00000002992,0.00000000222,1.709E-10,1.362E-11,1.125E-12,9.606E-14
01/10/2019,111600000000,45380000,1024000,39090,1697,78.44,3.807,0.1933,0.01025,0.0005677,0.00003277,0.00000197,0.0000001233,0.000000008023,5.424E-10,3.808E-11,2.773E-12,2.093E-13,1.637E-14
01/11/2019,128400000000,42110000,922600,34020,1425,63.49,2.972,0.1456,0.007457,0.0003988,0.00002224,0.000001293,0.00000007828,0.00000000493,3.227E-10,2.194E-11,1.549E-12,1.133E-13,8.596E-15
01/12/2019,132600000000,42170000,957900,35820,1513,67.86,3.197,0.1576,0.00812,0.0004368,0.00002451,0.000001433,0.00000008725,0.000000005526,3.637E-10,2.487E-11,1.765E-12,1.298E-13,9.899E-15
01/01/2020,113800000000,34960000,855900,30440,1184,48.64,2.096,0.09462,0.00447,0.0002207,0.00001138,0.0000006124,0.00000003435,0.000000002007,1.22E-10,7.709E-12,5.062E-13,3.451E-14,2.44E-15
01/02/2020,132300000000,42460000,975200,35960,1488,65.29,3.008,0.1451,0.007315,0.0003852,0.00002116,0.000001212,0.00000007228,0.000000004486,2.895E-10,1.941E-11,1.351E-12,9.751E-14,7.295E-15
01/03/2020,129300000000,42420000,943200,34190,1395,60.47,2.752,0.1311,0.006534,0.0003401,0.00001847,0.000001046,0.00000006169,0.000000003787,2.417E-10,1.603E-11,1.104E-12,7.888E-14,5.841E-15
01/04/2020,124600000000,40940000,900300,33190,1387,61.7,2.882,0.1409,0.007201,0.0003843,0.00002139,0.000001241,0.00000007497,0.000000004712,3.079E-10,2.09E-11,1.472E-12,1.075E-13,8.14E-15
01/05/2020,117300000000,39060000,874100,32820,1398,63.34,3.013,0.15,0.007803,0.0004237,0.000024,0.000001416,0.00000008701,0.00000000556,3.693E-10,2.547E-11,1.823E-12,1.353E-13,1.04E-14
01/06/2020,107600000000,38190000,884100,33480,1429,64.75,3.08,0.1533,0.007972,0.0004328,0.0000245,0.000001446,0.00000008879,0.000000005672,3.766E-10,2.597E-11,1.858E-12,1.378E-13,1.059E-14
01/07/2020,103900000000,37360000,839500,29390,1144,47.15,2.041,0.09256,0.004392,0.0002178,0.00001128,0.0000006096,0.00000003434,0.000000002014,1.229E-10,7.801E-12,5.143E-13,3.519E-14,2.498E-15
01/08/2020,106500000000,37790000,821700,27720,1038,41.2,1.717,0.07503,0.003432,0.0001642,0.000008206,0.0000004281,0.00000002329,0.00000000132,7.792E-11,4.784E-12,3.052E-13,2.022E-14,1.39E-15
01/09/2020,99820000000,45890000,1106000,44290,2009,96.8,4.894,0.2587,0.01428,0.0008221,0.00004931,0.00000308,0.0000002001,0.00000001351,9.472E-10,6.892E-11,5.2E-12,4.065E-13,3.29E-14
01/10/2020,112000000000,45900000,1110000,46100,2200,112,5.95,0.331,0.0193,0.00117,0.0000735,0.00000482,0.000000329,0.0000000233,0.00000000171,1.31E-10,1.03E-11,8.44E-13,7.15E-14
01/11/2020,122000000000,46200000,1200000,54600,2870,161,9.45,0.58,0.0371,0.00247,0.000171,0.0000123,0.000000915,0.0000000708,0.00000000568,4.72E-10,4.06E-11,3.61E-12,3.32E-13
01/12/2020,136000000000,42400000,1180000,59500,3480,218,14.3,0.975,0.0693,0.00512,0.000393,0.0000313,0.00000258,0.000000221,0.0000000195,0.00000000179,1.69E-10,1.65E-11,1.66E-12
01/01/2021,136000000000,41900000,1060000,44500,2100,106,5.55,0.305,0.0175,0.00105,0.0000652,0.00000423,0.000000285,0.0000000199,0.00000000145,1.09E-10,8.52E-12,6.89E-13,5.76E-14
01/02/2021,133000000000,42300000,998000,37800,1610,72.5,3.43,0.17,0.00877,0.000474,0.0000267,0.00000157,0.0000000956,0.00000000608,4.02E-10,2.76E-11,1.96E-12,1.45E-13,1.11E-14
01/03/2021,116000000000,49100000,1290000,59000,3100,174,10.2,0.625,0.04,0.00266,0.000184,0.0000132,0.000000984,0.0000000762,0.00000000611,5.07E-10,4.36E-11,3.88E-12,3.56E-13
01/04/2021,122000000000,42400000,997000,40100,1840,89.6,4.59,0.246,0.0137,0.0008,0.0000486,0.00000307,0.000000202,0.0000000138,9.78E-10,7.2E-11,5.49E-12,4.34E-13,3.55E-14
01/05/2021,117000000000,39600000,935000,37600,1720,83.9,4.29,0.23,0.0128,0.000746,0.0000452,0.00000286,0.000000188,0.0000000128,9.07E-10,6.67E-11,5.08E-12,4.01E-13,3.28E-14
01/06/2021,114000000000,36600000,896000,36700,1700,83.8,4.33,0.234,0.0132,0.000774,0.0000474,0.00000302,0.0000002,0.0000000138,9.85E-10,7.3E-11,5.61E-12,4.47E-13,3.68E-14
01/07/2021,103000000000,38700000,1050000,48000,2510,139,8.08,0.49,0.031,0.00204,0.00014,0.00000993,0.000000734,0.0000000562,0.00000000446,3.67E-10,3.13E-11,2.76E-12,2.51E-13
01/08/2021,106000000000,38700000,943000,36600,1590,72.9,3.51,0.177,0.00931,0.000511,0.0000293,0.00000175,0.000000109,0.00000000701,4.71E-10,3.28E-11,2.37E-12,1.78E-13,1.38E-14
01/09/2021,110000000000,41800000,1060000,45000,2180,112,6.06,0.342,0.0201,0.00123,0.0000785,0.00000521,0.000000359,0.0000000257,0.00000000191,1.47E-10,1.18E-11,9.72E-13,8.31E-14
01/10/2021,110000000000,48000000,1370000,71500,4360,285,19.5,1.4,0.104,0.00799,0.000639,0.000053,0.00000456,0.000000405,0.0000000373,0.00000000355,3.49E-10,3.54E-11,3.71E-12
01/11/2021,121000000000,47300000,1370000,73500,4650,316,22.5,1.67,0.129,0.0103,0.000857,0.0000738,0.00000657,0.000000606,0.0000000578,0.00000000569,5.79E-10,6.08E-11,6.58E-12
01/12/2021,119000000000,50700000,1590000,90900,6060,432,32.3,2.51,0.203,0.017,0.00148,0.000133,0.0000124,0.00000119,0.000000118,0.0000000121,0.00000000129,1.41E-10,1.58E-11
01/01/2022,125000000000,48300000,1590000,93400,6380,466,35.6,2.83,0.233,0.02,0.00177,0.000162,0.0000154,0.00000151,0.000000153,0.000000016,0.00000000173,1.93E-10,2.21E-11
01/02/2022,131000000000,46000000,1580000,100000,7440,592,49.2,4.26,0.382,0.0355,0.00341,0.000339,0.0000349,0.0000037,0.000000405,0.0000000457,0.00000000532,6.38E-10,7.87E-11
01/03/2022,127000000000,46400000,1500000,86600,5780,412,30.7,2.38,0.191,0.016,0.00138,0.000124,0.0000115,0.0000011,0.000000109,0.0000000112,0.00000000118,1.29E-10,1.44E-11
01/04/2022,117000000000,51600000,2150000,187000,20300,2400,300,38.9,5.2,0.718,0.102,0.0149,0.00224,0.000345,0.0000546,0.00000887,0.00000148,0.000000252,0.0000000441
