Date,"Density, g/cm-3 (100 km)","Density, g/cm-3 (150 km)","Density, g/cm-3 (200 km)","Density, g/cm-3 (250 km)","Density, g/cm-3 (300 km)","Density, g/cm-3 (350 km)","Density, g/cm-3 (400 km)","Density, g/cm-3 (450 km)","Density, g/cm-3 (500 km)","Density, g/cm-3 (550 km)","Density, g/cm-3 (600 km)","Density, g/cm-3 (650 km)","Density, g/cm-3 (700 km)","Density, g/cm-3 (750 km)","Density, g/cm-3 (800 km)","Density, g/cm-3 (850 km)","Density, g/cm-3 (900 km)","Density, g/cm-3 (950 km)","Density, g/cm-3 (1000 km)"
01/01/1996,7.814E-10,1.583E-12,1.552E-13,2.735E-14,6.313E-15,1.694E-15,4.956E-16,1.549E-16,5.239E-17,1.999E-17,9.067E-18,5E-18,3.242E-18,2.333E-18,1.779E-18,1.402E-18,1.128E-18,9.21E-19,7.615E-19
01/02/1996,7.683E-10,1.601E-12,1.584E-13,2.827E-14,6.591E-15,1.78E-15,5.231E-16,1.64E-16,5.56E-17,2.124E-17,9.63E-18,5.301E-18,3.43E-18,2.464E-18,1.877E-18,1.477E-18,1.187E-18,9.675E-19,7.989E-19
01/03/1996,7.804E-10,1.676E-12,1.617E-13,2.841E-14,6.518E-15,1.724E-15,4.954E-16,1.525E-16,5.149E-17,2.005E-17,9.487E-18,5.476E-18,3.664E-18,2.676E-18,2.049E-18,1.612E-18,1.29E-18,1.048E-18,8.612E-19
01/04/1996,7.233E-10,1.787E-12,1.78E-13,3.277E-14,7.839E-15,2.152E-15,6.402E-16,2.035E-16,7.042E-17,2.774E-17,1.305E-17,7.415E-18,4.884E-18,3.527E-18,2.679E-18,2.094E-18,1.667E-18,1.344E-18,1.096E-18
01/05/1996,6.911E-10,1.702E-12,1.667E-13,3.009E-14,7.078E-15,1.918E-15,5.639E-16,1.774E-16,6.08E-17,2.38E-17,1.118E-17,6.367E-18,4.211E-18,3.054E-18,2.329E-18,1.828E-18,1.461E-18,1.184E-18,9.708E-19
01/06/1996,6.521E-10,1.525E-12,1.458E-13,2.514E-14,5.687E-15,1.493E-15,4.271E-16,1.307E-16,4.362E-17,1.666E-17,7.702E-18,4.367E-18,2.901E-18,2.122E-18,1.636E-18,1.299E-18,1.052E-18,8.647E-19,7.201E-19
01/07/1996,6.041E-10,1.443E-12,1.389E-13,2.375E-14,5.336E-15,1.397E-15,3.991E-16,1.218E-16,4.023E-17,1.506E-17,6.763E-18,3.736E-18,2.445E-18,1.781E-18,1.376E-18,1.1E-18,8.971E-19,7.435E-19,6.246E-19
01/08/1996,5.861E-10,1.521E-12,1.522E-13,2.734E-14,6.418E-15,1.749E-15,5.19E-16,1.637E-16,5.527E-17,2.066E-17,9.002E-18,4.733E-18,2.96E-18,2.09E-18,1.584E-18,1.25E-18,1.01E-18,8.301E-19,6.912E-19
01/09/1996,6.528E-10,1.662E-12,1.603E-13,2.814E-14,6.465E-15,1.718E-15,4.959E-16,1.528E-16,5.114E-17,1.944E-17,8.873E-18,4.947E-18,3.238E-18,2.342E-18,1.79E-18,1.411E-18,1.134E-18,9.247E-19,7.639E-19
01/10/1996,7.087E-10,1.815E-12,1.739E-13,3.072E-14,7.092E-15,1.887E-15,5.451E-16,1.688E-16,5.726E-17,2.238E-17,1.06E-17,6.11E-18,4.076E-18,2.967E-18,2.263E-18,1.773E-18,1.413E-18,1.141E-18,9.33E-19
01/11/1996,7.67E-10,1.817E-12,1.763E-13,3.153E-14,7.366E-15,1.986E-15,5.819E-16,1.826E-16,6.254E-17,2.451E-17,1.154E-17,6.587E-18,4.358E-18,3.155E-18,2.399E-18,1.875E-18,1.492E-18,1.203E-18,9.808E-19
01/12/1996,7.898E-10,1.7E-12,1.722E-13,3.208E-14,7.803E-15,2.197E-15,6.731E-16,2.194E-16,7.655E-17,2.951E-17,1.315E-17,6.979E-18,4.352E-18,3.043E-18,2.279E-18,1.775E-18,1.413E-18,1.143E-18,9.356E-19
01/01/1997,7.823E-10,1.589E-12,1.572E-13,2.783E-14,6.44E-15,1.731E-15,5.073E-16,1.587E-16,5.369E-17,2.045E-17,9.25E-18,5.081E-18,3.283E-18,2.357E-18,1.795E-18,1.413E-18,1.136E-18,9.263E-19,7.651E-19
01/02/1997,7.842E-10,1.587E-12,1.546E-13,2.7E-14,6.165E-15,1.632E-15,4.703E-16,1.449E-16,4.86E-17,1.858E-17,8.55E-18,4.808E-18,3.167E-18,2.3E-18,1.761E-18,1.39E-18,1.119E-18,9.134E-19,7.555E-19
01/03/1997,7.304E-10,1.735E-12,1.774E-13,3.313E-14,8.026E-15,2.236E-15,6.75E-16,2.169E-16,7.514E-17,2.912E-17,1.325E-17,7.25E-18,4.642E-18,3.301E-18,2.493E-18,1.947E-18,1.552E-18,1.255E-18,1.027E-18
01/04/1997,7.134E-10,1.809E-12,1.856E-13,3.529E-14,8.694E-15,2.456E-15,7.508E-16,2.443E-16,8.572E-17,3.366E-17,1.549E-17,8.533E-18,5.478E-18,3.893E-18,2.934E-18,2.285E-18,1.815E-18,1.461E-18,1.19E-18
01/05/1997,6.115E-10,1.823E-12,1.961E-13,3.912E-14,1.008E-14,2.976E-15,9.502E-16,3.215E-16,1.159E-16,4.568E-17,2.05E-17,1.079E-17,6.627E-18,4.571E-18,3.392E-18,2.625E-18,2.081E-18,1.677E-18,1.366E-18
01/06/1997,6.384E-10,1.553E-12,1.536E-13,2.754E-14,6.453E-15,1.751E-15,5.172E-16,1.628E-16,5.531E-17,2.109E-17,9.504E-18,5.193E-18,3.343E-18,2.397E-18,1.827E-18,1.441E-18,1.161E-18,9.494E-19,7.865E-19
01/07/1997,6.205E-10,1.432E-12,1.366E-13,2.31E-14,5.136E-15,1.331E-15,3.765E-16,1.138E-16,3.736E-17,1.396E-17,6.304E-18,3.513E-18,2.317E-18,1.697E-18,1.315E-18,1.053E-18,8.6E-19,7.138E-19,6.005E-19
01/08/1997,6.1E-10,1.498E-12,1.468E-13,2.547E-14,5.782E-15,1.525E-15,4.38E-16,1.341E-16,4.432E-17,1.649E-17,7.313E-18,3.975E-18,2.566E-18,1.85E-18,1.42E-18,1.128E-18,9.153E-19,7.548E-19,6.308E-19
01/09/1997,6.586E-10,1.689E-12,1.779E-13,3.438E-14,8.612E-15,2.486E-15,7.782E-16,2.578E-16,9.049E-17,3.443E-17,1.478E-17,7.429E-18,4.399E-18,2.968E-18,2.18E-18,1.682E-18,1.335E-18,1.079E-18,8.84E-19
01/10/1997,5.843E-10,2.043E-12,2.396E-13,5.24E-14,1.469E-14,4.698E-15,1.621E-15,5.89E-16,2.244E-16,9.058E-17,3.97E-17,1.946E-17,1.089E-17,6.915E-18,4.848E-18,3.631E-18,2.831E-18,2.262E-18,1.835E-18
01/11/1997,7.208E-10,1.936E-12,2.162E-13,4.494E-14,1.203E-14,3.689E-15,1.224E-15,4.294E-16,1.588E-16,6.302E-17,2.766E-17,1.388E-17,8.054E-18,5.305E-18,3.819E-18,2.905E-18,2.282E-18,1.828E-18,1.483E-18
01/12/1997,7.749E-10,1.777E-12,2.012E-13,4.231E-14,1.148E-14,3.582E-15,1.213E-15,4.338E-16,1.628E-16,6.478E-17,2.8E-17,1.356E-17,7.518E-18,4.752E-18,3.327E-18,2.492E-18,1.946E-18,1.558E-18,1.266E-18
01/01/1998,7.813E-10,1.641E-12,1.831E-13,3.718E-14,9.739E-15,2.944E-15,9.672E-16,3.36E-16,1.228E-16,4.779E-17,2.039E-17,9.871E-18,5.535E-18,3.554E-18,2.524E-18,1.911E-18,1.503E-18,1.209E-18,9.876E-19
01/02/1998,7.535E-10,1.668E-12,1.855E-13,3.726E-14,9.626E-15,2.86E-15,9.219E-16,3.142E-16,1.13E-16,4.364E-17,1.872E-17,9.251E-18,5.339E-18,3.521E-18,2.546E-18,1.947E-18,1.538E-18,1.24E-18,1.013E-18
01/03/1998,7.126E-10,1.833E-12,2.168E-13,4.69E-14,1.294E-14,4.075E-15,1.385E-15,4.959E-16,1.862E-16,7.419E-17,3.215E-17,1.564E-17,8.723E-18,5.539E-18,3.889E-18,2.917E-18,2.277E-18,1.821E-18,1.479E-18
01/04/1998,7.578E-10,1.862E-12,2.191E-13,4.784E-14,1.334E-14,4.235E-15,1.451E-15,5.231E-16,1.978E-16,7.929E-17,3.453E-17,1.685E-17,9.398E-18,5.959E-18,4.175E-18,3.125E-18,2.434E-18,1.943E-18,1.574E-18
01/05/1998,6.671E-10,1.853E-12,2.242E-13,5.015E-14,1.429E-14,4.64E-15,1.626E-15,5.993E-16,2.311E-16,9.391E-17,4.104E-17,1.984E-17,1.084E-17,6.719E-18,4.619E-18,3.417E-18,2.646E-18,2.108E-18,1.708E-18
01/06/1998,6.434E-10,1.629E-12,1.883E-13,3.941E-14,1.055E-14,3.242E-15,1.08E-15,3.795E-16,1.399E-16,5.473E-17,2.33E-17,1.116E-17,6.152E-18,3.885E-18,2.725E-18,2.048E-18,1.604E-18,1.288E-18,1.051E-18
01/07/1998,6.046E-10,1.542E-12,1.867E-13,4.091E-14,1.144E-14,3.675E-15,1.282E-15,4.719E-16,1.81E-16,7.255E-17,3.079E-17,1.416E-17,7.259E-18,4.212E-18,2.749E-18,1.968E-18,1.499E-18,1.188E-18,9.649E-19
01/08/1998,5.479E-10,1.686E-12,2.184E-13,5.074E-14,1.488E-14,4.974E-15,1.799E-15,6.844E-16,2.708E-16,1.113E-16,4.803E-17,2.214E-17,1.117E-17,6.281E-18,3.954E-18,2.742E-18,2.042E-18,1.594E-18,1.282E-18
01/09/1998,5.895E-10,1.94E-12,2.672E-13,6.862E-14,2.23E-14,8.218E-15,3.264E-15,1.36E-15,5.871E-16,2.612E-16,1.2E-16,5.738E-17,2.892E-17,1.561E-17,9.142E-18,5.845E-18,4.052E-18,3.001E-18,2.332E-18
01/10/1998,6.137E-10,2.137E-12,2.868E-13,7.109E-14,2.222E-14,7.855E-15,2.987E-15,1.191E-15,4.93E-16,2.116E-16,9.501E-17,4.529E-17,2.338E-17,1.329E-17,8.36E-18,5.758E-18,4.251E-18,3.294E-18,2.633E-18
01/11/1998,7.453E-10,2.025E-12,2.579E-13,6.049E-14,1.797E-14,6.062E-15,2.206E-15,8.439E-16,3.361E-16,1.398E-16,6.147E-17,2.919E-17,1.533E-17,9.017E-18,5.908E-18,4.216E-18,3.193E-18,2.511E-18,2.022E-18
01/12/1998,7.217E-10,1.963E-12,2.692E-13,6.855E-14,2.21E-14,8.09E-15,3.197E-15,1.328E-15,5.717E-16,2.541E-16,1.17E-16,5.62E-17,2.859E-17,1.565E-17,9.332E-18,6.077E-18,4.282E-18,3.21E-18,2.515E-18
01/01/1999,7.581E-10,1.795E-12,2.469E-13,6.233E-14,1.987E-14,7.197E-15,2.819E-15,1.161E-15,4.96E-16,2.187E-16,9.969E-17,4.737E-17,2.377E-17,1.281E-17,7.518E-18,4.825E-18,3.36E-18,2.499E-18,1.948E-18
01/02/1999,8.06E-10,1.724E-12,2.184E-13,4.917E-14,1.394E-14,4.503E-15,1.572E-15,5.772E-16,2.209E-16,8.845E-17,3.761E-17,1.741E-17,9.016E-18,5.292E-18,3.486E-18,2.506E-18,1.91E-18,1.509E-18,1.219E-18
01/03/1999,8.06E-10,1.724E-12,2.184E-13,4.917E-14,1.394E-14,4.503E-15,1.572E-15,5.772E-16,2.209E-16,8.845E-17,3.761E-17,1.741E-17,9.016E-18,5.292E-18,3.486E-18,2.506E-18,1.91E-18,1.509E-18,1.219E-18
01/04/1999,6.942E-10,1.999E-12,2.583E-13,6.089E-14,1.806E-14,6.055E-15,2.182E-15,8.255E-16,3.254E-16,1.344E-16,5.908E-17,2.832E-17,1.515E-17,9.125E-18,6.113E-18,4.437E-18,3.395E-18,2.686E-18,2.168E-18
01/05/1999,6.174E-10,2.003E-12,2.743E-13,6.906E-14,2.186E-14,7.816E-15,3.004E-15,1.211E-15,5.063E-16,2.195E-16,9.934E-17,4.762E-17,2.463E-17,1.398E-17,8.757E-18,6.001E-18,4.414E-18,3.411E-18,2.724E-18
01/06/1999,6.243E-10,1.784E-12,2.527E-13,6.541E-14,2.123E-14,7.802E-15,3.093E-15,1.288E-15,5.556E-16,2.472E-16,1.136E-16,5.428E-17,2.731E-17,1.47E-17,8.576E-18,5.459E-18,3.77E-18,2.783E-18,2.158E-18
01/07/1999,5.925E-10,1.699E-12,2.521E-13,6.793E-14,2.287E-14,8.7E-15,3.573E-15,1.542E-15,6.897E-16,3.171E-16,1.497E-16,7.273E-17,3.66E-17,1.928E-17,1.076E-17,6.441E-18,4.158E-18,2.887E-18,2.134E-18
01/08/1999,5.859E-10,1.755E-12,2.594E-13,6.953E-14,2.326E-14,8.789E-15,3.582E-15,1.534E-15,6.804E-16,3.103E-16,1.454E-16,7.017E-17,3.515E-17,1.849E-17,1.034E-17,6.224E-18,4.05E-18,2.837E-18,2.113E-18
01/09/1999,5.786E-10,2.013E-12,2.972E-13,8.049E-14,2.727E-14,1.041E-14,4.277E-15,1.841E-15,8.197E-16,3.754E-16,1.768E-16,8.602E-17,4.362E-17,2.333E-17,1.334E-17,8.237E-18,5.497E-18,3.935E-18,2.98E-18
01/10/1999,6.57E-10,2.17E-12,3.07E-13,7.819E-14,2.478E-14,8.831E-15,3.378E-15,1.353E-15,5.617E-16,2.413E-16,1.08E-16,5.103E-17,2.593E-17,1.443E-17,8.871E-18,5.984E-18,4.349E-18,3.333E-18,2.647E-18
01/11/1999,6.965E-10,2.214E-12,3.258E-13,8.775E-14,2.95E-14,1.116E-14,4.532E-15,1.928E-15,8.491E-16,3.852E-16,1.803E-16,8.767E-17,4.479E-17,2.439E-17,1.434E-17,9.16E-18,6.325E-18,4.661E-18,3.606E-18
01/12/1999,7.483E-10,2.021E-12,2.973E-13,7.892E-14,2.608E-14,9.715E-15,3.894E-15,1.638E-15,7.133E-16,3.201E-16,1.482E-16,7.122E-17,3.594E-17,1.933E-17,1.123E-17,7.097E-18,4.861E-18,3.563E-18,2.747E-18
01/01/2000,6.647E-10,1.944E-12,2.877E-13,7.567E-14,2.471E-14,9.084E-15,3.592E-15,1.489E-15,6.394E-16,2.829E-16,1.293E-16,6.145E-17,3.078E-17,1.651E-17,9.617E-18,6.12E-18,4.228E-18,3.124E-18,2.423E-18
01/02/2000,7.356E-10,1.883E-12,2.738E-13,7.034E-14,2.24E-14,8.033E-15,3.098E-15,1.253E-15,5.25E-16,2.27E-16,1.017E-16,4.766E-17,2.374E-17,1.279E-17,7.558E-18,4.907E-18,3.459E-18,2.596E-18,2.036E-18
01/03/2000,6.83E-10,2.14E-12,3.417E-13,9.951E-14,3.595E-14,1.454E-14,6.297E-15,2.852E-15,1.334E-15,6.401E-16,3.146E-16,1.587E-16,8.255E-17,4.463E-17,2.534E-17,1.525E-17,9.803E-18,6.731E-18,4.908E-18
01/04/2000,6.808E-10,2.246E-12,3.619E-13,1.067E-13,3.896E-14,1.59E-14,6.939E-15,3.165E-15,1.49E-15,7.195E-16,3.56E-16,1.808E-16,9.47E-17,5.159E-17,2.952E-17,1.79E-17,1.159E-17,8.002E-18,5.861E-18
01/05/2000,6.227E-10,2.155E-12,3.41E-13,9.697E-14,3.4E-14,1.332E-14,5.584E-15,2.447E-15,1.108E-15,5.157E-16,2.467E-16,1.218E-16,6.263E-17,3.39E-17,1.956E-17,1.215E-17,8.125E-18,5.818E-18,4.402E-18
01/06/2000,6.007E-10,1.887E-12,2.897E-13,7.856E-14,2.625E-14,9.841E-15,3.963E-15,1.673E-15,7.304E-16,3.284E-16,1.52E-16,7.289E-17,3.657E-17,1.947E-17,1.115E-17,6.938E-18,4.681E-18,3.388E-18,2.589E-18
01/07/2000,5.781E-10,1.75E-12,2.686E-13,7.198E-14,2.372E-14,8.788E-15,3.504E-15,1.467E-15,6.358E-16,2.835E-16,1.301E-16,6.17E-17,3.053E-17,1.598E-17,8.981E-18,5.477E-18,3.629E-18,2.59E-18,1.959E-18
01/08/2000,5.645E-10,1.802E-12,2.695E-13,7.077E-14,2.294E-14,8.365E-15,3.284E-15,1.353E-15,5.77E-16,2.535E-16,1.148E-16,5.394E-17,2.662E-17,1.401E-17,7.985E-18,4.973E-18,3.372E-18,2.456E-18,1.887E-18
01/09/2000,5.85E-10,2.052E-12,3.115E-13,8.481E-14,2.859E-14,1.082E-14,4.395E-15,1.87E-15,8.225E-16,3.722E-16,1.734E-16,8.355E-17,4.206E-17,2.242E-17,1.283E-17,7.953E-18,5.342E-18,3.849E-18,2.93E-18
01/10/2000,6.451E-10,2.25E-12,3.412E-13,9.533E-14,3.324E-14,1.302E-14,5.471E-15,2.407E-15,1.094E-15,5.112E-16,2.454E-16,1.215E-16,6.252E-17,3.38E-17,1.944E-17,1.201E-17,7.982E-18,5.682E-18,4.278E-18
01/11/2000,7.13E-10,2.23E-12,3.377E-13,9.401E-14,3.264E-14,1.274E-14,5.338E-15,2.343E-15,1.063E-15,4.963E-16,2.38E-16,1.178E-16,6.061E-17,3.279E-17,1.889E-17,1.169E-17,7.787E-18,5.554E-18,4.189E-18
01/12/2000,7.456E-10,2.028E-12,3.03E-13,8.267E-14,2.816E-14,1.081E-14,4.469E-15,1.938E-15,8.7E-16,4.018E-16,1.907E-16,9.347E-17,4.764E-17,2.556E-17,1.461E-17,8.992E-18,5.971E-18,4.251E-18,3.204E-18
01/01/2001,7.77E-10,1.826E-12,2.63E-13,6.807E-14,2.198E-14,8.022E-15,3.16E-15,1.308E-15,5.611E-16,2.482E-16,1.133E-16,5.374E-17,2.681E-17,1.429E-17,8.259E-18,5.21E-18,3.571E-18,2.621E-18,2.025E-18
01/02/2001,7.41E-10,1.845E-12,2.621E-13,6.706E-14,2.144E-14,7.746E-15,3.016E-15,1.233E-15,5.221E-16,2.282E-16,1.032E-16,4.876E-17,2.441E-17,1.317E-17,7.765E-18,5.018E-18,3.519E-18,2.631E-18,2.058E-18
01/03/2001,7.465E-10,1.968E-12,2.788E-13,7.055E-14,2.218E-14,7.846E-15,2.98E-15,1.186E-15,4.892E-16,2.088E-16,9.286E-17,4.36E-17,2.203E-17,1.22E-17,7.476E-18,5.034E-18,3.656E-18,2.801E-18,2.224E-18
01/04/2001,6.28E-10,2.308E-12,3.681E-13,1.092E-13,4.05E-14,1.682E-14,7.469E-15,3.464E-15,1.657E-15,8.128E-16,4.079E-16,2.098E-16,1.111E-16,6.092E-17,3.494E-17,2.114E-17,1.359E-17,9.302E-18,6.747E-18
01/05/2001,6.922E-10,2.021E-12,3.008E-13,8.224E-14,2.804E-14,1.075E-14,4.428E-15,1.91E-15,8.52E-16,3.912E-16,1.849E-16,9.047E-17,4.625E-17,2.503E-17,1.452E-17,9.11E-18,6.173E-18,4.475E-18,3.42E-18
01/06/2001,6.028E-10,1.816E-12,2.582E-13,6.573E-14,2.085E-14,7.471E-15,2.883E-15,1.168E-15,4.903E-16,2.127E-16,9.571E-17,4.513E-17,2.266E-17,1.234E-17,7.373E-18,4.837E-18,3.438E-18,2.597E-18,2.045E-18
01/07/2001,5.848E-10,1.649E-12,2.276E-13,5.598E-14,1.722E-14,6.014E-15,2.271E-15,9.021E-16,3.719E-16,1.584E-16,7.004E-17,3.247E-17,1.606E-17,8.637E-18,5.121E-18,3.347E-18,2.377E-18,1.797E-18,1.417E-18
01/08/2001,5.75E-10,1.744E-12,2.444E-13,5.959E-14,1.802E-14,6.16E-15,2.27E-15,8.786E-16,3.526E-16,1.465E-16,6.339E-17,2.898E-17,1.428E-17,7.749E-18,4.681E-18,3.128E-18,2.265E-18,1.735E-18,1.379E-18
01/09/2001,6.379E-10,1.996E-12,3.037E-13,8.304E-14,2.811E-14,1.069E-14,4.364E-15,1.868E-15,8.272E-16,3.766E-16,1.762E-16,8.509E-17,4.275E-17,2.262E-17,1.278E-17,7.789E-18,5.136E-18,3.64E-18,2.736E-18
01/10/2001,5.618E-10,2.536E-12,4.425E-13,1.386E-13,5.326E-14,2.273E-14,1.035E-14,4.914E-15,2.406E-15,1.207E-15,6.182E-16,3.234E-16,1.731E-16,9.524E-17,5.421E-17,3.216E-17,2.004E-17,1.32E-17,9.189E-18
01/11/2001,6.382E-10,2.486E-12,4.266E-13,1.311E-13,4.94E-14,2.07E-14,9.261E-15,4.327E-15,2.085E-15,1.03E-15,5.202E-16,2.686E-16,1.423E-16,7.773E-17,4.412E-17,2.625E-17,1.65E-17,1.1E-17,7.782E-18
01/12/2001,7.274E-10,2.199E-12,3.697E-13,1.101E-13,4.017E-14,1.634E-14,7.117E-15,3.245E-15,1.529E-15,7.388E-16,3.653E-16,1.849E-16,9.617E-17,5.169E-17,2.896E-17,1.708E-17,1.069E-17,7.13E-18,5.058E-18
01/01/2002,7.311E-10,2.022E-12,3.397E-13,1.011E-13,3.694E-14,1.506E-14,6.583E-15,3.016E-15,1.428E-15,6.942E-16,3.45E-16,1.753E-16,9.13E-17,4.9E-17,2.73E-17,1.593E-17,9.822E-18,6.437E-18,4.484E-18
01/02/2002,7.062E-10,2.046E-12,3.437E-13,1.028E-13,3.779E-14,1.549E-14,6.802E-15,3.127E-15,1.485E-15,7.229E-16,3.599E-16,1.832E-16,9.565E-17,5.147E-17,2.877E-17,1.685E-17,1.044E-17,6.871E-18,4.807E-18
01/03/2002,7.171E-10,2.122E-12,3.431E-13,9.933E-14,3.538E-14,1.407E-14,5.989E-15,2.665E-15,1.225E-15,5.78E-16,2.795E-16,1.389E-16,7.139E-17,3.826E-17,2.163E-17,1.304E-17,8.43E-18,5.838E-18,4.294E-18
01/04/2002,6.616E-10,2.252E-12,3.603E-13,1.052E-13,3.808E-14,1.539E-14,6.656E-15,3.007E-15,1.402E-15,6.712E-16,3.294E-16,1.662E-16,8.673E-17,4.722E-17,2.712E-17,1.658E-17,1.085E-17,7.59E-18,5.624E-18
01/05/2002,6.847E-10,2.041E-12,3.045E-13,8.165E-14,2.711E-14,1.009E-14,4.029E-15,1.684E-15,7.283E-16,3.247E-16,1.496E-16,7.181E-17,3.639E-17,1.977E-17,1.168E-17,7.522E-18,5.247E-18,3.901E-18,3.038E-18
01/06/2002,6.39E-10,1.793E-12,2.599E-13,6.875E-14,2.275E-14,8.507E-15,3.43E-15,1.452E-15,6.368E-16,2.876E-16,1.338E-16,6.443E-17,3.245E-17,1.733E-17,9.946E-18,6.191E-18,4.177E-18,3.022E-18,2.309E-18
01/07/2002,5.574E-10,1.717E-12,2.507E-13,6.498E-14,2.092E-14,7.608E-15,2.984E-15,1.23E-15,5.253E-16,2.312E-16,1.05E-16,4.956E-17,2.459E-17,1.304E-17,7.496E-18,4.709E-18,3.219E-18,2.359E-18,1.821E-18
01/08/2002,5.339E-10,1.853E-12,2.901E-13,8.189E-14,2.869E-14,1.13E-14,4.785E-15,2.126E-15,9.772E-16,4.613E-16,2.23E-16,1.106E-16,5.655E-17,3.002E-17,1.672E-17,9.881E-18,6.243E-18,4.226E-18,3.049E-18
01/09/2002,6.01E-10,2.038E-12,3.128E-13,8.629E-14,2.947E-14,1.129E-14,4.645E-15,2.002E-15,8.923E-16,4.088E-16,1.924E-16,9.344E-17,4.719E-17,2.507E-17,1.42E-17,8.67E-18,5.719E-18,4.051E-18,3.042E-18
01/10/2002,5.401E-10,2.415E-12,3.804E-13,1.077E-13,3.762E-14,1.467E-14,6.115E-15,2.661E-15,1.196E-15,5.524E-16,2.625E-16,1.289E-16,6.608E-17,3.578E-17,2.074E-17,1.297E-17,8.754E-18,6.322E-18,4.818E-18
01/11/2002,7.165E-10,2.181E-12,3.175E-13,8.508E-14,2.854E-14,1.078E-14,4.38E-15,1.865E-15,8.217E-16,3.73E-16,1.747E-16,8.499E-17,4.343E-17,2.364E-17,1.388E-17,8.855E-18,6.107E-18,4.495E-18,3.475E-18
01/12/2002,6.87E-10,2.061E-12,3.013E-13,7.99E-14,2.645E-14,9.872E-15,3.964E-15,1.67E-15,7.281E-16,3.273E-16,1.519E-16,7.325E-17,3.717E-17,2.014E-17,1.18E-17,7.532E-18,5.204E-18,3.84E-18,2.975E-18
01/01/2003,7.454E-10,1.795E-12,2.393E-13,5.678E-14,1.689E-14,5.709E-15,2.085E-15,8.006E-16,3.195E-16,1.325E-16,5.763E-17,2.674E-17,1.354E-17,7.624E-18,4.793E-18,3.314E-18,2.46E-18,1.914E-18,1.534E-18
01/02/2003,7.163E-10,1.812E-12,2.412E-13,5.784E-14,1.745E-14,5.979E-15,2.21E-15,8.585E-16,3.464E-16,1.452E-16,6.369E-17,2.975E-17,1.512E-17,8.518E-18,5.343E-18,3.684E-18,2.727E-18,2.118E-18,1.697E-18
01/03/2003,7.126E-10,1.907E-12,2.497E-13,6E-14,1.822E-14,6.271E-15,2.325E-15,9.052E-16,3.662E-16,1.541E-16,6.814E-17,3.224E-17,1.669E-17,9.606E-18,6.15E-18,4.308E-18,3.223E-18,2.519E-18,2.023E-18
01/04/2003,6.767E-10,2.045E-12,2.764E-13,7.043E-14,2.277E-14,8.329E-15,3.277E-15,1.351E-15,5.774E-16,2.552E-16,1.172E-16,5.668E-17,2.929E-17,1.646E-17,1.014E-17,6.825E-18,4.945E-18,3.782E-18,3.001E-18
01/05/2003,5.83E-10,2.044E-12,2.833E-13,7.375E-14,2.432E-14,9.074E-15,3.642E-15,1.532E-15,6.672E-16,3.001E-16,1.398E-16,6.813E-17,3.521E-17,1.96E-17,1.188E-17,7.846E-18,5.588E-18,4.221E-18,3.324E-18
01/06/2003,5.695E-10,1.774E-12,2.334E-13,5.583E-14,1.686E-14,5.789E-15,2.146E-15,8.363E-16,3.388E-16,1.426E-16,6.293E-17,2.962E-17,1.519E-17,8.64E-18,5.467E-18,3.796E-18,2.824E-18,2.201E-18,1.767E-18
01/07/2003,5.894E-10,1.591E-12,2.042E-13,4.728E-14,1.386E-14,4.644E-15,1.687E-15,6.456E-16,2.569E-16,1.062E-16,4.592E-17,2.114E-17,1.06E-17,5.9E-18,3.671E-18,2.521E-18,1.864E-18,1.449E-18,1.164E-18
01/08/2003,5.189E-10,1.711E-12,2.205E-13,5.085E-14,1.481E-14,4.913E-15,1.763E-15,6.654E-16,2.613E-16,1.068E-16,4.594E-17,2.123E-17,1.08E-17,6.158E-18,3.936E-18,2.765E-18,2.077E-18,1.631E-18,1.316E-18
01/09/2003,6.045E-10,1.839E-12,2.279E-13,5.152E-14,1.478E-14,4.836E-15,1.709E-15,6.349E-16,2.459E-16,9.961E-17,4.286E-17,2.007E-17,1.049E-17,6.2E-18,4.1E-18,2.954E-18,2.254E-18,1.782E-18,1.441E-18
01/10/2003,6.621E-10,2.061E-12,2.688E-13,6.521E-14,2.004E-14,6.984E-15,2.623E-15,1.034E-15,4.233E-16,1.801E-16,8.026E-17,3.812E-17,1.97E-17,1.126E-17,7.14E-18,4.956E-18,3.682E-18,2.863E-18,2.293E-18
01/11/2003,6.612E-10,2.304E-12,3.386E-13,9.455E-14,3.345E-14,1.336E-14,5.729E-15,2.57E-15,1.191E-15,5.662E-16,2.762E-16,1.386E-16,7.198E-17,3.907E-17,2.242E-17,1.373E-17,9.012E-18,6.329E-18,4.709E-18
01/12/2003,7.281E-10,1.948E-12,2.642E-13,6.629E-14,2.104E-14,7.587E-15,2.954E-15,1.209E-15,5.131E-16,2.252E-16,1.026E-16,4.898E-17,2.491E-17,1.373E-17,8.289E-18,5.48E-18,3.915E-18,2.967E-18,2.341E-18
01/01/2004,5.845E-10,1.669E-12,2.279E-13,5.366E-14,1.579E-14,5.281E-15,1.908E-15,7.257E-16,2.874E-16,1.187E-16,5.178E-17,2.434E-17,1.264E-17,7.355E-18,4.782E-18,3.4E-18,2.573E-18,2.028E-18,1.638E-18
01/02/2004,7.42E-10,1.715E-12,2.034E-13,4.334E-14,1.177E-14,3.661E-15,1.233E-15,4.375E-16,1.627E-16,6.406E-17,2.733E-17,1.305E-17,7.14E-18,4.467E-18,3.108E-18,2.321E-18,1.81E-18,1.449E-18,1.179E-18
01/03/2004,6.961E-10,1.876E-12,2.314E-13,5.271E-14,1.529E-14,5.048E-15,1.798E-15,6.732E-16,2.63E-16,1.077E-16,4.708E-17,2.25E-17,1.204E-17,7.281E-18,4.902E-18,3.574E-18,2.745E-18,2.178E-18,1.763E-18
01/04/2004,7.518E-10,1.868E-12,2.214E-13,4.921E-14,1.4E-14,4.538E-15,1.587E-15,5.84E-16,2.248E-16,9.123E-17,3.988E-17,1.93E-17,1.058E-17,6.575E-18,4.532E-18,3.356E-18,2.601E-18,2.071E-18,1.678E-18
01/05/2004,6.638E-10,1.824E-12,2.121E-13,4.542E-14,1.243E-14,3.883E-15,1.31E-15,4.659E-16,1.742E-16,6.943E-17,3.03E-17,1.496E-17,8.5E-18,5.492E-18,3.903E-18,2.949E-18,2.31E-18,1.85E-18,1.502E-18
01/06/2004,5.895E-10,1.673E-12,1.97E-13,4.234E-14,1.165E-14,3.675E-15,1.256E-15,4.527E-16,1.708E-16,6.806E-17,2.925E-17,1.398E-17,7.611E-18,4.725E-18,3.266E-18,2.43E-18,1.892E-18,1.515E-18,1.234E-18
01/07/2004,5.862E-10,1.539E-12,1.761E-13,3.559E-14,9.193E-15,2.735E-15,8.835E-16,3.016E-16,1.082E-16,4.132E-17,1.73E-17,8.246E-18,4.578E-18,2.929E-18,2.081E-18,1.58E-18,1.248E-18,1.009E-18,8.284E-19
01/08/2004,5.936E-10,1.596E-12,1.846E-13,3.775E-14,9.848E-15,2.952E-15,9.596E-16,3.292E-16,1.185E-16,4.53E-17,1.89E-17,8.927E-18,4.895E-18,3.093E-18,2.177E-18,1.642E-18,1.291E-18,1.04E-18,8.516E-19
01/09/2004,6.359E-10,1.776E-12,2.037E-13,4.211E-14,1.112E-14,3.359E-15,1.098E-15,3.785E-16,1.372E-16,5.301E-17,2.251E-17,1.089E-17,6.114E-18,3.934E-18,2.796E-18,2.115E-18,1.66E-18,1.331E-18,1.083E-18
01/10/2004,7.103E-10,1.922E-12,2.177E-13,4.516E-14,1.198E-14,3.629E-15,1.188E-15,4.103E-16,1.494E-16,5.84E-17,2.529E-17,1.256E-17,7.253E-18,4.765E-18,3.427E-18,2.604E-18,2.043E-18,1.635E-18,1.324E-18
01/11/2004,7.429E-10,1.974E-12,2.387E-13,5.471E-14,1.61E-14,5.417E-15,1.97E-15,7.534E-16,3.003E-16,1.252E-16,5.526E-17,2.642E-17,1.4E-17,8.314E-18,5.496E-18,3.949E-18,3.006E-18,2.372E-18,1.915E-18
01/12/2004,7.263E-10,1.848E-12,2.226E-13,4.957E-14,1.413E-14,4.615E-15,1.632E-15,6.085E-16,2.369E-16,9.679E-17,4.219E-17,2.012E-17,1.075E-17,6.494E-18,4.371E-18,3.188E-18,2.45E-18,1.946E-18,1.576E-18
01/01/2005,6.042E-10,1.607E-12,2.028E-13,4.418E-14,1.217E-14,3.833E-15,1.309E-15,4.717E-16,1.781E-16,7.1E-17,3.056E-17,1.463E-17,7.983E-18,4.967E-18,3.439E-18,2.562E-18,1.997E-18,1.6E-18,1.304E-18
01/02/2005,7.729E-10,1.651E-12,1.812E-13,3.571E-14,9.053E-15,2.642E-15,8.365E-16,2.803E-16,9.939E-17,3.808E-17,1.636E-17,8.183E-18,4.804E-18,3.216E-18,2.349E-18,1.807E-18,1.431E-18,1.155E-18,9.444E-19
01/03/2005,7.332E-10,1.779E-12,1.956E-13,3.891E-14,9.932E-15,2.902E-15,9.168E-16,3.066E-16,1.09E-16,4.221E-17,1.856E-17,9.574E-18,5.789E-18,3.953E-18,2.917E-18,2.25E-18,1.781E-18,1.433E-18,1.167E-18
01/04/2005,7.427E-10,1.823E-12,1.962E-13,3.875E-14,9.833E-15,2.852E-15,8.936E-16,2.969E-16,1.053E-16,4.108E-17,1.84E-17,9.736E-18,6.026E-18,4.18E-18,3.107E-18,2.402E-18,1.901E-18,1.526E-18,1.239E-18
01/05/2005,6.235E-10,1.876E-12,2.236E-13,5E-14,1.433E-14,4.688E-15,1.655E-15,6.151E-16,2.39E-16,9.792E-17,4.312E-17,2.097E-17,1.152E-17,7.155E-18,4.927E-18,3.648E-18,2.829E-18,2.255E-18,1.83E-18
01/06/2005,6.324E-10,1.623E-12,1.843E-13,3.818E-14,1.017E-14,3.111E-15,1.033E-15,3.621E-16,1.333E-16,5.217E-17,2.229E-17,1.075E-17,5.988E-18,3.817E-18,2.696E-18,2.035E-18,1.598E-18,1.285E-18,1.05E-18
01/07/2005,5.69E-10,1.542E-12,1.771E-13,3.683E-14,9.852E-15,3.038E-15,1.018E-15,3.603E-16,1.335E-16,5.222E-17,2.204E-17,1.037E-17,5.582E-18,3.447E-18,2.381E-18,1.776E-18,1.389E-18,1.117E-18,9.154E-19
01/08/2005,5.735E-10,1.586E-12,1.817E-13,3.788E-14,1.017E-14,3.143E-15,1.055E-15,3.737E-16,1.385E-16,5.413E-17,2.279E-17,1.067E-17,5.713E-18,3.508E-18,2.412E-18,1.793E-18,1.399E-18,1.124E-18,9.194E-19
01/09/2005,6.076E-10,1.753E-12,1.907E-13,3.783E-14,9.671E-15,2.841E-15,9.039E-16,3.041E-16,1.082E-16,4.156E-17,1.788E-17,8.943E-18,5.245E-18,3.506E-18,2.558E-18,1.965E-18,1.555E-18,1.254E-18,1.025E-18
01/10/2005,6.556E-10,1.918E-12,2.043E-13,4.005E-14,1.013E-14,2.936E-15,9.206E-16,3.06E-16,1.085E-16,4.225E-17,1.883E-17,9.91E-18,6.103E-18,4.219E-18,3.132E-18,2.42E-18,1.915E-18,1.538E-18,1.249E-18
01/11/2005,7.161E-10,1.91E-12,2.035E-13,4.018E-14,1.026E-14,3.011E-15,9.572E-16,3.226E-16,1.158E-16,4.544E-17,2.028E-17,1.062E-17,6.488E-18,4.458E-18,3.297E-18,2.543E-18,2.011E-18,1.615E-18,1.311E-18
01/12/2005,7.083E-10,1.819E-12,2.041E-13,4.249E-14,1.143E-14,3.537E-15,1.188E-15,4.213E-16,1.572E-16,6.251E-17,2.721E-17,1.34E-17,7.598E-18,4.905E-18,3.488E-18,2.639E-18,2.071E-18,1.663E-18,1.354E-18
01/01/2006,6.473E-10,1.533E-12,1.746E-13,3.399E-14,8.46E-15,2.429E-15,7.584E-16,2.513E-16,8.856E-17,3.401E-17,1.483E-17,7.604E-18,4.589E-18,3.14E-18,2.326E-18,1.805E-18,1.438E-18,1.166E-18,9.576E-19
01/02/2006,7.935E-10,1.591E-12,1.588E-13,2.844E-14,6.641E-15,1.795E-15,5.278E-16,1.654E-16,5.598E-17,2.128E-17,9.574E-18,5.225E-18,3.358E-18,2.402E-18,1.825E-18,1.434E-18,1.15E-18,9.364E-19,7.721E-19
01/03/2006,7.559E-10,1.721E-12,1.774E-13,3.335E-14,8.123E-15,2.274E-15,6.901E-16,2.227E-16,7.722E-17,2.981E-17,1.344E-17,7.265E-18,4.604E-18,3.252E-18,2.447E-18,1.908E-18,1.519E-18,1.227E-18,1.003E-18
01/04/2006,7.838E-10,1.753E-12,1.791E-13,3.393E-14,8.332E-15,2.347E-15,7.158E-16,2.321E-16,8.09E-17,3.142E-17,1.425E-17,7.738E-18,4.914E-18,3.471E-18,2.608E-18,2.028E-18,1.61E-18,1.297E-18,1.056E-18
01/05/2006,7.282E-10,1.714E-12,1.816E-13,3.599E-14,9.245E-15,2.728E-15,8.718E-16,2.948E-16,1.058E-16,4.118E-17,1.808E-17,9.261E-18,5.548E-18,3.763E-18,2.766E-18,2.132E-18,1.688E-18,1.36E-18,1.11E-18
01/06/2006,6.19E-10,1.595E-12,1.677E-13,3.206E-14,7.946E-15,2.274E-15,7.068E-16,2.331E-16,8.177E-17,3.133E-17,1.368E-17,7.049E-18,4.279E-18,2.943E-18,2.189E-18,1.702E-18,1.359E-18,1.104E-18,9.081E-19
01/07/2006,6.217E-10,1.444E-12,1.451E-13,2.615E-14,6.162E-15,1.689E-15,5.046E-16,1.602E-16,5.427E-17,2.022E-17,8.701E-18,4.495E-18,2.767E-18,1.935E-18,1.461E-18,1.152E-18,9.32E-19,7.671E-19,6.401E-19
01/08/2006,5.833E-10,1.529E-12,1.547E-13,2.785E-14,6.53E-15,1.776E-15,5.255E-16,1.653E-16,5.571E-17,2.081E-17,9.065E-18,4.772E-18,2.987E-18,2.11E-18,1.599E-18,1.261E-18,1.018E-18,8.353E-19,6.948E-19
01/09/2006,6.096E-10,1.726E-12,1.804E-13,3.449E-14,8.556E-15,2.445E-15,7.574E-16,2.486E-16,8.686E-17,3.317E-17,1.445E-17,7.446E-18,4.521E-18,3.107E-18,2.306E-18,1.789E-18,1.425E-18,1.153E-18,9.452E-19
01/10/2006,6.267E-10,1.946E-12,2.1E-13,4.212E-14,1.091E-14,3.238E-15,1.039E-15,3.53E-16,1.273E-16,4.994E-17,2.213E-17,1.145E-17,6.909E-18,4.704E-18,3.461E-18,2.664E-18,2.106E-18,1.691E-18,1.374E-18
01/11/2006,7.396E-10,1.876E-12,1.954E-13,3.777E-14,9.47E-15,2.731E-15,8.54E-16,2.836E-16,1.007E-16,3.934E-17,1.766E-17,9.376E-18,5.819E-18,4.044E-18,3.01E-18,2.33E-18,1.845E-18,1.482E-18,1.204E-18
01/12/2006,7.701E-10,1.739E-12,1.825E-13,3.511E-14,8.767E-15,2.529E-15,7.926E-16,2.637E-16,9.342E-17,3.616E-17,1.594E-17,8.263E-18,5.025E-18,3.45E-18,2.555E-18,1.977E-18,1.569E-18,1.266E-18,1.033E-18
01/01/2007,7.51E-10,1.636E-12,1.734E-13,3.321E-14,8.254E-15,2.374E-15,7.427E-16,2.465E-16,8.693E-17,3.334E-17,1.448E-17,7.388E-18,4.433E-18,3.02E-18,2.232E-18,1.729E-18,1.377E-18,1.116E-18,9.157E-19
01/02/2007,7.602E-10,1.626E-12,1.696E-13,3.213E-14,7.916E-15,2.253E-15,6.969E-16,2.287E-16,7.995E-17,3.058E-17,1.337E-17,6.916E-18,4.216E-18,2.907E-18,2.164E-18,1.683E-18,1.342E-18,1.089E-18,8.942E-19
01/03/2007,7.396E-10,1.728E-12,1.768E-13,3.309E-14,8.035E-15,2.244E-15,6.791E-16,2.187E-16,7.582E-17,2.935E-17,1.331E-17,7.249E-18,4.623E-18,3.279E-18,2.474E-18,1.931E-18,1.539E-18,1.244E-18,1.018E-18
01/04/2007,6.551E-10,1.883E-12,2.019E-13,4.02E-14,1.033E-14,3.037E-15,9.645E-16,3.247E-16,1.167E-16,4.612E-17,2.086E-17,1.112E-17,6.907E-18,4.8E-18,3.574E-18,2.767E-18,2.193E-18,1.763E-18,1.434E-18
01/05/2007,6.886E-10,1.733E-12,1.798E-13,3.479E-14,8.742E-15,2.525E-15,7.901E-16,2.624E-16,9.306E-17,3.631E-17,1.626E-17,8.618E-18,5.346E-18,3.719E-18,2.775E-18,2.154E-18,1.712E-18,1.382E-18,1.128E-18
01/06/2007,6.379E-10,1.559E-12,1.563E-13,2.844E-14,6.75E-15,1.854E-15,5.542E-16,1.763E-16,6.029E-17,2.297E-17,1.025E-17,5.513E-18,3.499E-18,2.486E-18,1.885E-18,1.482E-18,1.192E-18,9.73E-19,8.047E-19
01/07/2007,6.196E-10,1.432E-12,1.375E-13,2.35E-14,5.276E-15,1.381E-15,3.945E-16,1.203E-16,3.97E-17,1.482E-17,6.627E-18,3.645E-18,2.379E-18,1.73E-18,1.337E-18,1.068E-18,8.713E-19,7.224E-19,6.07E-19
01/08/2007,5.738E-10,1.523E-12,1.491E-13,2.597E-14,5.923E-15,1.569E-15,4.527E-16,1.393E-16,4.63E-17,1.735E-17,7.757E-18,4.245E-18,2.752E-18,1.989E-18,1.528E-18,1.214E-18,9.858E-19,8.13E-19,6.795E-19
01/09/2007,6.267E-10,1.677E-12,1.621E-13,2.846E-14,6.534E-15,1.735E-15,5.004E-16,1.542E-16,5.166E-17,1.972E-17,9.054E-18,5.08E-18,3.34E-18,2.422E-18,1.854E-18,1.462E-18,1.175E-18,9.589E-19,7.924E-19
01/10/2007,6.895E-10,1.826E-12,1.743E-13,3.064E-14,7.036E-15,1.862E-15,5.352E-16,1.651E-16,5.596E-17,2.197E-17,1.05E-17,6.109E-18,4.102E-18,2.996E-18,2.289E-18,1.795E-18,1.431E-18,1.157E-18,9.464E-19
01/11/2007,7.51E-10,1.828E-12,1.767E-13,3.151E-14,7.342E-15,1.974E-15,5.771E-16,1.808E-16,6.195E-17,2.437E-17,1.155E-17,6.64E-18,4.415E-18,3.205E-18,2.44E-18,1.909E-18,1.519E-18,1.225E-18,9.994E-19
01/12/2007,7.852E-10,1.695E-12,1.65E-13,2.924E-14,6.785E-15,1.825E-15,5.347E-16,1.676E-16,5.709E-17,2.21E-17,1.023E-17,5.744E-18,3.765E-18,2.718E-18,2.07E-18,1.624E-18,1.299E-18,1.054E-18,8.649E-19
01/01/2008,7.877E-10,1.581E-12,1.556E-13,2.752E-14,6.372E-15,1.715E-15,5.033E-16,1.577E-16,5.338E-17,2.034E-17,9.186E-18,5.037E-18,3.251E-18,2.332E-18,1.776E-18,1.399E-18,1.124E-18,9.174E-19,7.581E-19
01/02/2008,7.196E-10,1.649E-12,1.687E-13,3.116E-14,7.491E-15,2.081E-15,6.281E-16,2.017E-16,6.955E-17,2.665E-17,1.191E-17,6.389E-18,4.036E-18,2.853E-18,2.154E-18,1.688E-18,1.352E-18,1.1E-18,9.058E-19
01/03/2008,7.017E-10,1.764E-12,1.82E-13,3.434E-14,8.395E-15,2.358E-15,7.175E-16,2.323E-16,8.091E-17,3.145E-17,1.43E-17,7.797E-18,4.973E-18,3.527E-18,2.66E-18,2.076E-18,1.655E-18,1.338E-18,1.094E-18
01/04/2008,7.528E-10,1.758E-12,1.742E-13,3.209E-14,7.691E-15,2.117E-15,6.315E-16,2.011E-16,6.952E-17,2.724E-17,1.271E-17,7.152E-18,4.68E-18,3.368E-18,2.555E-18,1.997E-18,1.589E-18,1.282E-18,1.046E-18
01/05/2008,6.315E-10,1.542E-12,1.483E-13,2.577E-14,5.874E-15,1.553E-15,4.472E-16,1.378E-16,4.623E-17,1.772E-17,8.189E-18,4.632E-18,3.069E-18,2.24E-18,1.725E-18,1.369E-18,1.107E-18,9.092E-19,7.563E-19
01/06/2008,6.788E-10,1.716E-12,1.694E-13,3.079E-14,7.286E-15,1.985E-15,5.868E-16,1.854E-16,6.379E-17,2.499E-17,1.172E-17,6.648E-18,4.383E-18,3.172E-18,2.417E-18,1.895E-18,1.514E-18,1.226E-18,1.004E-18
01/07/2008,6.193E-10,1.418E-12,1.303E-13,2.12E-14,4.561E-15,1.146E-15,3.148E-16,9.284E-17,3.01E-17,1.137E-17,5.324E-18,3.101E-18,2.117E-18,1.582E-18,1.241E-18,1.001E-18,8.233E-19,6.876E-19,5.821E-19
01/08/2008,6.277E-10,1.457E-12,1.309E-13,2.082E-14,4.387E-15,1.079E-15,2.896E-16,8.375E-17,2.689E-17,1.024E-17,4.907E-18,2.933E-18,2.036E-18,1.534E-18,1.208E-18,9.755E-19,8.026E-19,6.707E-19,5.682E-19
01/09/2008,6.721E-10,1.626E-12,1.476E-13,2.42E-14,5.228E-15,1.309E-15,3.568E-16,1.048E-16,3.425E-17,1.327E-17,6.433E-18,3.848E-18,2.652E-18,1.975E-18,1.533E-18,1.22E-18,9.876E-19,8.117E-19,6.763E-19
01/10/2008,6.869E-10,1.835E-12,1.764E-13,3.129E-14,7.248E-15,1.934E-15,5.603E-16,1.74E-16,5.921E-17,2.322E-17,1.103E-17,6.366E-18,4.25E-18,3.094E-18,2.361E-18,1.849E-18,1.474E-18,1.19E-18,9.729E-19
01/11/2008,7.686E-10,1.802E-12,1.705E-13,2.978E-14,6.817E-15,1.803E-15,5.187E-16,1.603E-16,5.456E-17,2.153E-17,1.035E-17,6.045E-18,4.069E-18,2.974E-18,2.272E-18,1.781E-18,1.419E-18,1.146E-18,9.368E-19
01/12/2008,8.185E-10,1.645E-12,1.515E-13,2.529E-14,5.565E-15,1.424E-15,3.976E-16,1.197E-16,3.993E-17,1.564E-17,7.575E-18,4.492E-18,3.067E-18,2.266E-18,1.747E-18,1.38E-18,1.11E-18,9.048E-19,7.473E-19
01/01/2009,7.659E-10,1.589E-12,1.538E-13,2.67E-14,6.084E-15,1.612E-15,4.659E-16,1.441E-16,4.851E-17,1.86E-17,8.572E-18,4.822E-18,3.178E-18,2.309E-18,1.771E-18,1.4E-18,1.128E-18,9.227E-19,7.644E-19
01/02/2009,7.976E-10,1.563E-12,1.462E-13,2.446E-14,5.382E-15,1.375E-15,3.832E-16,1.148E-16,3.797E-17,1.468E-17,7.005E-18,4.113E-18,2.798E-18,2.07E-18,1.601E-18,1.272E-18,1.028E-18,8.434E-19,7.012E-19
01/03/2009,7.99E-10,1.65E-12,1.55E-13,2.645E-14,5.91E-15,1.525E-15,4.277E-16,1.291E-16,4.314E-17,1.691E-17,8.18E-18,4.843E-18,3.301E-18,2.436E-18,1.875E-18,1.48E-18,1.188E-18,9.67E-19,7.975E-19
01/04/2009,7.618E-10,1.741E-12,1.677E-13,2.983E-14,6.916E-15,1.843E-15,5.329E-16,1.653E-16,5.637E-17,2.225E-17,1.068E-17,6.229E-18,4.188E-18,3.06E-18,2.339E-18,1.834E-18,1.463E-18,1.182E-18,9.669E-19
01/05/2009,7.139E-10,1.682E-12,1.622E-13,2.879E-14,6.674E-15,1.783E-15,5.172E-16,1.607E-16,5.47E-17,2.142E-17,1.015E-17,5.852E-18,3.909E-18,2.851E-18,2.181E-18,1.715E-18,1.372E-18,1.113E-18,9.142E-19
01/06/2009,6.669E-10,1.513E-12,1.425E-13,2.422E-14,5.409E-15,1.403E-15,3.965E-16,1.201E-16,3.985E-17,1.525E-17,7.122E-18,4.092E-18,2.747E-18,2.022E-18,1.565E-18,1.246E-18,1.011E-18,8.322E-19,6.945E-19
01/07/2009,6.276E-10,1.415E-12,1.307E-13,2.14E-14,4.629E-15,1.169E-15,3.225E-16,9.546E-17,3.098E-17,1.166E-17,5.412E-18,3.124E-18,2.119E-18,1.578E-18,1.235E-18,9.952E-19,8.176E-19,6.822E-19,5.771E-19
01/08/2009,6.301E-10,1.455E-12,1.326E-13,2.142E-14,4.577E-15,1.141E-15,3.103E-16,9.069E-17,2.921E-17,1.102E-17,5.181E-18,3.035E-18,2.078E-18,1.555E-18,1.219E-18,9.822E-19,8.066E-19,6.727E-19,5.688E-19
01/09/2009,6.691E-10,1.626E-12,1.498E-13,2.493E-14,5.455E-15,1.383E-15,3.815E-16,1.131E-16,3.707E-17,1.425E-17,6.795E-18,3.997E-18,2.724E-18,2.018E-18,1.561E-18,1.24E-18,1.003E-18,8.229E-19,6.845E-19
01/10/2009,7.262E-10,1.792E-12,1.701E-13,2.976E-14,6.813E-15,1.798E-15,5.155E-16,1.585E-16,5.348E-17,2.086E-17,9.904E-18,5.731E-18,3.837E-18,2.798E-18,2.137E-18,1.675E-18,1.336E-18,1.08E-18,8.843E-19
01/11/2009,7.678E-10,1.819E-12,1.779E-13,3.223E-14,7.626E-15,2.082E-15,6.174E-16,1.957E-16,6.741E-17,2.634E-17,1.227E-17,6.902E-18,4.516E-18,3.248E-18,2.463E-18,1.923E-18,1.529E-18,1.232E-18,1.004E-18
01/12/2009,8.159E-10,1.669E-12,1.602E-13,2.789E-14,6.364E-15,1.685E-15,4.861E-16,1.503E-16,5.071E-17,1.96E-17,9.139E-18,5.196E-18,3.44E-18,2.498E-18,1.909E-18,1.5E-18,1.2E-18,9.745E-19,8.008E-19
01/01/2010,6.89E-10,1.48E-12,1.55E-13,2.732E-14,6.239E-15,1.653E-15,4.777E-16,1.477E-16,4.964E-17,1.897E-17,8.702E-18,4.872E-18,3.198E-18,2.318E-18,1.775E-18,1.401E-18,1.128E-18,9.21E-19,7.62E-19
01/02/2010,5.312E-10,1.605E-12,1.689E-13,2.974E-14,6.759E-15,1.78E-15,5.195E-16,1.701E-16,6.574E-17,3.14E-17,1.828E-17,1.218E-17,8.74E-18,6.513E-18,4.953E-18,3.816E-18,2.969E-18,2.332E-18,1.847E-18
01/03/2010,5.312E-10,1.605E-12,1.689E-13,2.974E-14,6.759E-15,1.78E-15,5.195E-16,1.701E-16,6.574E-17,3.14E-17,1.828E-17,1.218E-17,8.74E-18,6.513E-18,4.953E-18,3.816E-18,2.969E-18,2.332E-18,1.847E-18
01/04/2010,6.163E-10,1.941E-12,2.084E-13,4.041E-14,1.034E-14,3.123E-15,1.044E-15,3.732E-16,1.416E-16,5.769E-17,2.591E-17,1.322E-17,7.742E-18,5.123E-18,3.702E-18,2.828E-18,2.234E-18,1.8E-18,1.47E-18
01/05/2010,5.698E-10,1.896E-12,1.911E-13,3.5E-14,8.54E-15,2.471E-15,7.903E-16,2.698E-16,9.74E-17,3.767E-17,1.608E-17,7.852E-18,4.469E-18,2.917E-18,2.101E-18,1.608E-18,1.277E-18,1.036E-18,8.533E-19
01/06/2010,4.324E-10,1.862E-12,1.899E-13,3.408E-14,8.123E-15,2.338E-15,7.597E-16,2.664E-16,9.845E-17,3.817E-17,1.569E-17,7.008E-18,3.509E-18,2.014E-18,1.319E-18,9.578E-19,7.461E-19,6.07E-19,5.072E-19
01/07/2010,3.753E-10,1.746E-12,1.785E-13,3.141E-14,7.301E-15,2.055E-15,6.557E-16,2.263E-16,8.241E-17,3.145E-17,1.27E-17,5.56E-18,2.729E-18,1.542E-18,1.002E-18,7.28E-19,5.701E-19,4.675E-19,3.945E-19
01/08/2010,4.127E-10,1.688E-12,1.686E-13,2.926E-14,6.742E-15,1.868E-15,5.794E-16,1.927E-16,6.757E-17,2.509E-17,1.011E-17,4.589E-18,2.43E-18,1.506E-18,1.059E-18,8.084E-19,6.485E-19,5.359E-19,4.514E-19
01/09/2010,5.06E-10,1.794E-12,1.804E-13,3.191E-14,7.473E-15,2.078E-15,6.399E-16,2.108E-16,7.398E-17,2.82E-17,1.214E-17,6.125E-18,3.643E-18,2.471E-18,1.825E-18,1.417E-18,1.132E-18,9.215E-19,7.603E-19
01/10/2010,6.106E-10,1.858E-12,1.928E-13,3.592E-14,8.74E-15,2.467E-15,7.616E-16,2.534E-16,9.253E-17,3.864E-17,1.916E-17,1.127E-17,7.549E-18,5.472E-18,4.145E-18,3.218E-18,2.535E-18,2.019E-18,1.622E-18
01/11/2010,6.108E-10,1.838E-12,1.955E-13,3.625E-14,8.627E-15,2.358E-15,7.1E-16,2.381E-16,9.314E-17,4.441E-17,2.565E-17,1.697E-17,1.213E-17,9.03E-18,6.864E-18,5.285E-18,4.106E-18,3.216E-18,2.537E-18
01/12/2010,5.545E-10,1.692E-12,1.798E-13,3.217E-14,7.308E-15,1.902E-15,5.551E-16,1.887E-16,7.951E-17,4.212E-17,2.647E-17,1.831E-17,1.328E-17,9.861E-18,7.421E-18,5.638E-18,4.318E-18,3.333E-18,2.593E-18
01/01/2011,5.131E-10,1.575E-12,1.671E-13,2.941E-14,6.58E-15,1.69E-15,4.866E-16,1.632E-16,6.791E-17,3.569E-17,2.233E-17,1.542E-17,1.117E-17,8.288E-18,6.235E-18,4.737E-18,3.629E-18,2.804E-18,2.185E-18
01/02/2011,7.44E-10,1.671E-12,1.837E-13,3.628E-14,9.226E-15,2.699E-15,8.565E-16,2.877E-16,1.023E-16,3.931E-17,1.696E-17,8.513E-18,5.015E-18,3.365E-18,2.461E-18,1.894E-18,1.502E-18,1.212E-18,9.916E-19
01/03/2011,6.648E-10,1.514E-12,1.694E-13,3.238E-14,7.936E-15,2.247E-15,6.924E-16,2.267E-16,7.914E-17,3.027E-17,1.326E-17,6.878E-18,4.206E-18,2.908E-18,2.168E-18,1.688E-18,1.348E-18,1.094E-18,8.991E-19
01/04/2011,6.012E-10,1.828E-12,2.403E-13,5.59E-14,1.632E-14,5.397E-15,1.92E-15,7.183E-16,2.807E-16,1.154E-16,5.09E-17,2.471E-17,1.35E-17,8.334E-18,5.704E-18,4.203E-18,3.248E-18,2.583E-18,2.092E-18
01/05/2011,5.464E-10,1.772E-12,2.316E-13,5.363E-14,1.563E-14,5.17E-15,1.843E-15,6.909E-16,2.706E-16,1.115E-16,4.916E-17,2.382E-17,1.298E-17,7.981E-18,5.447E-18,4.008E-18,3.097E-18,2.465E-18,1.998E-18
01/06/2011,5.24E-10,1.552E-12,1.951E-13,4.288E-14,1.193E-14,3.794E-15,1.307E-15,4.747E-16,1.804E-16,7.227E-17,3.114E-17,1.485E-17,8.039E-18,4.955E-18,3.404E-18,2.523E-18,1.961E-18,1.569E-18,1.279E-18
01/07/2011,4.85E-10,1.44E-12,1.742E-13,3.579E-14,9.322E-15,2.791E-15,9.077E-16,3.121E-16,1.128E-16,4.347E-17,1.838E-17,8.844E-18,4.951E-18,3.187E-18,2.274E-18,1.732E-18,1.37E-18,1.11E-18,9.134E-19
01/08/2011,5.154E-10,1.467E-12,1.813E-13,3.858E-14,1.04E-14,3.217E-15,1.08E-15,3.827E-16,1.419E-16,5.541E-17,2.329E-17,1.087E-17,5.796E-18,3.544E-18,2.429E-18,1.802E-18,1.404E-18,1.127E-18,9.221E-19
01/09/2011,5.63E-10,1.661E-12,2.097E-13,4.559E-14,1.246E-14,3.881E-15,1.307E-15,4.638E-16,1.723E-16,6.762E-17,2.87E-17,1.36E-17,7.378E-18,4.579E-18,3.166E-18,2.355E-18,1.831E-18,1.462E-18,1.188E-18
01/10/2011,5.474E-10,1.986E-12,2.863E-13,7.305E-14,2.32E-14,8.303E-15,3.193E-15,1.287E-15,5.385E-16,2.334E-16,1.055E-16,5.046E-17,2.599E-17,1.467E-17,9.141E-18,6.233E-18,4.567E-18,3.52E-18,2.806E-18
01/11/2011,5.696E-10,2.04E-12,3.042E-13,8.006E-14,2.614E-14,9.592E-15,3.78E-15,1.562E-15,6.685E-16,2.959E-16,1.36E-16,6.565E-17,3.38E-17,1.887E-17,1.154E-17,7.712E-18,5.553E-18,4.229E-18,3.346E-18
01/12/2011,6.308E-10,1.809E-12,2.611E-13,6.588E-14,2.067E-14,7.333E-15,2.804E-15,1.127E-15,4.7E-16,2.031E-16,9.145E-17,4.344E-17,2.217E-17,1.238E-17,7.619E-18,5.144E-18,3.741E-18,2.871E-18,2.283E-18
01/01/2012,7.697E-10,1.739E-12,2.24E-13,5.235E-14,1.549E-14,5.231E-15,1.913E-15,7.366E-16,2.95E-16,1.228E-16,5.361E-17,2.496E-17,1.268E-17,7.159E-18,4.508E-18,3.12E-18,2.318E-18,1.805E-18,1.448E-18
01/02/2012,6.486E-10,1.612E-12,2.128E-13,4.824E-14,1.369E-14,4.42E-15,1.543E-15,5.674E-16,2.177E-16,8.766E-17,3.765E-17,1.771E-17,9.365E-18,5.618E-18,3.768E-18,2.744E-18,2.108E-18,1.674E-18,1.357E-18
01/03/2012,6.023E-10,1.758E-12,2.315E-13,5.301E-14,1.52E-14,4.943E-15,1.731E-15,6.377E-16,2.455E-16,9.955E-17,4.336E-17,2.086E-17,1.134E-17,6.998E-18,4.797E-18,3.542E-18,2.741E-18,2.183E-18,1.77E-18
01/04/2012,6.252E-10,1.802E-12,2.342E-13,5.349E-14,1.532E-14,4.969E-15,1.735E-15,6.375E-16,2.451E-16,9.957E-17,4.365E-17,2.125E-17,1.174E-17,7.35E-18,5.094E-18,3.786E-18,2.938E-18,2.341E-18,1.896E-18
01/05/2012,5.981E-10,1.726E-12,2.258E-13,5.18E-14,1.49E-14,4.863E-15,1.711E-15,6.335E-16,2.451E-16,9.976E-17,4.354E-17,2.093E-17,1.135E-17,6.965E-18,4.752E-18,3.497E-18,2.7E-18,2.148E-18,1.739E-18
01/06/2012,5.352E-10,1.586E-12,2.154E-13,5.042E-14,1.473E-14,4.889E-15,1.753E-15,6.616E-16,2.601E-16,1.067E-16,4.626E-17,2.166E-17,1.123E-17,6.538E-18,4.258E-18,3.032E-18,2.298E-18,1.811E-18,1.463E-18
01/07/2012,4.696E-10,1.519E-12,2.123E-13,5.102E-14,1.528E-14,5.196E-15,1.912E-15,7.402E-16,2.979E-16,1.245E-16,5.437E-17,2.524E-17,1.272E-17,7.096E-18,4.412E-18,3.023E-18,2.231E-18,1.732E-18,1.389E-18
01/08/2012,5.17E-10,1.511E-12,2.028E-13,4.703E-14,1.367E-14,4.529E-15,1.625E-15,6.14E-16,2.414E-16,9.872E-17,4.24E-17,1.95E-17,9.833E-18,5.546E-18,3.506E-18,2.442E-18,1.825E-18,1.429E-18,1.151E-18
01/09/2012,5.499E-10,1.698E-12,2.236E-13,5.153E-14,1.491E-14,4.903E-15,1.742E-15,6.51E-16,2.535E-16,1.031E-16,4.448E-17,2.081E-17,1.083E-17,6.36E-18,4.179E-18,2.996E-18,2.279E-18,1.8E-18,1.454E-18
01/10/2012,5.212E-10,1.999E-12,2.824E-13,7.142E-14,2.262E-14,8.088E-15,3.109E-15,1.253E-15,5.243E-16,2.274E-16,1.03E-16,4.943E-17,2.561E-17,1.457E-17,9.149E-18,6.283E-18,4.629E-18,3.582E-18,2.863E-18
01/11/2012,5.687E-10,1.964E-12,2.682E-13,6.449E-14,1.94E-14,6.597E-15,2.416E-15,9.295E-16,3.725E-16,1.561E-16,6.927E-17,3.329E-17,1.772E-17,1.056E-17,6.998E-18,5.035E-18,3.834E-18,3.027E-18,2.443E-18
01/12/2012,6.467E-10,1.729E-12,2.27E-13,5.163E-14,1.473E-14,4.782E-15,1.68E-15,6.214E-16,2.402E-16,9.755E-17,4.233E-17,2.015E-17,1.079E-17,6.537E-18,4.415E-18,3.227E-18,2.484E-18,1.972E-18,1.597E-18
01/01/2013,6.756E-10,1.562E-12,1.97E-13,4.253E-14,1.157E-14,3.605E-15,1.218E-15,4.345E-16,1.624E-16,6.409E-17,2.732E-17,1.298E-17,7.036E-18,4.36E-18,3.011E-18,2.238E-18,1.741E-18,1.392E-18,1.132E-18
01/02/2013,6.564E-10,1.586E-12,1.998E-13,4.295E-14,1.161E-14,3.585E-15,1.198E-15,4.224E-16,1.562E-16,6.127E-17,2.615E-17,1.254E-17,7.036E-18,4.36E-18,3.011E-18,2.238E-18,1.741E-18,1.392E-18,1.132E-18
01/03/2013,5.71E-10,1.795E-12,2.429E-13,5.752E-14,1.705E-14,5.716E-15,2.063E-15,7.82E-16,3.089E-16,1.277E-16,5.612E-17,2.682E-17,1.428E-17,8.558E-18,5.71E-18,4.135E-18,3.165E-18,2.507E-18,2.028E-18
01/04/2013,6.301E-10,1.809E-12,2.387E-13,5.522E-14,1.599E-14,5.239E-15,1.848E-15,6.849E-16,2.654E-16,1.083E-16,4.747E-17,2.297E-17,1.255E-17,7.757E-18,5.32E-18,3.926E-18,3.035E-18,2.413E-18,1.953E-18
01/05/2013,5.22E-10,1.872E-12,2.711E-13,7.058E-14,2.3E-14,8.451E-15,3.338E-15,1.382E-15,5.928E-16,2.631E-16,1.213E-16,5.881E-17,3.045E-17,1.711E-17,1.054E-17,7.084E-18,5.127E-18,3.919E-18,3.11E-18
01/06/2013,4.469E-10,1.699E-12,2.409E-13,5.922E-14,1.812E-14,6.265E-15,2.334E-15,9.135E-16,3.715E-16,1.571E-16,6.972E-17,3.304E-17,1.708E-17,9.8E-18,6.25E-18,4.365E-18,3.262E-18,2.55E-18,2.051E-18
01/07/2013,5.056E-10,1.447E-12,1.84E-13,3.973E-14,1.079E-14,3.355E-15,1.132E-15,4.032E-16,1.502E-16,5.89E-17,2.482E-17,1.159E-17,6.159E-18,3.75E-18,2.56E-18,1.894E-18,1.473E-18,1.18E-18,9.644E-19
01/08/2013,5.205E-10,1.476E-12,1.852E-13,3.953E-14,1.063E-14,3.275E-15,1.095E-15,3.859E-16,1.424E-16,5.537E-17,2.32E-17,1.082E-17,5.766E-18,3.53E-18,2.422E-18,1.797E-18,1.4E-18,1.123E-18,9.172E-19
01/09/2013,5.305E-10,1.692E-12,2.162E-13,4.79E-14,1.335E-14,4.235E-15,1.452E-15,5.242E-16,1.979E-16,7.871E-17,3.367E-17,1.596E-17,8.594E-18,5.276E-18,3.612E-18,2.669E-18,2.068E-18,1.649E-18,1.339E-18
01/10/2013,5.951E-10,1.875E-12,2.448E-13,5.557E-14,1.578E-14,5.08E-15,1.762E-15,6.43E-16,2.454E-16,9.877E-17,4.282E-17,2.058E-17,1.122E-17,6.949E-18,4.779E-18,3.534E-18,2.734E-18,2.174E-18,1.758E-18
01/11/2013,6.271E-10,1.939E-12,2.739E-13,6.843E-14,2.133E-14,7.508E-15,2.846E-15,1.132E-15,4.681E-16,2.009E-16,9.027E-17,4.311E-17,2.232E-17,1.274E-17,8.052E-18,5.566E-18,4.12E-18,3.198E-18,2.558E-18
01/12/2013,6.146E-10,1.846E-12,2.721E-13,6.934E-14,2.185E-14,7.762E-15,2.968E-15,1.192E-15,4.965E-16,2.142E-16,9.629E-17,4.566E-17,2.327E-17,1.297E-17,7.972E-18,5.377E-18,3.908E-18,2.998E-18,2.383E-18
01/01/2014,7.247E-10,1.841E-12,2.588E-13,6.562E-14,2.084E-14,7.499E-15,2.912E-15,1.188E-15,5.029E-16,2.197E-16,9.94E-17,4.699E-17,2.356E-17,1.274E-17,7.534E-18,4.884E-18,3.435E-18,2.574E-18,2.017E-18
01/02/2014,7.761E-10,1.806E-12,2.527E-13,6.408E-14,2.035E-14,7.32E-15,2.84E-15,1.158E-15,4.89E-16,2.132E-16,9.623E-17,4.537E-17,2.267E-17,1.222E-17,7.197E-18,4.65E-18,3.261E-18,2.439E-18,1.908E-18
01/03/2014,7.541E-10,1.94E-12,2.737E-13,7.093E-14,2.307E-14,8.47E-15,3.346E-15,1.386E-15,5.944E-16,2.63E-16,1.205E-16,5.759E-17,2.915E-17,1.588E-17,9.432E-18,6.123E-18,4.304E-18,3.221E-18,2.52E-18
01/04/2014,7.541E-10,1.94E-12,2.737E-13,7.093E-14,2.307E-14,8.47E-15,3.346E-15,1.386E-15,5.944E-16,2.63E-16,1.205E-16,5.759E-17,2.915E-17,1.588E-17,9.432E-18,6.123E-18,4.304E-18,3.221E-18,2.52E-18
01/05/2014,6.871E-10,1.915E-12,2.538E-13,6.158E-14,1.881E-14,6.501E-15,2.419E-15,9.448E-16,3.834E-16,1.618E-16,7.174E-17,3.4E-17,1.761E-17,1.013E-17,6.477E-18,4.531E-18,3.385E-18,2.642E-18,2.12E-18
01/06/2014,6.466E-10,1.696E-12,2.15E-13,4.869E-14,1.39E-14,4.517E-15,1.587E-15,5.866E-16,2.26E-16,9.104E-17,3.892E-17,1.809E-17,9.39E-18,5.515E-18,3.631E-18,2.61E-18,1.99E-18,1.574E-18,1.273E-18
01/07/2014,6.178E-10,1.563E-12,1.993E-13,4.607E-14,1.35E-14,4.53E-15,1.649E-15,6.322E-16,2.52E-16,1.043E-16,4.507E-17,2.068E-17,1.03E-17,5.685E-18,3.503E-18,2.385E-18,1.754E-18,1.359E-18,1.089E-18
01/08/2014,5.901E-10,1.661E-12,2.2E-13,5.318E-14,1.626E-14,5.666E-15,2.138E-15,8.489E-16,3.498E-16,1.49E-16,6.588E-17,3.057E-17,1.515E-17,8.17E-18,4.861E-18,3.188E-18,2.272E-18,1.721E-18,1.36E-18
01/09/2014,6.148E-10,1.865E-12,2.422E-13,5.729E-14,1.711E-14,5.808E-15,2.128E-15,8.187E-16,3.274E-16,1.361E-16,5.934E-17,2.764E-17,1.407E-17,7.973E-18,5.04E-18,3.5E-18,2.604E-18,2.029E-18,1.627E-18
01/10/2014,6.575E-10,2.133E-12,2.976E-13,7.722E-14,2.524E-14,9.32E-15,3.702E-15,1.542E-15,6.65E-16,2.96E-16,1.364E-16,6.565E-17,3.348E-17,1.838E-17,1.1E-17,7.186E-18,5.075E-18,3.809E-18,2.986E-18
01/11/2014,7.163E-10,2.128E-12,2.913E-13,7.243E-14,2.254E-14,7.92E-15,2.993E-15,1.186E-15,4.879E-16,2.082E-16,9.293E-17,4.405E-17,2.262E-17,1.281E-17,8.035E-18,5.524E-18,4.073E-18,3.153E-18,2.517E-18
01/12/2014,7.282E-10,2.014E-12,2.918E-13,7.771E-14,2.597E-14,9.81E-15,3.992E-15,1.705E-15,7.544E-16,3.437E-16,1.614E-16,7.848E-17,3.994E-17,2.155E-17,1.25E-17,7.852E-18,5.335E-18,3.879E-18,2.973E-18
01/01/2015,6.375E-10,1.669E-12,2.408E-13,5.94E-14,1.815E-14,6.27E-15,2.338E-15,9.169E-16,3.735E-16,1.577E-16,6.957E-17,3.251E-17,1.642E-17,9.14E-18,5.648E-18,3.839E-18,2.812E-18,2.169E-18,1.731E-18
01/02/2015,7E-10,1.845E-12,2.545E-13,6.436E-14,2.053E-14,7.426E-15,2.898E-15,1.188E-15,5.045E-16,2.213E-16,1.005E-16,4.777E-17,2.409E-17,1.312E-17,7.81E-18,5.094E-18,3.6E-18,2.707E-18,2.126E-18
01/03/2015,6.79E-10,1.95E-12,2.603E-13,6.378E-14,1.971E-14,6.901E-15,2.6E-15,1.027E-15,4.215E-16,1.795E-16,8.008E-17,3.801E-17,1.96E-17,1.116E-17,7.054E-18,4.882E-18,3.62E-18,2.813E-18,2.253E-18
01/04/2015,7.243E-10,1.964E-12,2.544E-13,6.11E-14,1.856E-14,6.387E-15,2.365E-15,9.193E-16,3.715E-16,1.565E-16,6.947E-17,3.316E-17,1.74E-17,1.018E-17,6.617E-18,4.691E-18,3.536E-18,2.775E-18,2.233E-18
01/05/2015,6.875E-10,1.868E-12,2.331E-13,5.31E-14,1.53E-14,5.004E-15,1.765E-15,6.541E-16,2.532E-16,1.03E-16,4.481E-17,2.143E-17,1.153E-17,7.028E-18,4.766E-18,3.492E-18,2.689E-18,2.134E-18,1.726E-18
01/06/2015,6.234E-10,1.693E-12,2.089E-13,4.618E-14,1.293E-14,4.127E-15,1.426E-15,5.184E-16,1.969E-16,7.861E-17,3.359E-17,1.58E-17,8.393E-18,5.076E-18,3.433E-18,2.516E-18,1.941E-18,1.545E-18,1.254E-18
01/07/2015,6.094E-10,1.529E-12,1.798E-13,3.772E-14,1.01E-14,3.113E-15,1.042E-15,3.68E-16,1.36E-16,5.293E-17,2.216E-17,1.029E-17,5.457E-18,3.322E-18,2.27E-18,1.68E-18,1.308E-18,1.049E-18,8.576E-19
01/08/2015,5.907E-10,1.587E-12,1.852E-13,3.877E-14,1.038E-14,3.192E-15,1.066E-15,3.754E-16,1.384E-16,5.378E-17,2.254E-17,1.051E-17,5.613E-18,3.442E-18,2.365E-18,1.757E-18,1.369E-18,1.098E-18,8.973E-19
01/09/2015,6.516E-10,1.73E-12,1.917E-13,3.852E-14,9.939E-15,2.944E-15,9.441E-16,3.198E-16,1.142E-16,4.376E-17,1.861E-17,9.112E-18,5.22E-18,3.424E-18,2.467E-18,1.882E-18,1.484E-18,1.194E-18,9.738E-19
01/10/2015,6.668E-10,1.997E-12,2.438E-13,5.611E-14,1.654E-14,5.56E-15,2.017E-15,7.693E-16,3.056E-16,1.269E-16,5.585E-17,2.662E-17,1.408E-17,8.353E-18,5.519E-18,3.966E-18,3.018E-18,2.382E-18,1.922E-18
01/11/2015,7.139E-10,2.002E-12,2.434E-13,5.547E-14,1.618E-14,5.386E-15,1.937E-15,7.331E-16,2.895E-16,1.198E-16,5.279E-17,2.536E-17,1.359E-17,8.201E-18,5.501E-18,3.997E-18,3.062E-18,2.425E-18,1.96E-18
01/12/2015,7.152E-10,1.87E-12,2.258E-13,4.985E-14,1.405E-14,4.525E-15,1.578E-15,5.801E-16,2.23E-16,9.023E-17,3.918E-17,1.876E-17,1.015E-17,6.226E-18,4.251E-18,3.131E-18,2.421E-18,1.927E-18,1.562E-18
01/01/2016,5.802E-10,1.649E-12,2.168E-13,4.916E-14,1.401E-14,4.549E-15,1.598E-15,5.916E-16,2.286E-16,9.272E-17,4.011E-17,1.9E-17,1.01E-17,6.085E-18,4.094E-18,2.989E-18,2.302E-18,1.833E-18,1.489E-18
01/02/2016,7.624E-10,1.68E-12,1.937E-13,4.046E-14,1.083E-14,3.327E-15,1.108E-15,3.895E-16,1.437E-16,5.626E-17,2.4E-17,1.153E-17,6.386E-18,4.046E-18,2.843E-18,2.137E-18,1.673E-18,1.342E-18,1.093E-18
01/03/2016,7.515E-10,1.778E-12,2.002E-13,4.121E-14,1.087E-14,3.283E-15,1.071E-15,3.693E-16,1.343E-16,5.249E-17,2.279E-17,1.138E-17,6.61E-18,4.369E-18,3.158E-18,2.41E-18,1.897E-18,1.523E-18,1.239E-18
01/04/2016,7.67E-10,1.796E-12,1.914E-13,3.753E-14,9.471E-15,2.734E-15,8.532E-16,2.823E-16,9.976E-17,3.88E-17,1.734E-17,9.171E-18,5.678E-18,3.941E-18,2.931E-18,2.267E-18,1.794E-18,1.441E-18,1.171E-18
01/05/2016,6.461E-10,1.823E-12,2.087E-13,4.449E-14,1.218E-14,3.811E-15,1.289E-15,4.597E-16,1.725E-16,6.898E-17,3.024E-17,1.5E-17,8.557E-18,5.546E-18,3.951E-18,2.989E-18,2.345E-18,1.88E-18,1.528E-18
01/06/2016,6.413E-10,1.58E-12,1.691E-13,3.295E-14,8.304E-15,2.415E-15,7.629E-16,2.552E-16,9.041E-17,3.464E-17,1.491E-17,7.483E-18,4.414E-18,2.97E-18,2.179E-18,1.683E-18,1.339E-18,1.086E-18,8.918E-19
01/07/2016,6.012E-10,1.476E-12,1.521E-13,2.774E-14,6.575E-15,1.808E-15,5.414E-16,1.722E-16,5.845E-17,2.181E-17,9.389E-18,4.846E-18,2.978E-18,2.077E-18,1.564E-18,1.23E-18,9.92E-19,8.14E-19,6.77E-19
01/08/2016,6.303E-10,1.493E-12,1.475E-13,2.572E-14,5.852E-15,1.546E-15,4.448E-16,1.363E-16,4.498E-17,1.665E-17,7.314E-18,3.934E-18,2.518E-18,1.807E-18,1.383E-18,1.096E-18,8.886E-19,7.319E-19,6.11E-19
01/09/2016,5.745E-10,1.815E-12,2.074E-13,4.375E-14,1.187E-14,3.691E-15,1.242E-15,4.403E-16,1.637E-16,6.459E-17,2.772E-17,1.337E-17,7.411E-18,4.693E-18,3.294E-18,2.474E-18,1.935E-18,1.552E-18,1.264E-18
01/10/2016,6.423E-10,1.948E-12,2.133E-13,4.333E-14,1.135E-14,3.401E-15,1.102E-15,3.777E-16,1.371E-16,5.386E-17,2.374E-17,1.213E-17,7.223E-18,4.864E-18,3.555E-18,2.726E-18,2.15E-18,1.725E-18,1.401E-18
01/11/2016,7.124E-10,1.908E-12,2.024E-13,3.98E-14,1.013E-14,2.964E-15,9.394E-16,3.158E-16,1.132E-16,4.441E-17,1.987E-17,1.044E-17,6.409E-18,4.417E-18,3.273E-18,2.527E-18,1.999E-18,1.606E-18,1.305E-18
01/12/2016,7.96E-10,1.692E-12,1.694E-13,3.107E-14,7.446E-15,2.067E-15,6.246E-16,2.01E-16,6.956E-17,2.678E-17,1.203E-17,6.482E-18,4.101E-18,2.896E-18,2.181E-18,1.702E-18,1.358E-18,1.099E-18,9E-19
01/01/2017,7.375E-10,1.633E-12,1.68E-13,3.115E-14,7.519E-15,2.103E-15,6.401E-16,2.073E-16,7.182E-17,2.748E-17,1.216E-17,6.42E-18,3.998E-18,2.799E-18,2.103E-18,1.644E-18,1.315E-18,1.07E-18,8.805E-19
01/02/2017,6.934E-10,1.686E-12,1.801E-13,3.487E-14,8.747E-15,2.529E-15,7.936E-16,2.639E-16,9.331E-17,3.595E-17,1.573E-17,8.089E-18,4.891E-18,3.35E-18,2.483E-18,1.926E-18,1.535E-18,1.244E-18,1.021E-18
01/03/2017,6.719E-10,1.817E-12,2.003E-13,4.07E-14,1.066E-14,3.2E-15,1.038E-15,3.562E-16,1.293E-16,5.076E-17,2.232E-17,1.137E-17,6.757E-18,4.548E-18,3.327E-18,2.557E-18,2.023E-18,1.629E-18,1.328E-18
01/04/2017,6.941E-10,1.853E-12,2.008E-13,4.078E-14,1.07E-14,3.212E-15,1.042E-15,3.575E-16,1.302E-16,5.149E-17,2.295E-17,1.19E-17,7.18E-18,4.884E-18,3.591E-18,2.764E-18,2.185E-18,1.756E-18,1.427E-18
01/05/2017,7.029E-10,1.716E-12,1.746E-13,3.283E-14,8.017E-15,2.251E-15,6.852E-16,2.219E-16,7.733E-17,3.006E-17,1.366E-17,7.438E-18,4.739E-18,3.357E-18,2.53E-18,1.973E-18,1.571E-18,1.269E-18,1.037E-18
01/06/2017,6.379E-10,1.563E-12,1.579E-13,2.891E-14,6.895E-15,1.903E-15,5.71E-16,1.823E-16,6.248E-17,2.379E-17,1.058E-17,5.657E-18,3.571E-18,2.527E-18,1.912E-18,1.501E-18,1.206E-18,9.837E-19,8.128E-19
01/07/2017,5.806E-10,1.482E-12,1.497E-13,2.691E-14,6.311E-15,1.719E-15,5.104E-16,1.612E-16,5.453E-17,2.044E-17,8.93E-18,4.71E-18,2.953E-18,2.089E-18,1.586E-18,1.253E-18,1.014E-18,8.339E-19,6.952E-19
01/08/2017,6.181E-10,1.495E-12,1.477E-13,2.583E-14,5.899E-15,1.565E-15,4.52E-16,1.391E-16,4.606E-17,1.709E-17,7.516E-18,4.039E-18,2.582E-18,1.851E-18,1.416E-18,1.122E-18,9.097E-19,7.494E-19,6.256E-19
01/09/2017,6.028E-10,1.751E-12,1.899E-13,3.789E-14,9.773E-15,2.898E-15,9.311E-16,3.162E-16,1.134E-16,4.374E-17,1.88E-17,9.344E-18,5.431E-18,3.603E-18,2.616E-18,2.005E-18,1.586E-18,1.279E-18,1.045E-18
01/10/2017,6.028E-10,1.751E-12,1.899E-13,3.789E-14,9.773E-15,2.898E-15,9.311E-16,3.162E-16,1.134E-16,4.374E-17,1.88E-17,9.344E-18,5.431E-18,3.603E-18,2.616E-18,2.005E-18,1.586E-18,1.279E-18,1.045E-18
01/11/2017,7.694E-10,1.823E-12,1.794E-13,3.269E-14,7.772E-15,2.131E-15,6.347E-16,2.019E-16,6.965E-17,2.718E-17,1.26E-17,7.046E-18,4.588E-18,3.29E-18,2.491E-18,1.943E-18,1.544E-18,1.244E-18,1.013E-18
01/12/2017,7.587E-10,1.72E-12,1.71E-13,3.103E-14,7.36E-15,2.021E-15,6.044E-16,1.928E-16,6.649E-17,2.575E-17,1.177E-17,6.48E-18,4.176E-18,2.984E-18,2.261E-18,1.769E-18,1.413E-18,1.145E-18,9.383E-19
01/01/2018,6.327E-10,1.521E-12,1.627E-13,2.949E-14,6.899E-15,1.869E-15,5.515E-16,1.738E-16,5.927E-17,2.277E-17,1.038E-17,5.738E-18,3.724E-18,2.681E-18,2.046E-18,1.614E-18,1.299E-18,1.061E-18,8.782E-19
01/02/2018,7.941E-10,1.568E-12,1.477E-13,2.489E-14,5.51E-15,1.416E-15,3.966E-16,1.194E-16,3.955E-17,1.526E-17,7.238E-18,4.222E-18,2.859E-18,2.109E-18,1.629E-18,1.292E-18,1.044E-18,8.558E-19,7.108E-19
01/03/2018,7.744E-10,1.674E-12,1.602E-13,2.786E-14,6.328E-15,1.658E-15,4.723E-16,1.444E-16,4.859E-17,1.9E-17,9.083E-18,5.304E-18,3.579E-18,2.627E-18,2.016E-18,1.588E-18,1.273E-18,1.035E-18,8.515E-19
01/04/2018,7.547E-10,1.746E-12,1.679E-13,2.977E-14,6.882E-15,1.829E-15,5.273E-16,1.632E-16,5.564E-17,2.202E-17,1.062E-17,6.227E-18,4.2E-18,3.075E-18,2.352E-18,1.845E-18,1.471E-18,1.189E-18,9.73E-19
01/05/2018,7.224E-10,1.673E-12,1.606E-13,2.837E-14,6.548E-15,1.742E-15,5.034E-16,1.559E-16,5.292E-17,2.071E-17,9.831E-18,5.682E-18,3.803E-18,2.778E-18,2.127E-18,1.673E-18,1.339E-18,1.087E-18,8.935E-19
01/06/2018,5.78E-10,1.628E-12,1.716E-13,3.305E-14,8.267E-15,2.386E-15,7.477E-16,2.485E-16,8.785E-17,3.389E-17,1.487E-17,7.681E-18,4.665E-18,3.207E-18,2.384E-18,1.854E-18,1.48E-18,1.202E-18,9.891E-19
01/07/2018,6.34E-10,1.413E-12,1.312E-13,2.158E-14,4.681E-15,1.186E-15,3.281E-16,9.731E-17,3.158E-17,1.184E-17,5.461E-18,3.13E-18,2.112E-18,1.569E-18,1.226E-18,9.869E-19,8.102E-19,6.755E-19,5.71E-19
01/08/2018,6.159E-10,1.474E-12,1.38E-13,2.29E-14,5.007E-15,1.275E-15,3.542E-16,1.054E-16,3.428E-17,1.286E-17,5.913E-18,3.374E-18,2.265E-18,1.675E-18,1.303E-18,1.045E-18,8.543E-19,7.094E-19,5.971E-19
01/09/2018,6.635E-10,1.632E-12,1.508E-13,2.517E-14,5.52E-15,1.402E-15,3.877E-16,1.152E-16,3.781E-17,1.454E-17,6.925E-18,4.068E-18,2.77E-18,2.05E-18,1.586E-18,1.259E-18,1.017E-18,8.346E-19,6.939E-19
01/10/2018,6.837E-10,1.837E-12,1.784E-13,3.199E-14,7.484E-15,2.016E-15,5.896E-16,1.845E-16,6.299E-17,2.461E-17,1.157E-17,6.6E-18,4.368E-18,3.164E-18,2.408E-18,1.885E-18,1.501E-18,1.212E-18,9.9E-19
01/11/2018,7.526E-10,1.824E-12,1.754E-13,3.116E-14,7.244E-15,1.944E-15,5.669E-16,1.773E-16,6.072E-17,2.39E-17,1.136E-17,6.546E-18,4.361E-18,3.169E-18,2.415E-18,1.89E-18,1.504E-18,1.214E-18,9.906E-19
01/12/2018,7.642E-10,1.707E-12,1.658E-13,2.934E-14,6.803E-15,1.828E-15,5.353E-16,1.677E-16,5.723E-17,2.224E-17,1.035E-17,5.85E-18,3.852E-18,2.788E-18,2.127E-18,1.67E-18,1.337E-18,1.085E-18,8.91E-19
01/01/2019,6.599E-10,1.491E-12,1.527E-13,2.635E-14,5.903E-15,1.536E-15,4.361E-16,1.33E-16,4.45E-17,1.721E-17,8.121E-18,4.697E-18,3.161E-18,2.325E-18,1.795E-18,1.424E-18,1.151E-18,9.44E-19,7.843E-19
01/02/2019,7.301E-10,1.634E-12,1.648E-13,2.998E-14,7.11E-15,1.951E-15,5.818E-16,1.849E-16,6.33E-17,2.424E-17,1.092E-17,5.942E-18,3.802E-18,2.711E-18,2.057E-18,1.616E-18,1.296E-18,1.056E-18,8.706E-19
01/03/2019,6.982E-10,1.765E-12,1.828E-13,3.462E-14,8.496E-15,2.395E-15,7.314E-16,2.375E-16,8.289E-17,3.221E-17,1.46E-17,7.923E-18,5.033E-18,3.56E-18,2.682E-18,2.092E-18,1.667E-18,1.347E-18,1.102E-18
01/04/2019,7.39E-10,1.772E-12,1.75E-13,3.187E-14,7.545E-15,2.051E-15,6.041E-16,1.904E-16,6.551E-17,2.579E-17,1.22E-17,6.988E-18,4.633E-18,3.358E-18,2.556E-18,2E-18,1.592E-18,1.284E-18,1.048E-18
01/05/2019,6.66E-10,1.743E-12,1.76E-13,3.276E-14,7.926E-15,2.204E-15,6.645E-16,2.136E-16,7.429E-17,2.908E-17,1.345E-17,7.478E-18,4.847E-18,3.471E-18,2.63E-18,2.056E-18,1.639E-18,1.324E-18,1.083E-18
01/06/2019,6.612E-10,1.52E-12,1.439E-13,2.46E-14,5.526E-15,1.441E-15,4.094E-16,1.246E-16,4.145E-17,1.586E-17,7.378E-18,4.217E-18,2.82E-18,2.07E-18,1.599E-18,1.272E-18,1.031E-18,8.484E-19,7.073E-19
01/07/2019,6E-10,1.444E-12,1.37E-13,2.307E-14,5.113E-15,1.322E-15,3.728E-16,1.126E-16,3.7E-17,1.391E-17,6.351E-18,3.581E-18,2.383E-18,1.753E-18,1.362E-18,1.091E-18,8.924E-19,7.412E-19,6.24E-19
01/08/2019,6.069E-10,1.479E-12,1.376E-13,2.27E-14,4.936E-15,1.251E-15,3.458E-16,1.025E-16,3.332E-17,1.255E-17,5.828E-18,3.359E-18,2.272E-18,1.686E-18,1.316E-18,1.056E-18,8.642E-19,7.182E-19,6.051E-19
01/09/2019,5.521E-10,1.772E-12,1.825E-13,3.424E-14,8.337E-15,2.337E-15,7.104E-16,2.293E-16,7.93E-17,3.039E-17,1.353E-17,7.212E-18,4.526E-18,3.184E-18,2.395E-18,1.871E-18,1.496E-18,1.214E-18,9.971E-19
01/10/2019,6.72E-10,1.85E-12,1.808E-13,3.266E-14,7.693E-15,2.086E-15,6.139E-16,1.931E-16,6.619E-17,2.587E-17,1.212E-17,6.878E-18,4.533E-18,3.276E-18,2.491E-18,1.948E-18,1.551E-18,1.252E-18,1.022E-18
01/11/2019,7.677E-10,1.807E-12,1.724E-13,3.044E-14,7.04E-15,1.88E-15,5.461E-16,1.701E-16,5.809E-17,2.285E-17,1.087E-17,6.282E-18,4.194E-18,3.052E-18,2.327E-18,1.822E-18,1.451E-18,1.171E-18,9.565E-19
01/12/2019,7.863E-10,1.686E-12,1.617E-13,2.825E-14,6.474E-15,1.721E-15,4.989E-16,1.549E-16,5.254E-17,2.04E-17,9.554E-18,5.445E-18,3.61E-18,2.624E-18,2.006E-18,1.577E-18,1.263E-18,1.026E-18,8.435E-19
01/01/2020,6.752E-10,1.478E-12,1.491E-13,2.532E-14,5.594E-15,1.436E-15,4.027E-16,1.215E-16,4.041E-17,1.567E-17,7.474E-18,4.38E-18,2.975E-18,2.2E-18,1.703E-18,1.353E-18,1.095E-18,8.987E-19,7.476E-19
01/02/2020,7.828E-10,1.583E-12,1.528E-13,2.652E-14,6.028E-15,1.589E-15,4.564E-16,1.402E-16,4.698E-17,1.799E-17,8.324E-18,4.711E-18,3.118E-18,2.271E-18,1.743E-18,1.377E-18,1.109E-18,9.069E-19,7.509E-19
01/03/2020,7.71E-10,1.684E-12,1.629E-13,2.866E-14,6.58E-15,1.742E-15,5.008E-16,1.543E-16,5.215E-17,2.033E-17,9.634E-18,5.566E-18,3.726E-18,2.722E-18,2.084E-18,1.639E-18,1.312E-18,1.065E-18,8.756E-19
01/04/2020,7.474E-10,1.756E-12,1.706E-13,3.059E-14,7.146E-15,1.918E-15,5.584E-16,1.742E-16,5.964E-17,2.355E-17,1.126E-17,6.535E-18,4.376E-18,3.191E-18,2.436E-18,1.908E-18,1.521E-18,1.228E-18,1.004E-18
01/05/2020,7.035E-10,1.687E-12,1.639E-13,2.933E-14,6.848E-15,1.843E-15,5.383E-16,1.683E-16,5.748E-17,2.248E-17,1.06E-17,6.065E-18,4.029E-18,2.929E-18,2.238E-18,1.758E-18,1.406E-18,1.14E-18,9.361E-19
01/06/2020,6.421E-10,1.535E-12,1.486E-13,2.604E-14,5.98E-15,1.593E-15,4.621E-16,1.432E-16,4.817E-17,1.838E-17,8.404E-18,4.692E-18,3.077E-18,2.233E-18,1.714E-18,1.358E-18,1.098E-18,9.008E-19,7.488E-19
01/07/2020,6.176E-10,1.427E-12,1.341E-13,2.232E-14,4.894E-15,1.253E-15,3.5E-16,1.047E-16,3.419E-17,1.283E-17,5.876E-18,3.336E-18,2.233E-18,1.65E-18,1.286E-18,1.032E-18,8.459E-19,7.039E-19,5.937E-19
01/08/2020,6.341E-10,1.46E-12,1.352E-13,2.223E-14,4.824E-15,1.22E-15,3.368E-16,9.958E-17,3.224E-17,1.208E-17,5.568E-18,3.192E-18,2.153E-18,1.596E-18,1.245E-18,9.996E-19,8.185E-19,6.808E-19,5.74E-19
01/09/2020,6.006E-10,1.726E-12,1.732E-13,3.159E-14,7.499E-15,2.053E-15,6.097E-16,1.928E-16,6.569E-17,2.507E-17,1.128E-17,6.136E-18,3.927E-18,2.798E-18,2.12E-18,1.662E-18,1.33E-18,1.081E-18,8.892E-19
01/10/2020,6.74E-10,1.87E-12,1.90E-13,3.56E-14,8.69E-15,2.44E-15,7.40E-16,2.39E-16,8.32E-17,3.24E-17,1.48E-17,8.05E-18,5.14E-18,3.64E-18,2.74E-18,2.13E-18,1.69E-18,1.36E-18,1.11E-18
01/11/2020,7.26E-10,1.89E-12,1.98E-13,3.86E-14,9.71E-15,2.81E-15,8.83E-16,2.94E-16,1.05E-16,4.10E-17,1.84E-17,9.74E-18,6.03E-18,4.18E-18,3.11E-18,2.41E-18,1.91E-18,1.53E-18,1.24E-18
01/12/2020,8.03E-10,1.72E-12,1.84E-13,3.65E-14,9.43E-15,2.81E-15,9.10E-16,3.12E-16,1.13E-16,4.41E-17,1.91E-17,9.51E-18,5.53E-18,3.66E-18,2.65E-18,2.03E-18,1.60E-18,1.29E-18,1.05E-18
01/01/2021,7.98E-10,1.59E-12,1.61E-13,2.92E-14,6.92E-15,1.90E-15,5.70E-16,1.82E-16,6.22E-17,2.36E-17,1.04E-17,5.55E-18,3.48E-18,2.45E-18,1.85E-18,1.45E-18,1.16E-18,9.44E-19,7.77E-19
01/02/2021,7.87E-10,1.59E-12,1.56E-13,2.74E-14,6.29E-15,1.67E-15,4.85E-16,1.50E-16,5.04E-17,1.92E-17,8.80E-18,4.91E-18,3.22E-18,2.33E-18,1.78E-18,1.40E-18,1.13E-18,9.19E-19,7.60E-19
01/03/2021,6.93E-10,1.78E-12,1.90E-13,3.71E-14,9.37E-15,2.72E-15,8.54E-16,2.84E-16,1.01E-16,3.93E-17,1.75E-17,9.20E-18,5.67E-18,3.92E-18,2.92E-18,2.26E-18,1.80E-18,1.45E-18,1.19E-18
01/04/2021,7.33E-10,1.79E-12,1.80E-13,3.36E-14,8.13E-15,2.25E-15,6.77E-16,2.17E-16,7.53E-17,2.95E-17,1.37E-17,7.69E-18,5.01E-18,3.59E-18,2.72E-18,2.12E-18,1.69E-18,1.36E-18,1.11E-18
01/05/2021,7.03E-10,1.71E-12,1.71E-13,3.16E-14,7.58E-15,2.09E-15,6.27E-16,2.00E-16,6.91E-17,2.69E-17,1.24E-17,6.88E-18,4.46E-18,3.20E-18,2.42E-18,1.90E-18,1.51E-18,1.22E-18,1.00E-18
01/06/2021,6.76E-10,1.53E-12,1.52E-13,2.76E-14,6.52E-15,1.78E-15,5.32E-16,1.69E-16,5.74E-17,2.17E-17,9.59E-18,5.11E-18,3.22E-18,2.28E-18,1.73E-18,1.36E-18,1.09E-18,8.94E-19,7.40E-19
01/07/2021,6.12E-10,1.46E-12,1.52E-13,2.85E-14,6.96E-15,1.97E-15,6.10E-16,2.00E-16,6.93E-17,2.60E-17,1.10E-17,5.50E-18,3.24E-18,2.19E-18,1.62E-18,1.26E-18,1.02E-18,8.31E-19,6.90E-19
01/08/2021,6.27E-10,1.49E-12,1.47E-13,2.57E-14,5.89E-15,1.57E-15,4.54E-16,1.40E-16,4.65E-17,1.72E-17,7.53E-18,4.02E-18,2.56E-18,1.83E-18,1.40E-18,1.11E-18,8.96E-19,7.38E-19,6.16E-19
01/09/2021,6.56E-10,1.68E-12,1.72E-13,3.21E-14,7.77E-15,2.17E-15,6.58E-16,2.12E-16,7.26E-17,2.75E-17,1.20E-17,6.25E-18,3.85E-18,2.68E-18,2.01E-18,1.56E-18,1.25E-18,1.01E-18,8.29E-19
01/10/2021,6.61E-10,1.93E-12,2.15E-13,4.45E-14,1.19E-14,3.65E-15,1.21E-15,4.22E-16,1.55E-16,6.14E-17,2.68E-17,1.34E-17,7.76E-18,5.10E-18,3.67E-18,2.79E-18,2.20E-18,1.76E-18,1.43E-18
01/11/2021,7.24E-10,1.93E-12,2.14E-13,4.47E-14,1.21E-14,3.74E-15,1.25E-15,4.44E-16,1.66E-16,6.60E-17,2.90E-17,1.44E-17,8.30E-18,5.42E-18,3.88E-18,2.94E-18,2.31E-18,1.85E-18,1.50E-18
01/12/2021,7.03E-10,1.85E-12,2.13E-13,4.53E-14,1.24E-14,3.88E-15,1.32E-15,4.73E-16,1.78E-16,7.11E-17,3.09E-17,1.51E-17,8.42E-18,5.35E-18,3.76E-18,2.82E-18,2.21E-18,1.77E-18,1.44E-18
01/01/2022,7.35E-10,1.70E-12,2.00E-13,4.26E-14,1.17E-14,3.66E-15,1.25E-15,4.49E-16,1.69E-16,6.73E-17,2.88E-17,1.37E-17,7.43E-18,4.59E-18,3.16E-18,2.34E-18,1.82E-18,1.46E-18,1.19E-18
01/02/2022,7.72E-10,1.70E-12,2.05E-13,4.55E-14,1.29E-14,4.19E-15,1.48E-15,5.47E-16,2.11E-16,8.55E-17,3.68E-17,1.72E-17,9.04E-18,5.36E-18,3.56E-18,2.57E-18,1.97E-18,1.56E-18,1.26E-18
01/03/2022,7.50E-10,1.82E-12,2.17E-13,4.72E-14,1.31E-14,4.12E-15,1.40E-15,5.03E-16,1.89E-16,7.51E-17,3.24E-17,1.56E-17,8.61E-18,5.42E-18,3.77E-18,2.82E-18,2.19E-18,1.75E-18,1.42E-18
01/04/2022,6.99E-10,2.13E-12,2.99E-13,8.02E-14,2.73E-14,1.05E-14,4.33E-15,1.87E-15,8.31E-16,3.81E-16,1.80E-16,8.78E-17,4.50E-17,2.45E-17,1.43E-17,9.09E-18,6.23E-18,4.56E-18,3.51E-18
